CREATE DATABASE  IF NOT EXISTS `tp` /*!40100 DEFAULT CHARACTER SET utf8 */;
USE `tp`;
-- MySQL dump 10.13  Distrib 5.6.17, for Win64 (x86_64)
--
-- Host: 192.168.8.240    Database: tp
-- ------------------------------------------------------
-- Server version	5.6.21-log

/*!40101 SET @OLD_CHARACTER_SET_CLIENT=@@CHARACTER_SET_CLIENT */;
/*!40101 SET @OLD_CHARACTER_SET_RESULTS=@@CHARACTER_SET_RESULTS */;
/*!40101 SET @OLD_COLLATION_CONNECTION=@@COLLATION_CONNECTION */;
/*!40101 SET NAMES utf8 */;
/*!40103 SET @OLD_TIME_ZONE=@@TIME_ZONE */;
/*!40103 SET TIME_ZONE='+00:00' */;
/*!40014 SET @OLD_UNIQUE_CHECKS=@@UNIQUE_CHECKS, UNIQUE_CHECKS=0 */;
/*!40014 SET @OLD_FOREIGN_KEY_CHECKS=@@FOREIGN_KEY_CHECKS, FOREIGN_KEY_CHECKS=0 */;
/*!40101 SET @OLD_SQL_MODE=@@SQL_MODE, SQL_MODE='NO_AUTO_VALUE_ON_ZERO' */;
/*!40111 SET @OLD_SQL_NOTES=@@SQL_NOTES, SQL_NOTES=0 */;

--
-- Table structure for table `dataitem`
--

DROP TABLE IF EXISTS `dataitem`;
/*!40101 SET @saved_cs_client     = @@character_set_client */;
/*!40101 SET character_set_client = utf8 */;
CREATE TABLE `dataitem` (
  `id` varchar(50) NOT NULL,
  `mandated` smallint(2) NOT NULL,
  `comment` varchar(450) DEFAULT NULL,
  `units` varchar(300) NOT NULL,
  `seconditem` varchar(5000) DEFAULT NULL,
  `name` varchar(150) NOT NULL,
  `deleted` smallint(2) NOT NULL DEFAULT '0',
  `tabletype` varchar(100) NOT NULL COMMENT '对应 reports表name字段',
  `time` datetime NOT NULL,
  `inputtype` smallint(2) NOT NULL COMMENT ' public enum secondItemType\n    {\n        unknown,\n        number,//\n        text,\n        date,\n        radio//单选框\n    }',
  `hassecond` smallint(2) NOT NULL,
  `statisticstype` varchar(600) NOT NULL COMMENT '  public enum StatisticsType\n    {\n        unknown,//未知\n        sum,//求和\n        average,//平均\n        collect,//汇总\n        yearoveryear,//同比\n        linkrelative,//环比\n    }',
  `defaultvalue` varchar(450) DEFAULT NULL,
  `index` int(11) NOT NULL DEFAULT '0',
  PRIMARY KEY (`id`),
  UNIQUE KEY `id_UNIQUE` (`id`)
) ENGINE=InnoDB DEFAULT CHARSET=utf8 COMMENT='//数据项存贮';
/*!40101 SET character_set_client = @saved_cs_client */;

--
-- Dumping data for table `dataitem`
--

LOCK TABLES `dataitem` WRITE;
/*!40000 ALTER TABLE `dataitem` DISABLE KEYS */;
INSERT INTO `dataitem` VALUES ('11ce75e1ffd84aa3b33e4ccf7b1f1558',0,'','[1]','[{\"secondtype\":2,\"name\":\"辖区天气\",\"StatisticsType\":[],\"units\":[1],\"Mandated\":false,\"defaultValue\":\"\",\"index\":0},{\"secondtype\":1,\"name\":\"最高气温\",\"StatisticsType\":[],\"units\":[1],\"Mandated\":false,\"defaultValue\":\"\",\"index\":0},{\"secondtype\":1,\"name\":\"最低气温\",\"StatisticsType\":[],\"units\":[1],\"Mandated\":false,\"defaultValue\":\"\",\"index\":0},{\"secondtype\":2,\"name\":\"预警事件\",\"StatisticsType\":[],\"units\":[1],\"Mandated\":false,\"defaultValue\":\"\",\"index\":0}]','交通事件统计',0,'每日点名统计汇报','2017-11-20 09:05:21',1,1,'[]','',94),('142073c5b954407ba9c2bb9956542646',0,'','[1]','','指挥调度概况',0,'每日点名统计汇报','2017-11-20 09:00:03',3,0,'[4]','无',96),('1be2b30f135c437380170dcaed4b9ca4',0,'','[1]','','汇报日期',0,'每日点名统计汇报','2017-11-20 09:07:26',4,0,'[4]','',90),('271d7581436d475e8b5d503fb06ae0e2',1,'','[1]','','道路交通设施概况',0,'每日点名统计汇报','2017-11-20 08:59:32',3,0,'[4]','无',97),('3203b543a4a643e2a026b01c63237bda',0,'','[1]','','汇报日期',0,'每日交管动态汇报','2017-11-20 08:46:51',4,0,'[4]','',90),('3810df98d4734420bcad72ac406ff125',0,'','[1]','[{\"secondtype\":2,\"name\":\"辖区天气\",\"StatisticsType\":[],\"units\":[1],\"Mandated\":false,\"defaultValue\":\"\",\"index\":0},{\"secondtype\":1,\"name\":\"最高气温\",\"StatisticsType\":[],\"units\":[1],\"Mandated\":false,\"defaultValue\":\"\",\"index\":0},{\"secondtype\":1,\"name\":\"最低气温\",\"StatisticsType\":[],\"units\":[1],\"Mandated\":false,\"defaultValue\":\"\",\"index\":0},{\"secondtype\":1,\"name\":\"预警事件\",\"StatisticsType\":[],\"units\":[1],\"Mandated\":false,\"defaultValue\":\"\",\"index\":0}]','交通事件统计',0,'每日交管动态汇报','2017-11-20 08:45:28',1,1,'[]','',94),('46b3cd6724f14d749f0fb32ad658db03',1,'','[1]','','撰写人',0,'每日交管动态汇报','2017-11-20 08:46:11',3,0,'[4]','',92),('74d54782ad50418ab79306a2b35c8a65',1,'','[1]','','撰写人',0,'每日点名统计汇报','2017-11-20 09:06:43',3,0,'[4]','',92),('7763f9f625f34c6c8d3e30f9027ee57e',1,'','[1]','','审核人',0,'每日点名统计汇报','2017-11-20 09:07:05',3,0,'[4]','',91),('7bbaf2c9bc72476db09f925503292a73',0,'','[1]','','指挥调度概况',0,'每日交管动态汇报','2017-11-20 08:42:59',3,0,'[4]','无',96),('7d190d17c6dd4e3989a7a849a1c23826',1,'','[1]','','工作动态',0,'每日点名统计汇报','2017-11-20 09:06:17',3,0,'[4]','',93),('88ae0eb8329242c09d42c7b2da0f8df3',1,'','[1]','','道路交通设施概况',0,'每日交管动态汇报','2017-11-20 08:42:25',3,0,'[4]','无',97),('9a29801655244071822a715d3dc92790',0,'此处填写警务动态','[1]','[{\"secondtype\":1,\"name\":\"出警次数\",\"StatisticsType\":[3,4,5],\"units\":[1],\"Mandated\":true,\"defaultValue\":\"0\",\"index\":0},{\"secondtype\":1,\"name\":\"警车数\",\"StatisticsType\":[3,4,5],\"units\":[1],\"Mandated\":true,\"defaultValue\":\"0\",\"index\":0},{\"secondtype\":1,\"name\":\"现场执法数\",\"StatisticsType\":[3,4,5],\"units\":[1],\"Mandated\":true,\"defaultValue\":\"0\",\"index\":0}]','勤务动态',0,'每日点名统计汇报','2017-11-20 08:57:16',1,1,'[]','',99),('9eb8073ffcaa4eb1ab74ad5f15d7e9b7',0,'','[1]','','市区路网交通运行评价',0,'每日点名统计汇报','2017-11-20 09:00:45',3,0,'[4]','',95),('9f30633ef1ba44fc9c8f8f8d839ceee4',1,'','[1]','','审核人',0,'每日交管动态汇报','2017-11-20 08:46:27',3,0,'[4]','',91),('a6dba97a252a486fb22a33075ded99e9',0,'','[1]','[{\"secondtype\":1,\"name\":\"交通事故数\",\"StatisticsType\":[3,4,5],\"units\":[1],\"Mandated\":false,\"defaultValue\":\"\",\"index\":0},{\"secondtype\":1,\"name\":\"受伤事故数\",\"StatisticsType\":[3,4,5],\"units\":[1],\"Mandated\":false,\"defaultValue\":\"\",\"index\":0},{\"secondtype\":1,\"name\":\"受伤人数\",\"StatisticsType\":[3,4,5],\"units\":[1],\"Mandated\":false,\"defaultValue\":\"\",\"index\":0},{\"secondtype\":1,\"name\":\"死亡事故数\",\"StatisticsType\":[3,4,5],\"units\":[1],\"Mandated\":false,\"defaultValue\":\"\",\"index\":0},{\"secondtype\":1,\"name\":\"死亡人数\",\"StatisticsType\":[3,4,5],\"units\":[1],\"Mandated\":false,\"defaultValue\":\"\",\"index\":0}]','交通事故概况',0,'每日交管动态汇报','2017-11-20 08:41:55',1,1,'[]','',98),('c3f3f2f43a3c491989fd99fe4830eeca',0,'','[1]','','市区路网交通运行评价',0,'每日交管动态汇报','2017-11-20 08:44:13',3,0,'[4]','',95),('c994bab56ca94413b8f8c09a99549a02',0,'此处填写警务动态','[1]','[{\"secondtype\":1,\"name\":\"出警次数\",\"StatisticsType\":[3,4,5],\"units\":[1],\"Mandated\":true,\"defaultValue\":\"0\",\"index\":0},{\"secondtype\":1,\"name\":\"警车数\",\"StatisticsType\":[3,4,5],\"units\":[1],\"Mandated\":true,\"defaultValue\":\"0\",\"index\":0},{\"secondtype\":1,\"name\":\"现场执法数\",\"StatisticsType\":[3,4,5],\"units\":[1],\"Mandated\":true,\"defaultValue\":\"0\",\"index\":0}]','勤务动态',0,'每日交管动态汇报','2017-11-20 08:39:04',1,1,'[]','',99),('cd7c4a29b69d4856819129f58419c4d3',1,'','[1]','','工作动态',0,'每日交管动态汇报','2017-11-20 08:45:53',3,0,'[4]','',93),('ec3f3576a6d7404a80ffb650a04b3dc5',0,'','[1]','[{\"secondtype\":1,\"name\":\"交通事故数\",\"StatisticsType\":[3,4,5],\"units\":[1],\"Mandated\":false,\"defaultValue\":\"0\",\"index\":0},{\"secondtype\":1,\"name\":\"受伤事故数\",\"StatisticsType\":[3,4,5],\"units\":[1],\"Mandated\":false,\"defaultValue\":\"0\",\"index\":0},{\"secondtype\":1,\"name\":\"受伤人数\",\"StatisticsType\":[3,4,5],\"units\":[1],\"Mandated\":false,\"defaultValue\":\"0\",\"index\":0},{\"secondtype\":1,\"name\":\"死亡事故数\",\"StatisticsType\":[3,4,5],\"units\":[1],\"Mandated\":false,\"defaultValue\":\"0\",\"index\":0},{\"secondtype\":1,\"name\":\"死亡人数\",\"StatisticsType\":[3,4,5],\"units\":[1],\"Mandated\":false,\"defaultValue\":\"0\",\"index\":0}]','交通事故概况',0,'每日点名统计汇报','2017-11-20 08:58:49',1,1,'[]','',98);
/*!40000 ALTER TABLE `dataitem` ENABLE KEYS */;
UNLOCK TABLES;

--
-- Table structure for table `moban`
--

DROP TABLE IF EXISTS `moban`;
/*!40101 SET @saved_cs_client     = @@character_set_client */;
/*!40101 SET character_set_client = utf8 */;
CREATE TABLE `moban` (
  `name` varchar(150) NOT NULL,
  `comment` varchar(450) NOT NULL,
  `filename` varchar(450) NOT NULL,
  `tabletype` varchar(100) NOT NULL,
  `time` datetime NOT NULL,
  `deleted` smallint(2) NOT NULL DEFAULT '0' COMMENT '1-删除',
  PRIMARY KEY (`name`),
  UNIQUE KEY `name_UNIQUE` (`name`)
) ENGINE=InnoDB DEFAULT CHARSET=utf8 COMMENT='//word模板存贮';
/*!40101 SET character_set_client = @saved_cs_client */;

--
-- Dumping data for table `moban`
--

LOCK TABLES `moban` WRITE;
/*!40000 ALTER TABLE `moban` DISABLE KEYS */;
INSERT INTO `moban` VALUES ('每日交管动态汇报','','每日交管动态汇报20171120102657.doc','每日交管动态汇报','2017-11-20 10:26:58',0),('每日点名统计汇报','','每日点名统计汇报20171120090751.doc','每日点名统计汇报','2017-11-20 09:07:52',0);
/*!40000 ALTER TABLE `moban` ENABLE KEYS */;
UNLOCK TABLES;

--
-- Table structure for table `reportlog`
--

DROP TABLE IF EXISTS `reportlog`;
/*!40101 SET @saved_cs_client     = @@character_set_client */;
/*!40101 SET character_set_client = utf8 */;
CREATE TABLE `reportlog` (
  `date` varchar(10) NOT NULL,
  `unitid` varchar(50) NOT NULL,
  `content` varchar(4500) NOT NULL,
  `draft` smallint(2) NOT NULL DEFAULT '1' COMMENT '1-草稿，0-提交，2-拒绝，3-同意',
  `time` datetime NOT NULL,
  `declinereason` varchar(450) DEFAULT NULL,
  PRIMARY KEY (`date`,`unitid`),
  UNIQUE KEY `date_UNIQUE` (`date`),
  KEY `reportlogunitid_idx` (`unitid`),
  CONSTRAINT `reportlogunitid` FOREIGN KEY (`unitid`) REFERENCES `unit` (`id`) ON DELETE NO ACTION ON UPDATE NO ACTION
) ENGINE=InnoDB DEFAULT CHARSET=utf8;
/*!40101 SET character_set_client = @saved_cs_client */;

--
-- Dumping data for table `reportlog`
--

LOCK TABLES `reportlog` WRITE;
/*!40000 ALTER TABLE `reportlog` DISABLE KEYS */;
/*!40000 ALTER TABLE `reportlog` ENABLE KEYS */;
UNLOCK TABLES;

--
-- Table structure for table `reports`
--

DROP TABLE IF EXISTS `reports`;
/*!40101 SET @saved_cs_client     = @@character_set_client */;
/*!40101 SET character_set_client = utf8 */;
CREATE TABLE `reports` (
  `name` varchar(100) NOT NULL,
  `comment` varchar(600) DEFAULT NULL,
  `type` varchar(100) NOT NULL,
  `units` varchar(600) NOT NULL,
  PRIMARY KEY (`name`),
  UNIQUE KEY `name_UNIQUE` (`name`)
) ENGINE=InnoDB DEFAULT CHARSET=utf8 COMMENT='//报表种类存贮';
/*!40101 SET character_set_client = @saved_cs_client */;

--
-- Dumping data for table `reports`
--

LOCK TABLES `reports` WRITE;
/*!40000 ALTER TABLE `reports` DISABLE KEYS */;
INSERT INTO `reports` VALUES ('每日交管动态汇报','','four','[1]'),('每日点名统计汇报','','nine','[1]');
/*!40000 ALTER TABLE `reports` ENABLE KEYS */;
UNLOCK TABLES;

--
-- Table structure for table `reportsdata`
--

DROP TABLE IF EXISTS `reportsdata`;
/*!40101 SET @saved_cs_client     = @@character_set_client */;
/*!40101 SET character_set_client = utf8 */;
CREATE TABLE `reportsdata` (
  `date` varchar(10) NOT NULL,
  `unitid` varchar(50) NOT NULL,
  `content` varchar(20000) NOT NULL,
  `draft` smallint(2) NOT NULL COMMENT '1-草稿，0-提交，2-拒绝，3-同意,4;//签到\n//1--草稿，0-正式提交,2-退回\n-----1-草稿，0-提交到网站，2-保存word文档到本地，3-待定',
  `time` datetime NOT NULL,
  `comment` varchar(450) DEFAULT NULL,
  `signtype` smallint(2) NOT NULL DEFAULT '0',
  `declinereason` varchar(450) DEFAULT NULL,
  `submittime` datetime NOT NULL,
  `rname` varchar(100) NOT NULL,
  PRIMARY KEY (`date`,`unitid`,`rname`),
  KEY `reportsdataunitid_idx` (`unitid`)
) ENGINE=InnoDB DEFAULT CHARSET=utf8 COMMENT='//每日上报数据，包括草稿和提交，';
/*!40101 SET character_set_client = @saved_cs_client */;

--
-- Dumping data for table `reportsdata`
--

LOCK TABLES `reportsdata` WRITE;
/*!40000 ALTER TABLE `reportsdata` DISABLE KEYS */;
INSERT INTO `reportsdata` VALUES ('2017-11-19','fushan','{\"date\":\"2017-11-19\",\"reportname\":\"每日交管动态汇报\",\"datalist\":[{\"Content\":\"\",\"secondlist\":[],\"hasSecondItems\":false,\"Name\":\"汇报日期\",\"Mandated\":false,\"Deleted\":false,\"Comment\":\"\",\"units\":[1],\"inputtype\":4,\"StatisticsType\":[4],\"defaultValue\":\"\",\"tabletype\":\"每日交管动态汇报\",\"index\":90},{\"Content\":\"\",\"secondlist\":[{\"data\":\"1\",\"secondtype\":2,\"name\":\"辖区天气\",\"StatisticsType\":[],\"units\":[1],\"Mandated\":false,\"defaultValue\":\"1\",\"index\":0},{\"data\":\"1\",\"secondtype\":1,\"name\":\"最高气温\",\"StatisticsType\":[],\"units\":[1],\"Mandated\":false,\"defaultValue\":\"1\",\"index\":0},{\"data\":\"1\",\"secondtype\":1,\"name\":\"最低气温\",\"StatisticsType\":[],\"units\":[1],\"Mandated\":false,\"defaultValue\":\"1\",\"index\":0},{\"data\":\"1\",\"secondtype\":1,\"name\":\"预警事件\",\"StatisticsType\":[],\"units\":[1],\"Mandated\":false,\"defaultValue\":\"1\",\"index\":0}],\"hasSecondItems\":true,\"Name\":\"交通事件统计\",\"Mandated\":false,\"Deleted\":false,\"Comment\":\"\",\"units\":[1],\"inputtype\":1,\"StatisticsType\":[],\"defaultValue\":\"\",\"tabletype\":\"每日交管动态汇报\",\"index\":94},{\"Content\":\"1\",\"secondlist\":[],\"hasSecondItems\":false,\"Name\":\"撰写人\",\"Mandated\":true,\"Deleted\":false,\"Comment\":\"\",\"units\":[1],\"inputtype\":3,\"StatisticsType\":[4],\"defaultValue\":\"1\",\"tabletype\":\"每日交管动态汇报\",\"index\":92},{\"Content\":\"无\",\"secondlist\":[],\"hasSecondItems\":false,\"Name\":\"指挥调度概况\",\"Mandated\":false,\"Deleted\":false,\"Comment\":\"\",\"units\":[1],\"inputtype\":3,\"StatisticsType\":[4],\"defaultValue\":\"无\",\"tabletype\":\"每日交管动态汇报\",\"index\":96},{\"Content\":\"无\",\"secondlist\":[],\"hasSecondItems\":false,\"Name\":\"道路交通设施概况\",\"Mandated\":true,\"Deleted\":false,\"Comment\":\"\",\"units\":[1],\"inputtype\":3,\"StatisticsType\":[4],\"defaultValue\":\"无\",\"tabletype\":\"每日交管动态汇报\",\"index\":97},{\"Content\":\"1\",\"secondlist\":[],\"hasSecondItems\":false,\"Name\":\"审核人\",\"Mandated\":true,\"Deleted\":false,\"Comment\":\"\",\"units\":[1],\"inputtype\":3,\"StatisticsType\":[4],\"defaultValue\":\"1\",\"tabletype\":\"每日交管动态汇报\",\"index\":91},{\"Content\":\"\",\"secondlist\":[{\"data\":\"1\",\"secondtype\":1,\"name\":\"交通事故数\",\"StatisticsType\":[3,4,5],\"units\":[1],\"Mandated\":false,\"defaultValue\":\"1\",\"index\":0},{\"data\":\"1\",\"secondtype\":1,\"name\":\"受伤事故数\",\"StatisticsType\":[3,4,5],\"units\":[1],\"Mandated\":false,\"defaultValue\":\"1\",\"index\":0},{\"data\":\"1\",\"secondtype\":1,\"name\":\"受伤人数\",\"StatisticsType\":[3,4,5],\"units\":[1],\"Mandated\":false,\"defaultValue\":\"1\",\"index\":0},{\"data\":\"1\",\"secondtype\":1,\"name\":\"死亡事故数\",\"StatisticsType\":[3,4,5],\"units\":[1],\"Mandated\":false,\"defaultValue\":\"1\",\"index\":0},{\"data\":\"1\",\"secondtype\":1,\"name\":\"死亡人数\",\"StatisticsType\":[3,4,5],\"units\":[1],\"Mandated\":false,\"defaultValue\":\"1\",\"index\":0}],\"hasSecondItems\":true,\"Name\":\"交通事故概况\",\"Mandated\":false,\"Deleted\":false,\"Comment\":\"\",\"units\":[1],\"inputtype\":1,\"StatisticsType\":[],\"defaultValue\":\"\",\"tabletype\":\"每日交管动态汇报\",\"index\":98},{\"Content\":\"1\",\"secondlist\":[],\"hasSecondItems\":false,\"Name\":\"市区路网交通运行评价\",\"Mandated\":false,\"Deleted\":false,\"Comment\":\"\",\"units\":[1],\"inputtype\":3,\"StatisticsType\":[4],\"defaultValue\":\"1\",\"tabletype\":\"每日交管动态汇报\",\"index\":95},{\"Content\":\"\",\"secondlist\":[{\"data\":\"5\",\"secondtype\":1,\"name\":\"出警次数\",\"StatisticsType\":[3,4,5],\"units\":[1],\"Mandated\":true,\"defaultValue\":\"5\",\"index\":0},{\"data\":\"1\",\"secondtype\":1,\"name\":\"警车数\",\"StatisticsType\":[3,4,5],\"units\":[1],\"Mandated\":true,\"defaultValue\":\"1\",\"index\":0},{\"data\":\"1\",\"secondtype\":1,\"name\":\"现场执法数\",\"StatisticsType\":[3,4,5],\"units\":[1],\"Mandated\":true,\"defaultValue\":\"1\",\"index\":0}],\"hasSecondItems\":true,\"Name\":\"勤务动态\",\"Mandated\":false,\"Deleted\":false,\"Comment\":\"此处填写警务动态\",\"units\":[1],\"inputtype\":1,\"StatisticsType\":[],\"defaultValue\":\"\",\"tabletype\":\"每日交管动态汇报\",\"index\":99},{\"Content\":\"1\",\"secondlist\":[],\"hasSecondItems\":false,\"Name\":\"工作动态\",\"Mandated\":true,\"Deleted\":false,\"Comment\":\"\",\"units\":[1],\"inputtype\":3,\"StatisticsType\":[4],\"defaultValue\":\"1\",\"tabletype\":\"每日交管动态汇报\",\"index\":93}],\"draft\":1}',1,'2017-11-20 11:49:38',NULL,0,NULL,'2017-11-20 11:49:38','每日交管动态汇报'),('2017-11-20','changdao','{\"date\":\"2017-11-20\",\"reportname\":\"每日交管动态汇报\",\"datalist\":[{\"Content\":\"\",\"secondlist\":[],\"hasSecondItems\":false,\"Name\":\"汇报日期\",\"Mandated\":false,\"Deleted\":false,\"Comment\":\"\",\"units\":[1],\"inputtype\":4,\"StatisticsType\":[4],\"defaultValue\":\"\",\"tabletype\":\"每日交管动态汇报\",\"index\":90},{\"Content\":\"\",\"secondlist\":[{\"data\":\"晴\",\"secondtype\":2,\"name\":\"辖区天气\",\"StatisticsType\":[],\"units\":[1],\"Mandated\":false,\"defaultValue\":\"晴\",\"index\":0},{\"data\":\"12\",\"secondtype\":1,\"name\":\"最高气温\",\"StatisticsType\":[],\"units\":[1],\"Mandated\":false,\"defaultValue\":\"12\",\"index\":0},{\"data\":\"5\",\"secondtype\":1,\"name\":\"最低气温\",\"StatisticsType\":[],\"units\":[1],\"Mandated\":false,\"defaultValue\":\"5\",\"index\":0},{\"data\":\"1\",\"secondtype\":1,\"name\":\"预警事件\",\"StatisticsType\":[],\"units\":[1],\"Mandated\":false,\"defaultValue\":\"1\",\"index\":0}],\"hasSecondItems\":true,\"Name\":\"交通事件统计\",\"Mandated\":false,\"Deleted\":false,\"Comment\":\"\",\"units\":[1],\"inputtype\":1,\"StatisticsType\":[],\"defaultValue\":\"\",\"tabletype\":\"每日交管动态汇报\",\"index\":94},{\"Content\":\"长岛\",\"secondlist\":[],\"hasSecondItems\":false,\"Name\":\"撰写人\",\"Mandated\":true,\"Deleted\":false,\"Comment\":\"\",\"units\":[1],\"inputtype\":3,\"StatisticsType\":[4],\"defaultValue\":\"长岛\",\"tabletype\":\"每日交管动态汇报\",\"index\":92},{\"Content\":\"长岛指挥\",\"secondlist\":[],\"hasSecondItems\":false,\"Name\":\"指挥调度概况\",\"Mandated\":false,\"Deleted\":false,\"Comment\":\"\",\"units\":[1],\"inputtype\":3,\"StatisticsType\":[4],\"defaultValue\":\"长岛指挥\",\"tabletype\":\"每日交管动态汇报\",\"index\":96},{\"Content\":\"长岛良好\",\"secondlist\":[],\"hasSecondItems\":false,\"Name\":\"道路交通设施概况\",\"Mandated\":true,\"Deleted\":false,\"Comment\":\"\",\"units\":[1],\"inputtype\":3,\"StatisticsType\":[4],\"defaultValue\":\"长岛良好\",\"tabletype\":\"每日交管动态汇报\",\"index\":97},{\"Content\":\"长岛\",\"secondlist\":[],\"hasSecondItems\":false,\"Name\":\"审核人\",\"Mandated\":true,\"Deleted\":false,\"Comment\":\"\",\"units\":[1],\"inputtype\":3,\"StatisticsType\":[4],\"defaultValue\":\"长岛\",\"tabletype\":\"每日交管动态汇报\",\"index\":91},{\"Content\":\"\",\"secondlist\":[{\"data\":\"1\",\"secondtype\":1,\"name\":\"交通事故数\",\"StatisticsType\":[3,4,5],\"units\":[1],\"Mandated\":false,\"defaultValue\":\"1\",\"index\":0},{\"data\":\"1\",\"secondtype\":1,\"name\":\"受伤事故数\",\"StatisticsType\":[3,4,5],\"units\":[1],\"Mandated\":false,\"defaultValue\":\"1\",\"index\":0},{\"data\":\"1\",\"secondtype\":1,\"name\":\"受伤人数\",\"StatisticsType\":[3,4,5],\"units\":[1],\"Mandated\":false,\"defaultValue\":\"1\",\"index\":0},{\"data\":\"1\",\"secondtype\":1,\"name\":\"死亡事故数\",\"StatisticsType\":[3,4,5],\"units\":[1],\"Mandated\":false,\"defaultValue\":\"1\",\"index\":0},{\"data\":\"1\",\"secondtype\":1,\"name\":\"死亡人数\",\"StatisticsType\":[3,4,5],\"units\":[1],\"Mandated\":false,\"defaultValue\":\"1\",\"index\":0}],\"hasSecondItems\":true,\"Name\":\"交通事故概况\",\"Mandated\":false,\"Deleted\":false,\"Comment\":\"\",\"units\":[1],\"inputtype\":1,\"StatisticsType\":[],\"defaultValue\":\"\",\"tabletype\":\"每日交管动态汇报\",\"index\":98},{\"Content\":\"长岛良好\",\"secondlist\":[],\"hasSecondItems\":false,\"Name\":\"市区路网交通运行评价\",\"Mandated\":false,\"Deleted\":false,\"Comment\":\"\",\"units\":[1],\"inputtype\":3,\"StatisticsType\":[4],\"defaultValue\":\"长岛良好\",\"tabletype\":\"每日交管动态汇报\",\"index\":95},{\"Content\":\"\",\"secondlist\":[{\"data\":\"6\",\"secondtype\":1,\"name\":\"出警次数\",\"StatisticsType\":[3,4,5],\"units\":[1],\"Mandated\":true,\"defaultValue\":\"6\",\"index\":0},{\"data\":\"1\",\"secondtype\":1,\"name\":\"警车数\",\"StatisticsType\":[3,4,5],\"units\":[1],\"Mandated\":true,\"defaultValue\":\"1\",\"index\":0},{\"data\":\"1\",\"secondtype\":1,\"name\":\"现场执法数\",\"StatisticsType\":[3,4,5],\"units\":[1],\"Mandated\":true,\"defaultValue\":\"1\",\"index\":0}],\"hasSecondItems\":true,\"Name\":\"勤务动态\",\"Mandated\":false,\"Deleted\":false,\"Comment\":\"此处填写警务动态\",\"units\":[1],\"inputtype\":1,\"StatisticsType\":[],\"defaultValue\":\"\",\"tabletype\":\"每日交管动态汇报\",\"index\":99},{\"Content\":\"长岛工作\",\"secondlist\":[],\"hasSecondItems\":false,\"Name\":\"工作动态\",\"Mandated\":true,\"Deleted\":false,\"Comment\":\"\",\"units\":[1],\"inputtype\":3,\"StatisticsType\":[4],\"defaultValue\":\"长岛工作\",\"tabletype\":\"每日交管动态汇报\",\"index\":93}],\"draft\":0}',3,'2017-11-20 10:03:41',NULL,0,NULL,'2017-11-20 10:05:25','每日交管动态汇报'),('2017-11-20','changdao','{\"date\":\"2017-11-20\",\"reportname\":\"每日点名统计汇报\",\"datalist\":[{\"Content\":\"\",\"secondlist\":[{\"data\":\"晴\",\"secondtype\":2,\"name\":\"辖区天气\",\"StatisticsType\":[],\"units\":[1],\"Mandated\":false,\"defaultValue\":\"晴\",\"index\":0},{\"data\":\"12\",\"secondtype\":1,\"name\":\"最高气温\",\"StatisticsType\":[],\"units\":[1],\"Mandated\":false,\"defaultValue\":\"12\",\"index\":0},{\"data\":\"5\",\"secondtype\":1,\"name\":\"最低气温\",\"StatisticsType\":[],\"units\":[1],\"Mandated\":false,\"defaultValue\":\"5\",\"index\":0},{\"data\":\"1\",\"secondtype\":2,\"name\":\"预警事件\",\"StatisticsType\":[],\"units\":[1],\"Mandated\":false,\"defaultValue\":\"1\",\"index\":0}],\"hasSecondItems\":true,\"Name\":\"交通事件统计\",\"Mandated\":false,\"Deleted\":false,\"Comment\":\"\",\"units\":[1],\"inputtype\":1,\"StatisticsType\":[],\"defaultValue\":\"\",\"tabletype\":\"每日点名统计汇报\",\"index\":94},{\"Content\":\"蓬莱指挥\",\"secondlist\":[],\"hasSecondItems\":false,\"Name\":\"指挥调度概况\",\"Mandated\":false,\"Deleted\":false,\"Comment\":\"\",\"units\":[1],\"inputtype\":3,\"StatisticsType\":[4],\"defaultValue\":\"蓬莱指挥\",\"tabletype\":\"每日点名统计汇报\",\"index\":96},{\"Content\":\"\",\"secondlist\":[],\"hasSecondItems\":false,\"Name\":\"汇报日期\",\"Mandated\":false,\"Deleted\":false,\"Comment\":\"\",\"units\":[1],\"inputtype\":4,\"StatisticsType\":[4],\"defaultValue\":\"\",\"tabletype\":\"每日点名统计汇报\",\"index\":90},{\"Content\":\"蓬莱良好\",\"secondlist\":[],\"hasSecondItems\":false,\"Name\":\"道路交通设施概况\",\"Mandated\":true,\"Deleted\":false,\"Comment\":\"\",\"units\":[1],\"inputtype\":3,\"StatisticsType\":[4],\"defaultValue\":\"蓬莱良好\",\"tabletype\":\"每日点名统计汇报\",\"index\":97},{\"Content\":\"蓬莱\",\"secondlist\":[],\"hasSecondItems\":false,\"Name\":\"撰写人\",\"Mandated\":true,\"Deleted\":false,\"Comment\":\"\",\"units\":[1],\"inputtype\":3,\"StatisticsType\":[4],\"defaultValue\":\"蓬莱\",\"tabletype\":\"每日点名统计汇报\",\"index\":92},{\"Content\":\"蓬莱\",\"secondlist\":[],\"hasSecondItems\":false,\"Name\":\"审核人\",\"Mandated\":true,\"Deleted\":false,\"Comment\":\"\",\"units\":[1],\"inputtype\":3,\"StatisticsType\":[4],\"defaultValue\":\"蓬莱\",\"tabletype\":\"每日点名统计汇报\",\"index\":91},{\"Content\":\"蓬莱工作\",\"secondlist\":[],\"hasSecondItems\":false,\"Name\":\"工作动态\",\"Mandated\":true,\"Deleted\":false,\"Comment\":\"\",\"units\":[1],\"inputtype\":3,\"StatisticsType\":[4],\"defaultValue\":\"蓬莱工作\",\"tabletype\":\"每日点名统计汇报\",\"index\":93},{\"Content\":\"\",\"secondlist\":[{\"data\":\"5\",\"secondtype\":1,\"name\":\"出警次数\",\"StatisticsType\":[3,4,5],\"units\":[1],\"Mandated\":true,\"defaultValue\":\"5\",\"index\":0},{\"data\":\"1\",\"secondtype\":1,\"name\":\"警车数\",\"StatisticsType\":[3,4,5],\"units\":[1],\"Mandated\":true,\"defaultValue\":\"1\",\"index\":0},{\"data\":\"1\",\"secondtype\":1,\"name\":\"现场执法数\",\"StatisticsType\":[3,4,5],\"units\":[1],\"Mandated\":true,\"defaultValue\":\"1\",\"index\":0}],\"hasSecondItems\":true,\"Name\":\"勤务动态\",\"Mandated\":false,\"Deleted\":false,\"Comment\":\"此处填写警务动态\",\"units\":[1],\"inputtype\":1,\"StatisticsType\":[],\"defaultValue\":\"\",\"tabletype\":\"每日点名统计汇报\",\"index\":99},{\"Content\":\"蓬莱良好\",\"secondlist\":[],\"hasSecondItems\":false,\"Name\":\"市区路网交通运行评价\",\"Mandated\":false,\"Deleted\":false,\"Comment\":\"\",\"units\":[1],\"inputtype\":3,\"StatisticsType\":[4],\"defaultValue\":\"蓬莱良好\",\"tabletype\":\"每日点名统计汇报\",\"index\":95},{\"Content\":\"\",\"secondlist\":[{\"data\":\"1\",\"secondtype\":1,\"name\":\"交通事故数\",\"StatisticsType\":[3,4,5],\"units\":[1],\"Mandated\":false,\"defaultValue\":\"1\",\"index\":0},{\"data\":\"1\",\"secondtype\":1,\"name\":\"受伤事故数\",\"StatisticsType\":[3,4,5],\"units\":[1],\"Mandated\":false,\"defaultValue\":\"1\",\"index\":0},{\"data\":\"1\",\"secondtype\":1,\"name\":\"受伤人数\",\"StatisticsType\":[3,4,5],\"units\":[1],\"Mandated\":false,\"defaultValue\":\"1\",\"index\":0},{\"data\":\"1\",\"secondtype\":1,\"name\":\"死亡事故数\",\"StatisticsType\":[3,4,5],\"units\":[1],\"Mandated\":false,\"defaultValue\":\"1\",\"index\":0},{\"data\":\"1\",\"secondtype\":1,\"name\":\"死亡人数\",\"StatisticsType\":[3,4,5],\"units\":[1],\"Mandated\":false,\"defaultValue\":\"1\",\"index\":0}],\"hasSecondItems\":true,\"Name\":\"交通事故概况\",\"Mandated\":false,\"Deleted\":false,\"Comment\":\"\",\"units\":[1],\"inputtype\":1,\"StatisticsType\":[],\"defaultValue\":\"\",\"tabletype\":\"每日点名统计汇报\",\"index\":98}],\"draft\":0}',4,'2017-11-20 09:23:15','',3,NULL,'2017-11-20 09:23:15','每日点名统计汇报'),('2017-11-20','four','{\"date\":\"2017-11-20\",\"reportname\":\"每日交管动态汇报\",\"datalist\":[{\"Content\":\"\",\"secondlist\":[],\"hasSecondItems\":false,\"Name\":\"汇报日期\",\"Mandated\":false,\"Deleted\":false,\"Comment\":\"\",\"units\":[1],\"inputtype\":4,\"StatisticsType\":[4],\"defaultValue\":\"\",\"tabletype\":\"每日交管动态汇报\",\"index\":90},{\"Content\":\"\",\"secondlist\":[{\"data\":\"晴\",\"secondtype\":2,\"name\":\"辖区天气\",\"StatisticsType\":[],\"units\":[1],\"Mandated\":false,\"defaultValue\":\"晴\",\"index\":0},{\"data\":\"12\",\"secondtype\":1,\"name\":\"最高气温\",\"StatisticsType\":[],\"units\":[1],\"Mandated\":false,\"defaultValue\":\"12\",\"index\":0},{\"data\":\"5\",\"secondtype\":1,\"name\":\"最低气温\",\"StatisticsType\":[],\"units\":[1],\"Mandated\":false,\"defaultValue\":\"5\",\"index\":0},{\"data\":\"1\",\"secondtype\":1,\"name\":\"预警事件\",\"StatisticsType\":[],\"units\":[1],\"Mandated\":false,\"defaultValue\":\"1\",\"index\":0}],\"hasSecondItems\":true,\"Name\":\"交通事件统计\",\"Mandated\":false,\"Deleted\":false,\"Comment\":\"\",\"units\":[1],\"inputtype\":1,\"StatisticsType\":[],\"defaultValue\":\"\",\"tabletype\":\"每日交管动态汇报\",\"index\":94},{\"Content\":\"四大队\",\"secondlist\":[],\"hasSecondItems\":false,\"Name\":\"撰写人\",\"Mandated\":true,\"Deleted\":false,\"Comment\":\"\",\"units\":[1],\"inputtype\":3,\"StatisticsType\":[4],\"defaultValue\":\"四大队\",\"tabletype\":\"每日交管动态汇报\",\"index\":92},{\"Content\":\"四大队指挥\",\"secondlist\":[],\"hasSecondItems\":false,\"Name\":\"指挥调度概况\",\"Mandated\":false,\"Deleted\":false,\"Comment\":\"\",\"units\":[1],\"inputtype\":3,\"StatisticsType\":[4],\"defaultValue\":\"四大队指挥\",\"tabletype\":\"每日交管动态汇报\",\"index\":96},{\"Content\":\"四大队两个号\",\"secondlist\":[],\"hasSecondItems\":false,\"Name\":\"道路交通设施概况\",\"Mandated\":true,\"Deleted\":false,\"Comment\":\"\",\"units\":[1],\"inputtype\":3,\"StatisticsType\":[4],\"defaultValue\":\"四大队两个号\",\"tabletype\":\"每日交管动态汇报\",\"index\":97},{\"Content\":\"四大队\",\"secondlist\":[],\"hasSecondItems\":false,\"Name\":\"审核人\",\"Mandated\":true,\"Deleted\":false,\"Comment\":\"\",\"units\":[1],\"inputtype\":3,\"StatisticsType\":[4],\"defaultValue\":\"四大队\",\"tabletype\":\"每日交管动态汇报\",\"index\":91},{\"Content\":\"\",\"secondlist\":[{\"data\":\"1\",\"secondtype\":1,\"name\":\"交通事故数\",\"StatisticsType\":[3,4,5],\"units\":[1],\"Mandated\":false,\"defaultValue\":\"1\",\"index\":0},{\"data\":\"1\",\"secondtype\":1,\"name\":\"受伤事故数\",\"StatisticsType\":[3,4,5],\"units\":[1],\"Mandated\":false,\"defaultValue\":\"1\",\"index\":0},{\"data\":\"1\",\"secondtype\":1,\"name\":\"受伤人数\",\"StatisticsType\":[3,4,5],\"units\":[1],\"Mandated\":false,\"defaultValue\":\"1\",\"index\":0},{\"data\":\"1\",\"secondtype\":1,\"name\":\"死亡事故数\",\"StatisticsType\":[3,4,5],\"units\":[1],\"Mandated\":false,\"defaultValue\":\"1\",\"index\":0},{\"data\":\"1\",\"secondtype\":1,\"name\":\"死亡人数\",\"StatisticsType\":[3,4,5],\"units\":[1],\"Mandated\":false,\"defaultValue\":\"1\",\"index\":0}],\"hasSecondItems\":true,\"Name\":\"交通事故概况\",\"Mandated\":false,\"Deleted\":false,\"Comment\":\"\",\"units\":[1],\"inputtype\":1,\"StatisticsType\":[],\"defaultValue\":\"\",\"tabletype\":\"每日交管动态汇报\",\"index\":98},{\"Content\":\"四大队良好\",\"secondlist\":[],\"hasSecondItems\":false,\"Name\":\"市区路网交通运行评价\",\"Mandated\":false,\"Deleted\":false,\"Comment\":\"\",\"units\":[1],\"inputtype\":3,\"StatisticsType\":[4],\"defaultValue\":\"四大队良好\",\"tabletype\":\"每日交管动态汇报\",\"index\":95},{\"Content\":\"\",\"secondlist\":[{\"data\":\"6\",\"secondtype\":1,\"name\":\"出警次数\",\"StatisticsType\":[3,4,5],\"units\":[1],\"Mandated\":true,\"defaultValue\":\"6\",\"index\":0},{\"data\":\"1\",\"secondtype\":1,\"name\":\"警车数\",\"StatisticsType\":[3,4,5],\"units\":[1],\"Mandated\":true,\"defaultValue\":\"1\",\"index\":0},{\"data\":\"1\",\"secondtype\":1,\"name\":\"现场执法数\",\"StatisticsType\":[3,4,5],\"units\":[1],\"Mandated\":true,\"defaultValue\":\"1\",\"index\":0}],\"hasSecondItems\":true,\"Name\":\"勤务动态\",\"Mandated\":false,\"Deleted\":false,\"Comment\":\"此处填写警务动态\",\"units\":[1],\"inputtype\":1,\"StatisticsType\":[],\"defaultValue\":\"\",\"tabletype\":\"每日交管动态汇报\",\"index\":99},{\"Content\":\"四大队工作\",\"secondlist\":[],\"hasSecondItems\":false,\"Name\":\"工作动态\",\"Mandated\":true,\"Deleted\":false,\"Comment\":\"\",\"units\":[1],\"inputtype\":3,\"StatisticsType\":[4],\"defaultValue\":\"四大队工作\",\"tabletype\":\"每日交管动态汇报\",\"index\":93}],\"draft\":0}',3,'2017-11-20 10:12:28',NULL,0,NULL,'2017-11-20 10:12:28','每日交管动态汇报'),('2017-11-20','four','{\"date\":\"2017-11-20\",\"reportname\":\"每日点名统计汇报\",\"datalist\":[{\"Content\":\"\",\"secondlist\":[{\"data\":\"晴\",\"secondtype\":2,\"name\":\"辖区天气\",\"StatisticsType\":[],\"units\":[1],\"Mandated\":false,\"defaultValue\":\"晴\",\"index\":0},{\"data\":\"12\",\"secondtype\":1,\"name\":\"最高气温\",\"StatisticsType\":[],\"units\":[1],\"Mandated\":false,\"defaultValue\":\"12\",\"index\":0},{\"data\":\"5\",\"secondtype\":1,\"name\":\"最低气温\",\"StatisticsType\":[],\"units\":[1],\"Mandated\":false,\"defaultValue\":\"5\",\"index\":0},{\"data\":\"1\",\"secondtype\":2,\"name\":\"预警事件\",\"StatisticsType\":[],\"units\":[1],\"Mandated\":false,\"defaultValue\":\"1\",\"index\":0}],\"hasSecondItems\":true,\"Name\":\"交通事件统计\",\"Mandated\":false,\"Deleted\":false,\"Comment\":\"\",\"units\":[1],\"inputtype\":1,\"StatisticsType\":[],\"defaultValue\":\"\",\"tabletype\":\"每日点名统计汇报\",\"index\":94},{\"Content\":\"四大队指挥\",\"secondlist\":[],\"hasSecondItems\":false,\"Name\":\"指挥调度概况\",\"Mandated\":false,\"Deleted\":false,\"Comment\":\"\",\"units\":[1],\"inputtype\":3,\"StatisticsType\":[4],\"defaultValue\":\"四大队指挥\",\"tabletype\":\"每日点名统计汇报\",\"index\":96},{\"Content\":\"\",\"secondlist\":[],\"hasSecondItems\":false,\"Name\":\"汇报日期\",\"Mandated\":false,\"Deleted\":false,\"Comment\":\"\",\"units\":[1],\"inputtype\":4,\"StatisticsType\":[4],\"defaultValue\":\"\",\"tabletype\":\"每日点名统计汇报\",\"index\":90},{\"Content\":\"四大队良好\",\"secondlist\":[],\"hasSecondItems\":false,\"Name\":\"道路交通设施概况\",\"Mandated\":true,\"Deleted\":false,\"Comment\":\"\",\"units\":[1],\"inputtype\":3,\"StatisticsType\":[4],\"defaultValue\":\"四大队良好\",\"tabletype\":\"每日点名统计汇报\",\"index\":97},{\"Content\":\"四大队\",\"secondlist\":[],\"hasSecondItems\":false,\"Name\":\"撰写人\",\"Mandated\":true,\"Deleted\":false,\"Comment\":\"\",\"units\":[1],\"inputtype\":3,\"StatisticsType\":[4],\"defaultValue\":\"四大队\",\"tabletype\":\"每日点名统计汇报\",\"index\":92},{\"Content\":\"四大队\",\"secondlist\":[],\"hasSecondItems\":false,\"Name\":\"审核人\",\"Mandated\":true,\"Deleted\":false,\"Comment\":\"\",\"units\":[1],\"inputtype\":3,\"StatisticsType\":[4],\"defaultValue\":\"四大队\",\"tabletype\":\"每日点名统计汇报\",\"index\":91},{\"Content\":\"四大队工作\",\"secondlist\":[],\"hasSecondItems\":false,\"Name\":\"工作动态\",\"Mandated\":true,\"Deleted\":false,\"Comment\":\"\",\"units\":[1],\"inputtype\":3,\"StatisticsType\":[4],\"defaultValue\":\"四大队工作\",\"tabletype\":\"每日点名统计汇报\",\"index\":93},{\"Content\":\"\",\"secondlist\":[{\"data\":\"5\",\"secondtype\":1,\"name\":\"出警次数\",\"StatisticsType\":[3,4,5],\"units\":[1],\"Mandated\":true,\"defaultValue\":\"5\",\"index\":0},{\"data\":\"1\",\"secondtype\":1,\"name\":\"警车数\",\"StatisticsType\":[3,4,5],\"units\":[1],\"Mandated\":true,\"defaultValue\":\"1\",\"index\":0},{\"data\":\"1\",\"secondtype\":1,\"name\":\"现场执法数\",\"StatisticsType\":[3,4,5],\"units\":[1],\"Mandated\":true,\"defaultValue\":\"1\",\"index\":0}],\"hasSecondItems\":true,\"Name\":\"勤务动态\",\"Mandated\":false,\"Deleted\":false,\"Comment\":\"此处填写警务动态\",\"units\":[1],\"inputtype\":1,\"StatisticsType\":[],\"defaultValue\":\"\",\"tabletype\":\"每日点名统计汇报\",\"index\":99},{\"Content\":\"四大队良好\",\"secondlist\":[],\"hasSecondItems\":false,\"Name\":\"市区路网交通运行评价\",\"Mandated\":false,\"Deleted\":false,\"Comment\":\"\",\"units\":[1],\"inputtype\":3,\"StatisticsType\":[4],\"defaultValue\":\"四大队良好\",\"tabletype\":\"每日点名统计汇报\",\"index\":95},{\"Content\":\"\",\"secondlist\":[{\"data\":\"1\",\"secondtype\":1,\"name\":\"交通事故数\",\"StatisticsType\":[3,4,5],\"units\":[1],\"Mandated\":false,\"defaultValue\":\"1\",\"index\":0},{\"data\":\"1\",\"secondtype\":1,\"name\":\"受伤事故数\",\"StatisticsType\":[3,4,5],\"units\":[1],\"Mandated\":false,\"defaultValue\":\"1\",\"index\":0},{\"data\":\"1\",\"secondtype\":1,\"name\":\"受伤人数\",\"StatisticsType\":[3,4,5],\"units\":[1],\"Mandated\":false,\"defaultValue\":\"1\",\"index\":0},{\"data\":\"1\",\"secondtype\":1,\"name\":\"死亡事故数\",\"StatisticsType\":[3,4,5],\"units\":[1],\"Mandated\":false,\"defaultValue\":\"1\",\"index\":0},{\"data\":\"1\",\"secondtype\":1,\"name\":\"死亡人数\",\"StatisticsType\":[3,4,5],\"units\":[1],\"Mandated\":false,\"defaultValue\":\"1\",\"index\":0}],\"hasSecondItems\":true,\"Name\":\"交通事故概况\",\"Mandated\":false,\"Deleted\":false,\"Comment\":\"\",\"units\":[1],\"inputtype\":1,\"StatisticsType\":[],\"defaultValue\":\"\",\"tabletype\":\"每日点名统计汇报\",\"index\":98}],\"draft\":0}',4,'2017-11-20 09:30:39','',2,NULL,'2017-11-20 09:30:39','每日点名统计汇报'),('2017-11-20','fushan','{\"date\":\"2017-11-20\",\"reportname\":\"每日交管动态汇报\",\"datalist\":[{\"Content\":\"\",\"secondlist\":[],\"hasSecondItems\":false,\"Name\":\"汇报日期\",\"Mandated\":false,\"Deleted\":false,\"Comment\":\"\",\"units\":[1],\"inputtype\":4,\"StatisticsType\":[4],\"defaultValue\":\"\",\"tabletype\":\"每日交管动态汇报\",\"index\":90},{\"Content\":\"\",\"secondlist\":[{\"data\":\"晴\",\"secondtype\":2,\"name\":\"辖区天气\",\"StatisticsType\":[],\"units\":[1],\"Mandated\":false,\"defaultValue\":\"晴\",\"index\":0},{\"data\":\"12\",\"secondtype\":1,\"name\":\"最高气温\",\"StatisticsType\":[],\"units\":[1],\"Mandated\":false,\"defaultValue\":\"12\",\"index\":0},{\"data\":\"5\",\"secondtype\":1,\"name\":\"最低气温\",\"StatisticsType\":[],\"units\":[1],\"Mandated\":false,\"defaultValue\":\"5\",\"index\":0},{\"data\":\"1\",\"secondtype\":1,\"name\":\"预警事件\",\"StatisticsType\":[],\"units\":[1],\"Mandated\":false,\"defaultValue\":\"1\",\"index\":0}],\"hasSecondItems\":true,\"Name\":\"交通事件统计\",\"Mandated\":false,\"Deleted\":false,\"Comment\":\"\",\"units\":[1],\"inputtype\":1,\"StatisticsType\":[],\"defaultValue\":\"\",\"tabletype\":\"每日交管动态汇报\",\"index\":94},{\"Content\":\"福山\\n\",\"secondlist\":[],\"hasSecondItems\":false,\"Name\":\"撰写人\",\"Mandated\":true,\"Deleted\":false,\"Comment\":\"\",\"units\":[1],\"inputtype\":3,\"StatisticsType\":[4],\"defaultValue\":\"福山\\n\",\"tabletype\":\"每日交管动态汇报\",\"index\":92},{\"Content\":\"福山指挥\",\"secondlist\":[],\"hasSecondItems\":false,\"Name\":\"指挥调度概况\",\"Mandated\":false,\"Deleted\":false,\"Comment\":\"\",\"units\":[1],\"inputtype\":3,\"StatisticsType\":[4],\"defaultValue\":\"福山指挥\",\"tabletype\":\"每日交管动态汇报\",\"index\":96},{\"Content\":\"福山良好\",\"secondlist\":[],\"hasSecondItems\":false,\"Name\":\"道路交通设施概况\",\"Mandated\":true,\"Deleted\":false,\"Comment\":\"\",\"units\":[1],\"inputtype\":3,\"StatisticsType\":[4],\"defaultValue\":\"福山良好\",\"tabletype\":\"每日交管动态汇报\",\"index\":97},{\"Content\":\"福山\",\"secondlist\":[],\"hasSecondItems\":false,\"Name\":\"审核人\",\"Mandated\":true,\"Deleted\":false,\"Comment\":\"\",\"units\":[1],\"inputtype\":3,\"StatisticsType\":[4],\"defaultValue\":\"福山\",\"tabletype\":\"每日交管动态汇报\",\"index\":91},{\"Content\":\"\",\"secondlist\":[{\"data\":\"1\",\"secondtype\":1,\"name\":\"交通事故数\",\"StatisticsType\":[3,4,5],\"units\":[1],\"Mandated\":false,\"defaultValue\":\"1\",\"index\":0},{\"data\":\"1\",\"secondtype\":1,\"name\":\"受伤事故数\",\"StatisticsType\":[3,4,5],\"units\":[1],\"Mandated\":false,\"defaultValue\":\"1\",\"index\":0},{\"data\":\"1\",\"secondtype\":1,\"name\":\"受伤人数\",\"StatisticsType\":[3,4,5],\"units\":[1],\"Mandated\":false,\"defaultValue\":\"1\",\"index\":0},{\"data\":\"1\",\"secondtype\":1,\"name\":\"死亡事故数\",\"StatisticsType\":[3,4,5],\"units\":[1],\"Mandated\":false,\"defaultValue\":\"1\",\"index\":0},{\"data\":\"1\",\"secondtype\":1,\"name\":\"死亡人数\",\"StatisticsType\":[3,4,5],\"units\":[1],\"Mandated\":false,\"defaultValue\":\"1\",\"index\":0}],\"hasSecondItems\":true,\"Name\":\"交通事故概况\",\"Mandated\":false,\"Deleted\":false,\"Comment\":\"\",\"units\":[1],\"inputtype\":1,\"StatisticsType\":[],\"defaultValue\":\"\",\"tabletype\":\"每日交管动态汇报\",\"index\":98},{\"Content\":\"福山良好\",\"secondlist\":[],\"hasSecondItems\":false,\"Name\":\"市区路网交通运行评价\",\"Mandated\":false,\"Deleted\":false,\"Comment\":\"\",\"units\":[1],\"inputtype\":3,\"StatisticsType\":[4],\"defaultValue\":\"福山良好\",\"tabletype\":\"每日交管动态汇报\",\"index\":95},{\"Content\":\"\",\"secondlist\":[{\"data\":\"6\",\"secondtype\":1,\"name\":\"出警次数\",\"StatisticsType\":[3,4,5],\"units\":[1],\"Mandated\":true,\"defaultValue\":\"6\",\"index\":0},{\"data\":\"1\",\"secondtype\":1,\"name\":\"警车数\",\"StatisticsType\":[3,4,5],\"units\":[1],\"Mandated\":true,\"defaultValue\":\"1\",\"index\":0},{\"data\":\"1\",\"secondtype\":1,\"name\":\"现场执法数\",\"StatisticsType\":[3,4,5],\"units\":[1],\"Mandated\":true,\"defaultValue\":\"1\",\"index\":0}],\"hasSecondItems\":true,\"Name\":\"勤务动态\",\"Mandated\":false,\"Deleted\":false,\"Comment\":\"此处填写警务动态\",\"units\":[1],\"inputtype\":1,\"StatisticsType\":[],\"defaultValue\":\"\",\"tabletype\":\"每日交管动态汇报\",\"index\":99},{\"Content\":\"福山工作\",\"secondlist\":[],\"hasSecondItems\":false,\"Name\":\"工作动态\",\"Mandated\":true,\"Deleted\":false,\"Comment\":\"\",\"units\":[1],\"inputtype\":3,\"StatisticsType\":[4],\"defaultValue\":\"福山工作\",\"tabletype\":\"每日交管动态汇报\",\"index\":93}],\"draft\":0}',3,'2017-11-20 09:45:30',NULL,0,NULL,'2017-11-20 09:45:30','每日交管动态汇报'),('2017-11-20','fushan','{\"date\":\"2017-11-20\",\"reportname\":\"每日点名统计汇报\",\"datalist\":[{\"Content\":\"\",\"secondlist\":[{\"data\":\"晴\",\"secondtype\":2,\"name\":\"辖区天气\",\"StatisticsType\":[],\"units\":[1],\"Mandated\":false,\"defaultValue\":\"晴\",\"index\":0},{\"data\":\"12\",\"secondtype\":1,\"name\":\"最高气温\",\"StatisticsType\":[],\"units\":[1],\"Mandated\":false,\"defaultValue\":\"12\",\"index\":0},{\"data\":\"5\",\"secondtype\":1,\"name\":\"最低气温\",\"StatisticsType\":[],\"units\":[1],\"Mandated\":false,\"defaultValue\":\"5\",\"index\":0},{\"data\":\"1\",\"secondtype\":2,\"name\":\"预警事件\",\"StatisticsType\":[],\"units\":[1],\"Mandated\":false,\"defaultValue\":\"1\",\"index\":0}],\"hasSecondItems\":true,\"Name\":\"交通事件统计\",\"Mandated\":false,\"Deleted\":false,\"Comment\":\"\",\"units\":[1],\"inputtype\":1,\"StatisticsType\":[],\"defaultValue\":\"\",\"tabletype\":\"每日点名统计汇报\",\"index\":94},{\"Content\":\"福山调度\",\"secondlist\":[],\"hasSecondItems\":false,\"Name\":\"指挥调度概况\",\"Mandated\":false,\"Deleted\":false,\"Comment\":\"\",\"units\":[1],\"inputtype\":3,\"StatisticsType\":[4],\"defaultValue\":\"福山调度\",\"tabletype\":\"每日点名统计汇报\",\"index\":96},{\"Content\":\"\",\"secondlist\":[],\"hasSecondItems\":false,\"Name\":\"汇报日期\",\"Mandated\":false,\"Deleted\":false,\"Comment\":\"\",\"units\":[1],\"inputtype\":4,\"StatisticsType\":[4],\"defaultValue\":\"\",\"tabletype\":\"每日点名统计汇报\",\"index\":90},{\"Content\":\"福山良好\",\"secondlist\":[],\"hasSecondItems\":false,\"Name\":\"道路交通设施概况\",\"Mandated\":true,\"Deleted\":false,\"Comment\":\"\",\"units\":[1],\"inputtype\":3,\"StatisticsType\":[4],\"defaultValue\":\"福山良好\",\"tabletype\":\"每日点名统计汇报\",\"index\":97},{\"Content\":\"福山\",\"secondlist\":[],\"hasSecondItems\":false,\"Name\":\"撰写人\",\"Mandated\":true,\"Deleted\":false,\"Comment\":\"\",\"units\":[1],\"inputtype\":3,\"StatisticsType\":[4],\"defaultValue\":\"福山\",\"tabletype\":\"每日点名统计汇报\",\"index\":92},{\"Content\":\"福山\",\"secondlist\":[],\"hasSecondItems\":false,\"Name\":\"审核人\",\"Mandated\":true,\"Deleted\":false,\"Comment\":\"\",\"units\":[1],\"inputtype\":3,\"StatisticsType\":[4],\"defaultValue\":\"福山\",\"tabletype\":\"每日点名统计汇报\",\"index\":91},{\"Content\":\"福山工作\",\"secondlist\":[],\"hasSecondItems\":false,\"Name\":\"工作动态\",\"Mandated\":true,\"Deleted\":false,\"Comment\":\"\",\"units\":[1],\"inputtype\":3,\"StatisticsType\":[4],\"defaultValue\":\"福山工作\",\"tabletype\":\"每日点名统计汇报\",\"index\":93},{\"Content\":\"\",\"secondlist\":[{\"data\":\"5\",\"secondtype\":1,\"name\":\"出警次数\",\"StatisticsType\":[3,4,5],\"units\":[1],\"Mandated\":true,\"defaultValue\":\"5\",\"index\":0},{\"data\":\"1\",\"secondtype\":1,\"name\":\"警车数\",\"StatisticsType\":[3,4,5],\"units\":[1],\"Mandated\":true,\"defaultValue\":\"1\",\"index\":0},{\"data\":\"1\",\"secondtype\":1,\"name\":\"现场执法数\",\"StatisticsType\":[3,4,5],\"units\":[1],\"Mandated\":true,\"defaultValue\":\"1\",\"index\":0}],\"hasSecondItems\":true,\"Name\":\"勤务动态\",\"Mandated\":false,\"Deleted\":false,\"Comment\":\"此处填写警务动态\",\"units\":[1],\"inputtype\":1,\"StatisticsType\":[],\"defaultValue\":\"\",\"tabletype\":\"每日点名统计汇报\",\"index\":99},{\"Content\":\"福山良好\",\"secondlist\":[],\"hasSecondItems\":false,\"Name\":\"市区路网交通运行评价\",\"Mandated\":false,\"Deleted\":false,\"Comment\":\"\",\"units\":[1],\"inputtype\":3,\"StatisticsType\":[4],\"defaultValue\":\"福山良好\",\"tabletype\":\"每日点名统计汇报\",\"index\":95},{\"Content\":\"\",\"secondlist\":[{\"data\":\"1\",\"secondtype\":1,\"name\":\"交通事故数\",\"StatisticsType\":[3,4,5],\"units\":[1],\"Mandated\":false,\"defaultValue\":\"1\",\"index\":0},{\"data\":\"1\",\"secondtype\":1,\"name\":\"受伤事故数\",\"StatisticsType\":[3,4,5],\"units\":[1],\"Mandated\":false,\"defaultValue\":\"1\",\"index\":0},{\"data\":\"1\",\"secondtype\":1,\"name\":\"受伤人数\",\"StatisticsType\":[3,4,5],\"units\":[1],\"Mandated\":false,\"defaultValue\":\"1\",\"index\":0},{\"data\":\"1\",\"secondtype\":1,\"name\":\"死亡事故数\",\"StatisticsType\":[3,4,5],\"units\":[1],\"Mandated\":false,\"defaultValue\":\"1\",\"index\":0},{\"data\":\"1\",\"secondtype\":1,\"name\":\"死亡人数\",\"StatisticsType\":[3,4,5],\"units\":[1],\"Mandated\":false,\"defaultValue\":\"1\",\"index\":0}],\"hasSecondItems\":true,\"Name\":\"交通事故概况\",\"Mandated\":false,\"Deleted\":false,\"Comment\":\"\",\"units\":[1],\"inputtype\":1,\"StatisticsType\":[],\"defaultValue\":\"\",\"tabletype\":\"每日点名统计汇报\",\"index\":98}],\"draft\":0}',4,'2017-11-20 09:15:45','',2,NULL,'2017-11-20 09:15:45','每日点名统计汇报'),('2017-11-20','haiyang','{\"date\":\"2017-11-20\",\"reportname\":\"每日交管动态汇报\",\"datalist\":[{\"Content\":\"\",\"secondlist\":[],\"hasSecondItems\":false,\"Name\":\"汇报日期\",\"Mandated\":false,\"Deleted\":false,\"Comment\":\"\",\"units\":[1],\"inputtype\":4,\"StatisticsType\":[4],\"defaultValue\":\"\",\"tabletype\":\"每日交管动态汇报\",\"index\":90},{\"Content\":\"\",\"secondlist\":[{\"data\":\"晴\",\"secondtype\":2,\"name\":\"辖区天气\",\"StatisticsType\":[],\"units\":[1],\"Mandated\":false,\"defaultValue\":\"晴\",\"index\":0},{\"data\":\"12\",\"secondtype\":1,\"name\":\"最高气温\",\"StatisticsType\":[],\"units\":[1],\"Mandated\":false,\"defaultValue\":\"12\",\"index\":0},{\"data\":\"5\",\"secondtype\":1,\"name\":\"最低气温\",\"StatisticsType\":[],\"units\":[1],\"Mandated\":false,\"defaultValue\":\"5\",\"index\":0},{\"data\":\"1\",\"secondtype\":1,\"name\":\"预警事件\",\"StatisticsType\":[],\"units\":[1],\"Mandated\":false,\"defaultValue\":\"1\",\"index\":0}],\"hasSecondItems\":true,\"Name\":\"交通事件统计\",\"Mandated\":false,\"Deleted\":false,\"Comment\":\"\",\"units\":[1],\"inputtype\":1,\"StatisticsType\":[],\"defaultValue\":\"\",\"tabletype\":\"每日交管动态汇报\",\"index\":94},{\"Content\":\"海阳\",\"secondlist\":[],\"hasSecondItems\":false,\"Name\":\"撰写人\",\"Mandated\":true,\"Deleted\":false,\"Comment\":\"\",\"units\":[1],\"inputtype\":3,\"StatisticsType\":[4],\"defaultValue\":\"海阳\",\"tabletype\":\"每日交管动态汇报\",\"index\":92},{\"Content\":\"海阳指挥\",\"secondlist\":[],\"hasSecondItems\":false,\"Name\":\"指挥调度概况\",\"Mandated\":false,\"Deleted\":false,\"Comment\":\"\",\"units\":[1],\"inputtype\":3,\"StatisticsType\":[4],\"defaultValue\":\"海阳指挥\",\"tabletype\":\"每日交管动态汇报\",\"index\":96},{\"Content\":\"海阳良好\",\"secondlist\":[],\"hasSecondItems\":false,\"Name\":\"道路交通设施概况\",\"Mandated\":true,\"Deleted\":false,\"Comment\":\"\",\"units\":[1],\"inputtype\":3,\"StatisticsType\":[4],\"defaultValue\":\"海阳良好\",\"tabletype\":\"每日交管动态汇报\",\"index\":97},{\"Content\":\"海阳\",\"secondlist\":[],\"hasSecondItems\":false,\"Name\":\"审核人\",\"Mandated\":true,\"Deleted\":false,\"Comment\":\"\",\"units\":[1],\"inputtype\":3,\"StatisticsType\":[4],\"defaultValue\":\"海阳\",\"tabletype\":\"每日交管动态汇报\",\"index\":91},{\"Content\":\"\",\"secondlist\":[{\"data\":\"1\",\"secondtype\":1,\"name\":\"交通事故数\",\"StatisticsType\":[3,4,5],\"units\":[1],\"Mandated\":false,\"defaultValue\":\"1\",\"index\":0},{\"data\":\"1\",\"secondtype\":1,\"name\":\"受伤事故数\",\"StatisticsType\":[3,4,5],\"units\":[1],\"Mandated\":false,\"defaultValue\":\"1\",\"index\":0},{\"data\":\"1\",\"secondtype\":1,\"name\":\"受伤人数\",\"StatisticsType\":[3,4,5],\"units\":[1],\"Mandated\":false,\"defaultValue\":\"1\",\"index\":0},{\"data\":\"1\",\"secondtype\":1,\"name\":\"死亡事故数\",\"StatisticsType\":[3,4,5],\"units\":[1],\"Mandated\":false,\"defaultValue\":\"1\",\"index\":0},{\"data\":\"1\",\"secondtype\":1,\"name\":\"死亡人数\",\"StatisticsType\":[3,4,5],\"units\":[1],\"Mandated\":false,\"defaultValue\":\"1\",\"index\":0}],\"hasSecondItems\":true,\"Name\":\"交通事故概况\",\"Mandated\":false,\"Deleted\":false,\"Comment\":\"\",\"units\":[1],\"inputtype\":1,\"StatisticsType\":[],\"defaultValue\":\"\",\"tabletype\":\"每日交管动态汇报\",\"index\":98},{\"Content\":\"海阳良好\",\"secondlist\":[],\"hasSecondItems\":false,\"Name\":\"市区路网交通运行评价\",\"Mandated\":false,\"Deleted\":false,\"Comment\":\"\",\"units\":[1],\"inputtype\":3,\"StatisticsType\":[4],\"defaultValue\":\"海阳良好\",\"tabletype\":\"每日交管动态汇报\",\"index\":95},{\"Content\":\"\",\"secondlist\":[{\"data\":\"6\",\"secondtype\":1,\"name\":\"出警次数\",\"StatisticsType\":[3,4,5],\"units\":[1],\"Mandated\":true,\"defaultValue\":\"6\",\"index\":0},{\"data\":\"1\",\"secondtype\":1,\"name\":\"警车数\",\"StatisticsType\":[3,4,5],\"units\":[1],\"Mandated\":true,\"defaultValue\":\"1\",\"index\":0},{\"data\":\"1\",\"secondtype\":1,\"name\":\"现场执法数\",\"StatisticsType\":[3,4,5],\"units\":[1],\"Mandated\":true,\"defaultValue\":\"1\",\"index\":0}],\"hasSecondItems\":true,\"Name\":\"勤务动态\",\"Mandated\":false,\"Deleted\":false,\"Comment\":\"此处填写警务动态\",\"units\":[1],\"inputtype\":1,\"StatisticsType\":[],\"defaultValue\":\"\",\"tabletype\":\"每日交管动态汇报\",\"index\":99},{\"Content\":\"海阳工作\",\"secondlist\":[],\"hasSecondItems\":false,\"Name\":\"工作动态\",\"Mandated\":true,\"Deleted\":false,\"Comment\":\"\",\"units\":[1],\"inputtype\":3,\"StatisticsType\":[4],\"defaultValue\":\"海阳工作\",\"tabletype\":\"每日交管动态汇报\",\"index\":93}],\"draft\":0}',3,'2017-11-20 09:47:12',NULL,0,NULL,'2017-11-20 09:47:30','每日交管动态汇报'),('2017-11-20','haiyang','{\"date\":\"2017-11-20\",\"reportname\":\"每日点名统计汇报\",\"datalist\":[{\"Content\":\"\",\"secondlist\":[{\"data\":\"晴\",\"secondtype\":2,\"name\":\"辖区天气\",\"StatisticsType\":[],\"units\":[1],\"Mandated\":false,\"defaultValue\":\"晴\",\"index\":0},{\"data\":\"12\",\"secondtype\":1,\"name\":\"最高气温\",\"StatisticsType\":[],\"units\":[1],\"Mandated\":false,\"defaultValue\":\"12\",\"index\":0},{\"data\":\"5\",\"secondtype\":1,\"name\":\"最低气温\",\"StatisticsType\":[],\"units\":[1],\"Mandated\":false,\"defaultValue\":\"5\",\"index\":0},{\"data\":\"7\",\"secondtype\":2,\"name\":\"预警事件\",\"StatisticsType\":[],\"units\":[1],\"Mandated\":false,\"defaultValue\":\"7\",\"index\":0}],\"hasSecondItems\":true,\"Name\":\"交通事件统计\",\"Mandated\":false,\"Deleted\":false,\"Comment\":\"\",\"units\":[1],\"inputtype\":1,\"StatisticsType\":[],\"defaultValue\":\"\",\"tabletype\":\"每日点名统计汇报\",\"index\":94},{\"Content\":\"海阳指挥\",\"secondlist\":[],\"hasSecondItems\":false,\"Name\":\"指挥调度概况\",\"Mandated\":false,\"Deleted\":false,\"Comment\":\"\",\"units\":[1],\"inputtype\":3,\"StatisticsType\":[4],\"defaultValue\":\"海阳指挥\",\"tabletype\":\"每日点名统计汇报\",\"index\":96},{\"Content\":\"\",\"secondlist\":[],\"hasSecondItems\":false,\"Name\":\"汇报日期\",\"Mandated\":false,\"Deleted\":false,\"Comment\":\"\",\"units\":[1],\"inputtype\":4,\"StatisticsType\":[4],\"defaultValue\":\"\",\"tabletype\":\"每日点名统计汇报\",\"index\":90},{\"Content\":\"海阳良好\",\"secondlist\":[],\"hasSecondItems\":false,\"Name\":\"道路交通设施概况\",\"Mandated\":true,\"Deleted\":false,\"Comment\":\"\",\"units\":[1],\"inputtype\":3,\"StatisticsType\":[4],\"defaultValue\":\"海阳良好\",\"tabletype\":\"每日点名统计汇报\",\"index\":97},{\"Content\":\"海阳\",\"secondlist\":[],\"hasSecondItems\":false,\"Name\":\"撰写人\",\"Mandated\":true,\"Deleted\":false,\"Comment\":\"\",\"units\":[1],\"inputtype\":3,\"StatisticsType\":[4],\"defaultValue\":\"海阳\",\"tabletype\":\"每日点名统计汇报\",\"index\":92},{\"Content\":\"海阳\",\"secondlist\":[],\"hasSecondItems\":false,\"Name\":\"审核人\",\"Mandated\":true,\"Deleted\":false,\"Comment\":\"\",\"units\":[1],\"inputtype\":3,\"StatisticsType\":[4],\"defaultValue\":\"海阳\",\"tabletype\":\"每日点名统计汇报\",\"index\":91},{\"Content\":\"海阳工作\",\"secondlist\":[],\"hasSecondItems\":false,\"Name\":\"工作动态\",\"Mandated\":true,\"Deleted\":false,\"Comment\":\"\",\"units\":[1],\"inputtype\":3,\"StatisticsType\":[4],\"defaultValue\":\"海阳工作\",\"tabletype\":\"每日点名统计汇报\",\"index\":93},{\"Content\":\"\",\"secondlist\":[{\"data\":\"5\",\"secondtype\":1,\"name\":\"出警次数\",\"StatisticsType\":[3,4,5],\"units\":[1],\"Mandated\":true,\"defaultValue\":\"5\",\"index\":0},{\"data\":\"1\",\"secondtype\":1,\"name\":\"警车数\",\"StatisticsType\":[3,4,5],\"units\":[1],\"Mandated\":true,\"defaultValue\":\"1\",\"index\":0},{\"data\":\"1\",\"secondtype\":1,\"name\":\"现场执法数\",\"StatisticsType\":[3,4,5],\"units\":[1],\"Mandated\":true,\"defaultValue\":\"1\",\"index\":0}],\"hasSecondItems\":true,\"Name\":\"勤务动态\",\"Mandated\":false,\"Deleted\":false,\"Comment\":\"此处填写警务动态\",\"units\":[1],\"inputtype\":1,\"StatisticsType\":[],\"defaultValue\":\"\",\"tabletype\":\"每日点名统计汇报\",\"index\":99},{\"Content\":\"海阳良好\",\"secondlist\":[],\"hasSecondItems\":false,\"Name\":\"市区路网交通运行评价\",\"Mandated\":false,\"Deleted\":false,\"Comment\":\"\",\"units\":[1],\"inputtype\":3,\"StatisticsType\":[4],\"defaultValue\":\"海阳良好\",\"tabletype\":\"每日点名统计汇报\",\"index\":95},{\"Content\":\"\",\"secondlist\":[{\"data\":\"1\",\"secondtype\":1,\"name\":\"交通事故数\",\"StatisticsType\":[3,4,5],\"units\":[1],\"Mandated\":false,\"defaultValue\":\"1\",\"index\":0},{\"data\":\"1\",\"secondtype\":1,\"name\":\"受伤事故数\",\"StatisticsType\":[3,4,5],\"units\":[1],\"Mandated\":false,\"defaultValue\":\"1\",\"index\":0},{\"data\":\"1\",\"secondtype\":1,\"name\":\"受伤人数\",\"StatisticsType\":[3,4,5],\"units\":[1],\"Mandated\":false,\"defaultValue\":\"1\",\"index\":0},{\"data\":\"1\",\"secondtype\":1,\"name\":\"死亡事故数\",\"StatisticsType\":[3,4,5],\"units\":[1],\"Mandated\":false,\"defaultValue\":\"1\",\"index\":0},{\"data\":\"1\",\"secondtype\":1,\"name\":\"死亡人数\",\"StatisticsType\":[3,4,5],\"units\":[1],\"Mandated\":false,\"defaultValue\":\"1\",\"index\":0}],\"hasSecondItems\":true,\"Name\":\"交通事故概况\",\"Mandated\":false,\"Deleted\":false,\"Comment\":\"\",\"units\":[1],\"inputtype\":1,\"StatisticsType\":[],\"defaultValue\":\"\",\"tabletype\":\"每日点名统计汇报\",\"index\":98}],\"draft\":0}',4,'2017-11-20 09:17:49','',3,NULL,'2017-11-20 09:17:49','每日点名统计汇报'),('2017-11-20','jichang','{\"date\":\"2017-11-20\",\"reportname\":\"每日交管动态汇报\",\"datalist\":[{\"Content\":\"\",\"secondlist\":[],\"hasSecondItems\":false,\"Name\":\"汇报日期\",\"Mandated\":false,\"Deleted\":false,\"Comment\":\"\",\"units\":[1],\"inputtype\":4,\"StatisticsType\":[4],\"defaultValue\":\"\",\"tabletype\":\"每日交管动态汇报\",\"index\":90},{\"Content\":\"\",\"secondlist\":[{\"data\":\"晴\",\"secondtype\":2,\"name\":\"辖区天气\",\"StatisticsType\":[],\"units\":[1],\"Mandated\":false,\"defaultValue\":\"晴\",\"index\":0},{\"data\":\"12\",\"secondtype\":1,\"name\":\"最高气温\",\"StatisticsType\":[],\"units\":[1],\"Mandated\":false,\"defaultValue\":\"12\",\"index\":0},{\"data\":\"5\",\"secondtype\":1,\"name\":\"最低气温\",\"StatisticsType\":[],\"units\":[1],\"Mandated\":false,\"defaultValue\":\"5\",\"index\":0},{\"data\":\"1\",\"secondtype\":1,\"name\":\"预警事件\",\"StatisticsType\":[],\"units\":[1],\"Mandated\":false,\"defaultValue\":\"1\",\"index\":0}],\"hasSecondItems\":true,\"Name\":\"交通事件统计\",\"Mandated\":false,\"Deleted\":false,\"Comment\":\"\",\"units\":[1],\"inputtype\":1,\"StatisticsType\":[],\"defaultValue\":\"\",\"tabletype\":\"每日交管动态汇报\",\"index\":94},{\"Content\":\"机场\",\"secondlist\":[],\"hasSecondItems\":false,\"Name\":\"撰写人\",\"Mandated\":true,\"Deleted\":false,\"Comment\":\"\",\"units\":[1],\"inputtype\":3,\"StatisticsType\":[4],\"defaultValue\":\"机场\",\"tabletype\":\"每日交管动态汇报\",\"index\":92},{\"Content\":\"机场指挥\",\"secondlist\":[],\"hasSecondItems\":false,\"Name\":\"指挥调度概况\",\"Mandated\":false,\"Deleted\":false,\"Comment\":\"\",\"units\":[1],\"inputtype\":3,\"StatisticsType\":[4],\"defaultValue\":\"机场指挥\",\"tabletype\":\"每日交管动态汇报\",\"index\":96},{\"Content\":\"机场良好\",\"secondlist\":[],\"hasSecondItems\":false,\"Name\":\"道路交通设施概况\",\"Mandated\":true,\"Deleted\":false,\"Comment\":\"\",\"units\":[1],\"inputtype\":3,\"StatisticsType\":[4],\"defaultValue\":\"机场良好\",\"tabletype\":\"每日交管动态汇报\",\"index\":97},{\"Content\":\"机场\",\"secondlist\":[],\"hasSecondItems\":false,\"Name\":\"审核人\",\"Mandated\":true,\"Deleted\":false,\"Comment\":\"\",\"units\":[1],\"inputtype\":3,\"StatisticsType\":[4],\"defaultValue\":\"机场\",\"tabletype\":\"每日交管动态汇报\",\"index\":91},{\"Content\":\"\",\"secondlist\":[{\"data\":\"1\",\"secondtype\":1,\"name\":\"交通事故数\",\"StatisticsType\":[3,4,5],\"units\":[1],\"Mandated\":false,\"defaultValue\":\"1\",\"index\":0},{\"data\":\"1\",\"secondtype\":1,\"name\":\"受伤事故数\",\"StatisticsType\":[3,4,5],\"units\":[1],\"Mandated\":false,\"defaultValue\":\"1\",\"index\":0},{\"data\":\"1\",\"secondtype\":1,\"name\":\"受伤人数\",\"StatisticsType\":[3,4,5],\"units\":[1],\"Mandated\":false,\"defaultValue\":\"1\",\"index\":0},{\"data\":\"1\",\"secondtype\":1,\"name\":\"死亡事故数\",\"StatisticsType\":[3,4,5],\"units\":[1],\"Mandated\":false,\"defaultValue\":\"1\",\"index\":0},{\"data\":\"1\",\"secondtype\":1,\"name\":\"死亡人数\",\"StatisticsType\":[3,4,5],\"units\":[1],\"Mandated\":false,\"defaultValue\":\"1\",\"index\":0}],\"hasSecondItems\":true,\"Name\":\"交通事故概况\",\"Mandated\":false,\"Deleted\":false,\"Comment\":\"\",\"units\":[1],\"inputtype\":1,\"StatisticsType\":[],\"defaultValue\":\"\",\"tabletype\":\"每日交管动态汇报\",\"index\":98},{\"Content\":\"机场良好\",\"secondlist\":[],\"hasSecondItems\":false,\"Name\":\"市区路网交通运行评价\",\"Mandated\":false,\"Deleted\":false,\"Comment\":\"\",\"units\":[1],\"inputtype\":3,\"StatisticsType\":[4],\"defaultValue\":\"机场良好\",\"tabletype\":\"每日交管动态汇报\",\"index\":95},{\"Content\":\"\",\"secondlist\":[{\"data\":\"6\",\"secondtype\":1,\"name\":\"出警次数\",\"StatisticsType\":[3,4,5],\"units\":[1],\"Mandated\":true,\"defaultValue\":\"6\",\"index\":0},{\"data\":\"1\",\"secondtype\":1,\"name\":\"警车数\",\"StatisticsType\":[3,4,5],\"units\":[1],\"Mandated\":true,\"defaultValue\":\"1\",\"index\":0},{\"data\":\"1\",\"secondtype\":1,\"name\":\"现场执法数\",\"StatisticsType\":[3,4,5],\"units\":[1],\"Mandated\":true,\"defaultValue\":\"1\",\"index\":0}],\"hasSecondItems\":true,\"Name\":\"勤务动态\",\"Mandated\":false,\"Deleted\":false,\"Comment\":\"此处填写警务动态\",\"units\":[1],\"inputtype\":1,\"StatisticsType\":[],\"defaultValue\":\"\",\"tabletype\":\"每日交管动态汇报\",\"index\":99},{\"Content\":\"机场工作\",\"secondlist\":[],\"hasSecondItems\":false,\"Name\":\"工作动态\",\"Mandated\":true,\"Deleted\":false,\"Comment\":\"\",\"units\":[1],\"inputtype\":3,\"StatisticsType\":[4],\"defaultValue\":\"机场工作\",\"tabletype\":\"每日交管动态汇报\",\"index\":93}],\"draft\":0}',3,'2017-11-20 10:09:29',NULL,0,NULL,'2017-11-20 10:09:29','每日交管动态汇报'),('2017-11-20','jichang','{\"date\":\"2017-11-20\",\"reportname\":\"每日点名统计汇报\",\"datalist\":[{\"Content\":\"\",\"secondlist\":[{\"data\":\"晴\",\"secondtype\":2,\"name\":\"辖区天气\",\"StatisticsType\":[],\"units\":[1],\"Mandated\":false,\"defaultValue\":\"晴\",\"index\":0},{\"data\":\"12\",\"secondtype\":1,\"name\":\"最高气温\",\"StatisticsType\":[],\"units\":[1],\"Mandated\":false,\"defaultValue\":\"12\",\"index\":0},{\"data\":\"5\",\"secondtype\":1,\"name\":\"最低气温\",\"StatisticsType\":[],\"units\":[1],\"Mandated\":false,\"defaultValue\":\"5\",\"index\":0},{\"data\":\"1\",\"secondtype\":2,\"name\":\"预警事件\",\"StatisticsType\":[],\"units\":[1],\"Mandated\":false,\"defaultValue\":\"1\",\"index\":0}],\"hasSecondItems\":true,\"Name\":\"交通事件统计\",\"Mandated\":false,\"Deleted\":false,\"Comment\":\"\",\"units\":[1],\"inputtype\":1,\"StatisticsType\":[],\"defaultValue\":\"\",\"tabletype\":\"每日点名统计汇报\",\"index\":94},{\"Content\":\"机场指挥\",\"secondlist\":[],\"hasSecondItems\":false,\"Name\":\"指挥调度概况\",\"Mandated\":false,\"Deleted\":false,\"Comment\":\"\",\"units\":[1],\"inputtype\":3,\"StatisticsType\":[4],\"defaultValue\":\"机场指挥\",\"tabletype\":\"每日点名统计汇报\",\"index\":96},{\"Content\":\"\",\"secondlist\":[],\"hasSecondItems\":false,\"Name\":\"汇报日期\",\"Mandated\":false,\"Deleted\":false,\"Comment\":\"\",\"units\":[1],\"inputtype\":4,\"StatisticsType\":[4],\"defaultValue\":\"\",\"tabletype\":\"每日点名统计汇报\",\"index\":90},{\"Content\":\"机场良好\",\"secondlist\":[],\"hasSecondItems\":false,\"Name\":\"道路交通设施概况\",\"Mandated\":true,\"Deleted\":false,\"Comment\":\"\",\"units\":[1],\"inputtype\":3,\"StatisticsType\":[4],\"defaultValue\":\"机场良好\",\"tabletype\":\"每日点名统计汇报\",\"index\":97},{\"Content\":\"机场\",\"secondlist\":[],\"hasSecondItems\":false,\"Name\":\"撰写人\",\"Mandated\":true,\"Deleted\":false,\"Comment\":\"\",\"units\":[1],\"inputtype\":3,\"StatisticsType\":[4],\"defaultValue\":\"机场\",\"tabletype\":\"每日点名统计汇报\",\"index\":92},{\"Content\":\"机场\",\"secondlist\":[],\"hasSecondItems\":false,\"Name\":\"审核人\",\"Mandated\":true,\"Deleted\":false,\"Comment\":\"\",\"units\":[1],\"inputtype\":3,\"StatisticsType\":[4],\"defaultValue\":\"机场\",\"tabletype\":\"每日点名统计汇报\",\"index\":91},{\"Content\":\"机场工作\",\"secondlist\":[],\"hasSecondItems\":false,\"Name\":\"工作动态\",\"Mandated\":true,\"Deleted\":false,\"Comment\":\"\",\"units\":[1],\"inputtype\":3,\"StatisticsType\":[4],\"defaultValue\":\"机场工作\",\"tabletype\":\"每日点名统计汇报\",\"index\":93},{\"Content\":\"\",\"secondlist\":[{\"data\":\"5\",\"secondtype\":1,\"name\":\"出警次数\",\"StatisticsType\":[3,4,5],\"units\":[1],\"Mandated\":true,\"defaultValue\":\"5\",\"index\":0},{\"data\":\"1\",\"secondtype\":1,\"name\":\"警车数\",\"StatisticsType\":[3,4,5],\"units\":[1],\"Mandated\":true,\"defaultValue\":\"1\",\"index\":0},{\"data\":\"1\",\"secondtype\":1,\"name\":\"现场执法数\",\"StatisticsType\":[3,4,5],\"units\":[1],\"Mandated\":true,\"defaultValue\":\"1\",\"index\":0}],\"hasSecondItems\":true,\"Name\":\"勤务动态\",\"Mandated\":false,\"Deleted\":false,\"Comment\":\"此处填写警务动态\",\"units\":[1],\"inputtype\":1,\"StatisticsType\":[],\"defaultValue\":\"\",\"tabletype\":\"每日点名统计汇报\",\"index\":99},{\"Content\":\"机场良好\",\"secondlist\":[],\"hasSecondItems\":false,\"Name\":\"市区路网交通运行评价\",\"Mandated\":false,\"Deleted\":false,\"Comment\":\"\",\"units\":[1],\"inputtype\":3,\"StatisticsType\":[4],\"defaultValue\":\"机场良好\",\"tabletype\":\"每日点名统计汇报\",\"index\":95},{\"Content\":\"\",\"secondlist\":[{\"data\":\"1\",\"secondtype\":1,\"name\":\"交通事故数\",\"StatisticsType\":[3,4,5],\"units\":[1],\"Mandated\":false,\"defaultValue\":\"1\",\"index\":0},{\"data\":\"1\",\"secondtype\":1,\"name\":\"受伤事故数\",\"StatisticsType\":[3,4,5],\"units\":[1],\"Mandated\":false,\"defaultValue\":\"1\",\"index\":0},{\"data\":\"1\",\"secondtype\":1,\"name\":\"受伤人数\",\"StatisticsType\":[3,4,5],\"units\":[1],\"Mandated\":false,\"defaultValue\":\"1\",\"index\":0},{\"data\":\"1\",\"secondtype\":1,\"name\":\"死亡事故数\",\"StatisticsType\":[3,4,5],\"units\":[1],\"Mandated\":false,\"defaultValue\":\"1\",\"index\":0},{\"data\":\"1\",\"secondtype\":1,\"name\":\"死亡人数\",\"StatisticsType\":[3,4,5],\"units\":[1],\"Mandated\":false,\"defaultValue\":\"1\",\"index\":0}],\"hasSecondItems\":true,\"Name\":\"交通事故概况\",\"Mandated\":false,\"Deleted\":false,\"Comment\":\"\",\"units\":[1],\"inputtype\":1,\"StatisticsType\":[],\"defaultValue\":\"\",\"tabletype\":\"每日点名统计汇报\",\"index\":98}],\"draft\":0}',4,'2017-11-20 09:27:21','',4,NULL,'2017-11-20 09:27:21','每日点名统计汇报'),('2017-11-20','kaifaqu','{\"date\":\"2017-11-20\",\"reportname\":\"每日交管动态汇报\",\"datalist\":[{\"Content\":\"\",\"secondlist\":[],\"hasSecondItems\":false,\"Name\":\"汇报日期\",\"Mandated\":false,\"Deleted\":false,\"Comment\":\"\",\"units\":[1],\"inputtype\":4,\"StatisticsType\":[4],\"defaultValue\":\"\",\"tabletype\":\"每日交管动态汇报\",\"index\":90},{\"Content\":\"\",\"secondlist\":[{\"data\":\"晴\",\"secondtype\":2,\"name\":\"辖区天气\",\"StatisticsType\":[],\"units\":[1],\"Mandated\":false,\"defaultValue\":\"晴\",\"index\":0},{\"data\":\"12\",\"secondtype\":1,\"name\":\"最高气温\",\"StatisticsType\":[],\"units\":[1],\"Mandated\":false,\"defaultValue\":\"12\",\"index\":0},{\"data\":\"5\",\"secondtype\":1,\"name\":\"最低气温\",\"StatisticsType\":[],\"units\":[1],\"Mandated\":false,\"defaultValue\":\"5\",\"index\":0},{\"data\":\"1\",\"secondtype\":1,\"name\":\"预警事件\",\"StatisticsType\":[],\"units\":[1],\"Mandated\":false,\"defaultValue\":\"1\",\"index\":0}],\"hasSecondItems\":true,\"Name\":\"交通事件统计\",\"Mandated\":false,\"Deleted\":false,\"Comment\":\"\",\"units\":[1],\"inputtype\":1,\"StatisticsType\":[],\"defaultValue\":\"\",\"tabletype\":\"每日交管动态汇报\",\"index\":94},{\"Content\":\"开发区\",\"secondlist\":[],\"hasSecondItems\":false,\"Name\":\"撰写人\",\"Mandated\":true,\"Deleted\":false,\"Comment\":\"\",\"units\":[1],\"inputtype\":3,\"StatisticsType\":[4],\"defaultValue\":\"开发区\",\"tabletype\":\"每日交管动态汇报\",\"index\":92},{\"Content\":\"开发区指挥\",\"secondlist\":[],\"hasSecondItems\":false,\"Name\":\"指挥调度概况\",\"Mandated\":false,\"Deleted\":false,\"Comment\":\"\",\"units\":[1],\"inputtype\":3,\"StatisticsType\":[4],\"defaultValue\":\"开发区指挥\",\"tabletype\":\"每日交管动态汇报\",\"index\":96},{\"Content\":\"开发区良好\",\"secondlist\":[],\"hasSecondItems\":false,\"Name\":\"道路交通设施概况\",\"Mandated\":true,\"Deleted\":false,\"Comment\":\"\",\"units\":[1],\"inputtype\":3,\"StatisticsType\":[4],\"defaultValue\":\"开发区良好\",\"tabletype\":\"每日交管动态汇报\",\"index\":97},{\"Content\":\"开发区\\n\",\"secondlist\":[],\"hasSecondItems\":false,\"Name\":\"审核人\",\"Mandated\":true,\"Deleted\":false,\"Comment\":\"\",\"units\":[1],\"inputtype\":3,\"StatisticsType\":[4],\"defaultValue\":\"开发区\\n\",\"tabletype\":\"每日交管动态汇报\",\"index\":91},{\"Content\":\"\",\"secondlist\":[{\"data\":\"5\",\"secondtype\":1,\"name\":\"交通事故数\",\"StatisticsType\":[3,4,5],\"units\":[1],\"Mandated\":false,\"defaultValue\":\"5\",\"index\":0},{\"data\":\"5\",\"secondtype\":1,\"name\":\"受伤事故数\",\"StatisticsType\":[3,4,5],\"units\":[1],\"Mandated\":false,\"defaultValue\":\"5\",\"index\":0},{\"data\":\"5\",\"secondtype\":1,\"name\":\"受伤人数\",\"StatisticsType\":[3,4,5],\"units\":[1],\"Mandated\":false,\"defaultValue\":\"5\",\"index\":0},{\"data\":\"5\",\"secondtype\":1,\"name\":\"死亡事故数\",\"StatisticsType\":[3,4,5],\"units\":[1],\"Mandated\":false,\"defaultValue\":\"5\",\"index\":0},{\"data\":\"5\",\"secondtype\":1,\"name\":\"死亡人数\",\"StatisticsType\":[3,4,5],\"units\":[1],\"Mandated\":false,\"defaultValue\":\"5\",\"index\":0}],\"hasSecondItems\":true,\"Name\":\"交通事故概况\",\"Mandated\":false,\"Deleted\":false,\"Comment\":\"\",\"units\":[1],\"inputtype\":1,\"StatisticsType\":[],\"defaultValue\":\"\",\"tabletype\":\"每日交管动态汇报\",\"index\":98},{\"Content\":\"开发区良好\",\"secondlist\":[],\"hasSecondItems\":false,\"Name\":\"市区路网交通运行评价\",\"Mandated\":false,\"Deleted\":false,\"Comment\":\"\",\"units\":[1],\"inputtype\":3,\"StatisticsType\":[4],\"defaultValue\":\"开发区良好\",\"tabletype\":\"每日交管动态汇报\",\"index\":95},{\"Content\":\"\",\"secondlist\":[{\"data\":\"6\",\"secondtype\":1,\"name\":\"出警次数\",\"StatisticsType\":[3,4,5],\"units\":[1],\"Mandated\":true,\"defaultValue\":\"6\",\"index\":0},{\"data\":\"5\",\"secondtype\":1,\"name\":\"警车数\",\"StatisticsType\":[3,4,5],\"units\":[1],\"Mandated\":true,\"defaultValue\":\"5\",\"index\":0},{\"data\":\"5\",\"secondtype\":1,\"name\":\"现场执法数\",\"StatisticsType\":[3,4,5],\"units\":[1],\"Mandated\":true,\"defaultValue\":\"5\",\"index\":0}],\"hasSecondItems\":true,\"Name\":\"勤务动态\",\"Mandated\":false,\"Deleted\":false,\"Comment\":\"此处填写警务动态\",\"units\":[1],\"inputtype\":1,\"StatisticsType\":[],\"defaultValue\":\"\",\"tabletype\":\"每日交管动态汇报\",\"index\":99},{\"Content\":\"开发区工作\",\"secondlist\":[],\"hasSecondItems\":false,\"Name\":\"工作动态\",\"Mandated\":true,\"Deleted\":false,\"Comment\":\"\",\"units\":[1],\"inputtype\":3,\"StatisticsType\":[4],\"defaultValue\":\"开发区工作\",\"tabletype\":\"每日交管动态汇报\",\"index\":93}],\"draft\":0}',3,'2017-11-20 10:07:49',NULL,0,NULL,'2017-11-20 10:07:49','每日交管动态汇报'),('2017-11-20','kaifaqu','{\"date\":\"2017-11-20\",\"reportname\":\"每日点名统计汇报\",\"datalist\":[{\"Content\":\"\",\"secondlist\":[{\"data\":\"晴\",\"secondtype\":2,\"name\":\"辖区天气\",\"StatisticsType\":[],\"units\":[1],\"Mandated\":false,\"defaultValue\":\"晴\",\"index\":0},{\"data\":\"12\",\"secondtype\":1,\"name\":\"最高气温\",\"StatisticsType\":[],\"units\":[1],\"Mandated\":false,\"defaultValue\":\"12\",\"index\":0},{\"data\":\"5\",\"secondtype\":1,\"name\":\"最低气温\",\"StatisticsType\":[],\"units\":[1],\"Mandated\":false,\"defaultValue\":\"5\",\"index\":0},{\"data\":\"1\",\"secondtype\":2,\"name\":\"预警事件\",\"StatisticsType\":[],\"units\":[1],\"Mandated\":false,\"defaultValue\":\"1\",\"index\":0}],\"hasSecondItems\":true,\"Name\":\"交通事件统计\",\"Mandated\":false,\"Deleted\":false,\"Comment\":\"\",\"units\":[1],\"inputtype\":1,\"StatisticsType\":[],\"defaultValue\":\"\",\"tabletype\":\"每日点名统计汇报\",\"index\":94},{\"Content\":\"无开发区指挥\",\"secondlist\":[],\"hasSecondItems\":false,\"Name\":\"指挥调度概况\",\"Mandated\":false,\"Deleted\":false,\"Comment\":\"\",\"units\":[1],\"inputtype\":3,\"StatisticsType\":[4],\"defaultValue\":\"无开发区指挥\",\"tabletype\":\"每日点名统计汇报\",\"index\":96},{\"Content\":\"\",\"secondlist\":[],\"hasSecondItems\":false,\"Name\":\"汇报日期\",\"Mandated\":false,\"Deleted\":false,\"Comment\":\"\",\"units\":[1],\"inputtype\":4,\"StatisticsType\":[4],\"defaultValue\":\"\",\"tabletype\":\"每日点名统计汇报\",\"index\":90},{\"Content\":\"开发区良好\",\"secondlist\":[],\"hasSecondItems\":false,\"Name\":\"道路交通设施概况\",\"Mandated\":true,\"Deleted\":false,\"Comment\":\"\",\"units\":[1],\"inputtype\":3,\"StatisticsType\":[4],\"defaultValue\":\"开发区良好\",\"tabletype\":\"每日点名统计汇报\",\"index\":97},{\"Content\":\"开发区\",\"secondlist\":[],\"hasSecondItems\":false,\"Name\":\"撰写人\",\"Mandated\":true,\"Deleted\":false,\"Comment\":\"\",\"units\":[1],\"inputtype\":3,\"StatisticsType\":[4],\"defaultValue\":\"开发区\",\"tabletype\":\"每日点名统计汇报\",\"index\":92},{\"Content\":\"开发区\",\"secondlist\":[],\"hasSecondItems\":false,\"Name\":\"审核人\",\"Mandated\":true,\"Deleted\":false,\"Comment\":\"\",\"units\":[1],\"inputtype\":3,\"StatisticsType\":[4],\"defaultValue\":\"开发区\",\"tabletype\":\"每日点名统计汇报\",\"index\":91},{\"Content\":\"开发区工作\",\"secondlist\":[],\"hasSecondItems\":false,\"Name\":\"工作动态\",\"Mandated\":true,\"Deleted\":false,\"Comment\":\"\",\"units\":[1],\"inputtype\":3,\"StatisticsType\":[4],\"defaultValue\":\"开发区工作\",\"tabletype\":\"每日点名统计汇报\",\"index\":93},{\"Content\":\"\",\"secondlist\":[{\"data\":\"5\",\"secondtype\":1,\"name\":\"出警次数\",\"StatisticsType\":[3,4,5],\"units\":[1],\"Mandated\":true,\"defaultValue\":\"5\",\"index\":0},{\"data\":\"1\",\"secondtype\":1,\"name\":\"警车数\",\"StatisticsType\":[3,4,5],\"units\":[1],\"Mandated\":true,\"defaultValue\":\"1\",\"index\":0},{\"data\":\"1\",\"secondtype\":1,\"name\":\"现场执法数\",\"StatisticsType\":[3,4,5],\"units\":[1],\"Mandated\":true,\"defaultValue\":\"1\",\"index\":0}],\"hasSecondItems\":true,\"Name\":\"勤务动态\",\"Mandated\":false,\"Deleted\":false,\"Comment\":\"此处填写警务动态\",\"units\":[1],\"inputtype\":1,\"StatisticsType\":[],\"defaultValue\":\"\",\"tabletype\":\"每日点名统计汇报\",\"index\":99},{\"Content\":\"开发区良好\",\"secondlist\":[],\"hasSecondItems\":false,\"Name\":\"市区路网交通运行评价\",\"Mandated\":false,\"Deleted\":false,\"Comment\":\"\",\"units\":[1],\"inputtype\":3,\"StatisticsType\":[4],\"defaultValue\":\"开发区良好\",\"tabletype\":\"每日点名统计汇报\",\"index\":95},{\"Content\":\"\",\"secondlist\":[{\"data\":\"1\",\"secondtype\":1,\"name\":\"交通事故数\",\"StatisticsType\":[3,4,5],\"units\":[1],\"Mandated\":false,\"defaultValue\":\"1\",\"index\":0},{\"data\":\"1\",\"secondtype\":1,\"name\":\"受伤事故数\",\"StatisticsType\":[3,4,5],\"units\":[1],\"Mandated\":false,\"defaultValue\":\"1\",\"index\":0},{\"data\":\"1\",\"secondtype\":1,\"name\":\"受伤人数\",\"StatisticsType\":[3,4,5],\"units\":[1],\"Mandated\":false,\"defaultValue\":\"1\",\"index\":0},{\"data\":\"1\",\"secondtype\":1,\"name\":\"死亡事故数\",\"StatisticsType\":[3,4,5],\"units\":[1],\"Mandated\":false,\"defaultValue\":\"1\",\"index\":0},{\"data\":\"1\",\"secondtype\":1,\"name\":\"死亡人数\",\"StatisticsType\":[3,4,5],\"units\":[1],\"Mandated\":false,\"defaultValue\":\"1\",\"index\":0}],\"hasSecondItems\":true,\"Name\":\"交通事故概况\",\"Mandated\":false,\"Deleted\":false,\"Comment\":\"\",\"units\":[1],\"inputtype\":1,\"StatisticsType\":[],\"defaultValue\":\"\",\"tabletype\":\"每日点名统计汇报\",\"index\":98}],\"draft\":0}',4,'2017-11-20 09:25:38','',2,NULL,'2017-11-20 09:25:38','每日点名统计汇报'),('2017-11-20','laiyang','{\"date\":\"2017-11-20\",\"reportname\":\"每日交管动态汇报\",\"datalist\":[{\"Content\":\"\",\"secondlist\":[],\"hasSecondItems\":false,\"Name\":\"汇报日期\",\"Mandated\":false,\"Deleted\":false,\"Comment\":\"\",\"units\":[1],\"inputtype\":4,\"StatisticsType\":[4],\"defaultValue\":\"\",\"tabletype\":\"每日交管动态汇报\",\"index\":90},{\"Content\":\"\",\"secondlist\":[{\"data\":\"晴\",\"secondtype\":2,\"name\":\"辖区天气\",\"StatisticsType\":[],\"units\":[1],\"Mandated\":false,\"defaultValue\":\"晴\",\"index\":0},{\"data\":\"12\",\"secondtype\":1,\"name\":\"最高气温\",\"StatisticsType\":[],\"units\":[1],\"Mandated\":false,\"defaultValue\":\"12\",\"index\":0},{\"data\":\"5\",\"secondtype\":1,\"name\":\"最低气温\",\"StatisticsType\":[],\"units\":[1],\"Mandated\":false,\"defaultValue\":\"5\",\"index\":0},{\"data\":\"1\",\"secondtype\":1,\"name\":\"预警事件\",\"StatisticsType\":[],\"units\":[1],\"Mandated\":false,\"defaultValue\":\"1\",\"index\":0}],\"hasSecondItems\":true,\"Name\":\"交通事件统计\",\"Mandated\":false,\"Deleted\":false,\"Comment\":\"\",\"units\":[1],\"inputtype\":1,\"StatisticsType\":[],\"defaultValue\":\"\",\"tabletype\":\"每日交管动态汇报\",\"index\":94},{\"Content\":\"莱阳\",\"secondlist\":[],\"hasSecondItems\":false,\"Name\":\"撰写人\",\"Mandated\":true,\"Deleted\":false,\"Comment\":\"\",\"units\":[1],\"inputtype\":3,\"StatisticsType\":[4],\"defaultValue\":\"莱阳\",\"tabletype\":\"每日交管动态汇报\",\"index\":92},{\"Content\":\"莱阳指挥\",\"secondlist\":[],\"hasSecondItems\":false,\"Name\":\"指挥调度概况\",\"Mandated\":false,\"Deleted\":false,\"Comment\":\"\",\"units\":[1],\"inputtype\":3,\"StatisticsType\":[4],\"defaultValue\":\"莱阳指挥\",\"tabletype\":\"每日交管动态汇报\",\"index\":96},{\"Content\":\"莱阳良好\",\"secondlist\":[],\"hasSecondItems\":false,\"Name\":\"道路交通设施概况\",\"Mandated\":true,\"Deleted\":false,\"Comment\":\"\",\"units\":[1],\"inputtype\":3,\"StatisticsType\":[4],\"defaultValue\":\"莱阳良好\",\"tabletype\":\"每日交管动态汇报\",\"index\":97},{\"Content\":\"莱阳\",\"secondlist\":[],\"hasSecondItems\":false,\"Name\":\"审核人\",\"Mandated\":true,\"Deleted\":false,\"Comment\":\"\",\"units\":[1],\"inputtype\":3,\"StatisticsType\":[4],\"defaultValue\":\"莱阳\",\"tabletype\":\"每日交管动态汇报\",\"index\":91},{\"Content\":\"\",\"secondlist\":[{\"data\":\"1\",\"secondtype\":1,\"name\":\"交通事故数\",\"StatisticsType\":[3,4,5],\"units\":[1],\"Mandated\":false,\"defaultValue\":\"1\",\"index\":0},{\"data\":\"1\",\"secondtype\":1,\"name\":\"受伤事故数\",\"StatisticsType\":[3,4,5],\"units\":[1],\"Mandated\":false,\"defaultValue\":\"1\",\"index\":0},{\"data\":\"1\",\"secondtype\":1,\"name\":\"受伤人数\",\"StatisticsType\":[3,4,5],\"units\":[1],\"Mandated\":false,\"defaultValue\":\"1\",\"index\":0},{\"data\":\"1\",\"secondtype\":1,\"name\":\"死亡事故数\",\"StatisticsType\":[3,4,5],\"units\":[1],\"Mandated\":false,\"defaultValue\":\"1\",\"index\":0},{\"data\":\"1\",\"secondtype\":1,\"name\":\"死亡人数\",\"StatisticsType\":[3,4,5],\"units\":[1],\"Mandated\":false,\"defaultValue\":\"1\",\"index\":0}],\"hasSecondItems\":true,\"Name\":\"交通事故概况\",\"Mandated\":false,\"Deleted\":false,\"Comment\":\"\",\"units\":[1],\"inputtype\":1,\"StatisticsType\":[],\"defaultValue\":\"\",\"tabletype\":\"每日交管动态汇报\",\"index\":98},{\"Content\":\"莱阳良好\",\"secondlist\":[],\"hasSecondItems\":false,\"Name\":\"市区路网交通运行评价\",\"Mandated\":false,\"Deleted\":false,\"Comment\":\"\",\"units\":[1],\"inputtype\":3,\"StatisticsType\":[4],\"defaultValue\":\"莱阳良好\",\"tabletype\":\"每日交管动态汇报\",\"index\":95},{\"Content\":\"\",\"secondlist\":[{\"data\":\"6\",\"secondtype\":1,\"name\":\"出警次数\",\"StatisticsType\":[3,4,5],\"units\":[1],\"Mandated\":true,\"defaultValue\":\"6\",\"index\":0},{\"data\":\"1\",\"secondtype\":1,\"name\":\"警车数\",\"StatisticsType\":[3,4,5],\"units\":[1],\"Mandated\":true,\"defaultValue\":\"1\",\"index\":0},{\"data\":\"1\",\"secondtype\":1,\"name\":\"现场执法数\",\"StatisticsType\":[3,4,5],\"units\":[1],\"Mandated\":true,\"defaultValue\":\"1\",\"index\":0}],\"hasSecondItems\":true,\"Name\":\"勤务动态\",\"Mandated\":false,\"Deleted\":false,\"Comment\":\"此处填写警务动态\",\"units\":[1],\"inputtype\":1,\"StatisticsType\":[],\"defaultValue\":\"\",\"tabletype\":\"每日交管动态汇报\",\"index\":99},{\"Content\":\"莱阳工作\",\"secondlist\":[],\"hasSecondItems\":false,\"Name\":\"工作动态\",\"Mandated\":true,\"Deleted\":false,\"Comment\":\"\",\"units\":[1],\"inputtype\":3,\"StatisticsType\":[4],\"defaultValue\":\"莱阳工作\",\"tabletype\":\"每日交管动态汇报\",\"index\":93}],\"draft\":0}',3,'2017-11-20 09:49:22',NULL,0,NULL,'2017-11-20 09:59:51','每日交管动态汇报'),('2017-11-20','laiyang','{\"date\":\"2017-11-20\",\"reportname\":\"每日点名统计汇报\",\"datalist\":[{\"Content\":\"\",\"secondlist\":[{\"data\":\"晴\",\"secondtype\":2,\"name\":\"辖区天气\",\"StatisticsType\":[],\"units\":[1],\"Mandated\":false,\"defaultValue\":\"晴\",\"index\":0},{\"data\":\"12\",\"secondtype\":1,\"name\":\"最高气温\",\"StatisticsType\":[],\"units\":[1],\"Mandated\":false,\"defaultValue\":\"12\",\"index\":0},{\"data\":\"5\",\"secondtype\":1,\"name\":\"最低气温\",\"StatisticsType\":[],\"units\":[1],\"Mandated\":false,\"defaultValue\":\"5\",\"index\":0},{\"data\":\"1\",\"secondtype\":2,\"name\":\"预警事件\",\"StatisticsType\":[],\"units\":[1],\"Mandated\":false,\"defaultValue\":\"1\",\"index\":0}],\"hasSecondItems\":true,\"Name\":\"交通事件统计\",\"Mandated\":false,\"Deleted\":false,\"Comment\":\"\",\"units\":[1],\"inputtype\":1,\"StatisticsType\":[],\"defaultValue\":\"\",\"tabletype\":\"每日点名统计汇报\",\"index\":94},{\"Content\":\"莱阳指挥\",\"secondlist\":[],\"hasSecondItems\":false,\"Name\":\"指挥调度概况\",\"Mandated\":false,\"Deleted\":false,\"Comment\":\"\",\"units\":[1],\"inputtype\":3,\"StatisticsType\":[4],\"defaultValue\":\"莱阳指挥\",\"tabletype\":\"每日点名统计汇报\",\"index\":96},{\"Content\":\"\",\"secondlist\":[],\"hasSecondItems\":false,\"Name\":\"汇报日期\",\"Mandated\":false,\"Deleted\":false,\"Comment\":\"\",\"units\":[1],\"inputtype\":4,\"StatisticsType\":[4],\"defaultValue\":\"\",\"tabletype\":\"每日点名统计汇报\",\"index\":90},{\"Content\":\"莱阳良好\",\"secondlist\":[],\"hasSecondItems\":false,\"Name\":\"道路交通设施概况\",\"Mandated\":true,\"Deleted\":false,\"Comment\":\"\",\"units\":[1],\"inputtype\":3,\"StatisticsType\":[4],\"defaultValue\":\"莱阳良好\",\"tabletype\":\"每日点名统计汇报\",\"index\":97},{\"Content\":\"莱阳\",\"secondlist\":[],\"hasSecondItems\":false,\"Name\":\"撰写人\",\"Mandated\":true,\"Deleted\":false,\"Comment\":\"\",\"units\":[1],\"inputtype\":3,\"StatisticsType\":[4],\"defaultValue\":\"莱阳\",\"tabletype\":\"每日点名统计汇报\",\"index\":92},{\"Content\":\"莱阳\",\"secondlist\":[],\"hasSecondItems\":false,\"Name\":\"审核人\",\"Mandated\":true,\"Deleted\":false,\"Comment\":\"\",\"units\":[1],\"inputtype\":3,\"StatisticsType\":[4],\"defaultValue\":\"莱阳\",\"tabletype\":\"每日点名统计汇报\",\"index\":91},{\"Content\":\"莱阳工作\",\"secondlist\":[],\"hasSecondItems\":false,\"Name\":\"工作动态\",\"Mandated\":true,\"Deleted\":false,\"Comment\":\"\",\"units\":[1],\"inputtype\":3,\"StatisticsType\":[4],\"defaultValue\":\"莱阳工作\",\"tabletype\":\"每日点名统计汇报\",\"index\":93},{\"Content\":\"\",\"secondlist\":[{\"data\":\"5\",\"secondtype\":1,\"name\":\"出警次数\",\"StatisticsType\":[3,4,5],\"units\":[1],\"Mandated\":true,\"defaultValue\":\"5\",\"index\":0},{\"data\":\"1\",\"secondtype\":1,\"name\":\"警车数\",\"StatisticsType\":[3,4,5],\"units\":[1],\"Mandated\":true,\"defaultValue\":\"1\",\"index\":0},{\"data\":\"1\",\"secondtype\":1,\"name\":\"现场执法数\",\"StatisticsType\":[3,4,5],\"units\":[1],\"Mandated\":true,\"defaultValue\":\"1\",\"index\":0}],\"hasSecondItems\":true,\"Name\":\"勤务动态\",\"Mandated\":false,\"Deleted\":false,\"Comment\":\"此处填写警务动态\",\"units\":[1],\"inputtype\":1,\"StatisticsType\":[],\"defaultValue\":\"\",\"tabletype\":\"每日点名统计汇报\",\"index\":99},{\"Content\":\"莱阳工作\",\"secondlist\":[],\"hasSecondItems\":false,\"Name\":\"市区路网交通运行评价\",\"Mandated\":false,\"Deleted\":false,\"Comment\":\"\",\"units\":[1],\"inputtype\":3,\"StatisticsType\":[4],\"defaultValue\":\"莱阳工作\",\"tabletype\":\"每日点名统计汇报\",\"index\":95},{\"Content\":\"\",\"secondlist\":[{\"data\":\"1\",\"secondtype\":1,\"name\":\"交通事故数\",\"StatisticsType\":[3,4,5],\"units\":[1],\"Mandated\":false,\"defaultValue\":\"1\",\"index\":0},{\"data\":\"1\",\"secondtype\":1,\"name\":\"受伤事故数\",\"StatisticsType\":[3,4,5],\"units\":[1],\"Mandated\":false,\"defaultValue\":\"1\",\"index\":0},{\"data\":\"1\",\"secondtype\":1,\"name\":\"受伤人数\",\"StatisticsType\":[3,4,5],\"units\":[1],\"Mandated\":false,\"defaultValue\":\"1\",\"index\":0},{\"data\":\"1\",\"secondtype\":1,\"name\":\"死亡事故数\",\"StatisticsType\":[3,4,5],\"units\":[1],\"Mandated\":false,\"defaultValue\":\"1\",\"index\":0},{\"data\":\"1\",\"secondtype\":1,\"name\":\"死亡人数\",\"StatisticsType\":[3,4,5],\"units\":[1],\"Mandated\":false,\"defaultValue\":\"1\",\"index\":0}],\"hasSecondItems\":true,\"Name\":\"交通事故概况\",\"Mandated\":false,\"Deleted\":false,\"Comment\":\"\",\"units\":[1],\"inputtype\":1,\"StatisticsType\":[],\"defaultValue\":\"\",\"tabletype\":\"每日点名统计汇报\",\"index\":98}],\"draft\":0}',4,'2017-11-20 09:18:45','',2,NULL,'2017-11-20 09:35:05','每日点名统计汇报'),('2017-11-20','laizhou','',4,'2017-11-20 10:13:26','',4,NULL,'2222-02-02 00:00:00','每日点名统计汇报'),('2017-11-20','longkou','{\"date\":\"2017-11-20\",\"reportname\":\"每日交管动态汇报\",\"datalist\":[{\"Content\":\"\",\"secondlist\":[],\"hasSecondItems\":false,\"Name\":\"汇报日期\",\"Mandated\":false,\"Deleted\":false,\"Comment\":\"\",\"units\":[1],\"inputtype\":4,\"StatisticsType\":[4],\"defaultValue\":\"\",\"tabletype\":\"每日交管动态汇报\",\"index\":90},{\"Content\":\"\",\"secondlist\":[{\"data\":\"晴\",\"secondtype\":2,\"name\":\"辖区天气\",\"StatisticsType\":[],\"units\":[1],\"Mandated\":false,\"defaultValue\":\"晴\",\"index\":0},{\"data\":\"12\",\"secondtype\":1,\"name\":\"最高气温\",\"StatisticsType\":[],\"units\":[1],\"Mandated\":false,\"defaultValue\":\"12\",\"index\":0},{\"data\":\"5\",\"secondtype\":1,\"name\":\"最低气温\",\"StatisticsType\":[],\"units\":[1],\"Mandated\":false,\"defaultValue\":\"5\",\"index\":0},{\"data\":\"1\",\"secondtype\":1,\"name\":\"预警事件\",\"StatisticsType\":[],\"units\":[1],\"Mandated\":false,\"defaultValue\":\"1\",\"index\":0}],\"hasSecondItems\":true,\"Name\":\"交通事件统计\",\"Mandated\":false,\"Deleted\":false,\"Comment\":\"\",\"units\":[1],\"inputtype\":1,\"StatisticsType\":[],\"defaultValue\":\"\",\"tabletype\":\"每日交管动态汇报\",\"index\":94},{\"Content\":\"龙口\",\"secondlist\":[],\"hasSecondItems\":false,\"Name\":\"撰写人\",\"Mandated\":true,\"Deleted\":false,\"Comment\":\"\",\"units\":[1],\"inputtype\":3,\"StatisticsType\":[4],\"defaultValue\":\"龙口\",\"tabletype\":\"每日交管动态汇报\",\"index\":92},{\"Content\":\"龙口指挥\",\"secondlist\":[],\"hasSecondItems\":false,\"Name\":\"指挥调度概况\",\"Mandated\":false,\"Deleted\":false,\"Comment\":\"\",\"units\":[1],\"inputtype\":3,\"StatisticsType\":[4],\"defaultValue\":\"龙口指挥\",\"tabletype\":\"每日交管动态汇报\",\"index\":96},{\"Content\":\"龙口良好\",\"secondlist\":[],\"hasSecondItems\":false,\"Name\":\"道路交通设施概况\",\"Mandated\":true,\"Deleted\":false,\"Comment\":\"\",\"units\":[1],\"inputtype\":3,\"StatisticsType\":[4],\"defaultValue\":\"龙口良好\",\"tabletype\":\"每日交管动态汇报\",\"index\":97},{\"Content\":\"龙口\",\"secondlist\":[],\"hasSecondItems\":false,\"Name\":\"审核人\",\"Mandated\":true,\"Deleted\":false,\"Comment\":\"\",\"units\":[1],\"inputtype\":3,\"StatisticsType\":[4],\"defaultValue\":\"龙口\",\"tabletype\":\"每日交管动态汇报\",\"index\":91},{\"Content\":\"\",\"secondlist\":[{\"data\":\"1\",\"secondtype\":1,\"name\":\"交通事故数\",\"StatisticsType\":[3,4,5],\"units\":[1],\"Mandated\":false,\"defaultValue\":\"1\",\"index\":0},{\"data\":\"1\",\"secondtype\":1,\"name\":\"受伤事故数\",\"StatisticsType\":[3,4,5],\"units\":[1],\"Mandated\":false,\"defaultValue\":\"1\",\"index\":0},{\"data\":\"1\",\"secondtype\":1,\"name\":\"受伤人数\",\"StatisticsType\":[3,4,5],\"units\":[1],\"Mandated\":false,\"defaultValue\":\"1\",\"index\":0},{\"data\":\"1\",\"secondtype\":1,\"name\":\"死亡事故数\",\"StatisticsType\":[3,4,5],\"units\":[1],\"Mandated\":false,\"defaultValue\":\"1\",\"index\":0},{\"data\":\"1\",\"secondtype\":1,\"name\":\"死亡人数\",\"StatisticsType\":[3,4,5],\"units\":[1],\"Mandated\":false,\"defaultValue\":\"1\",\"index\":0}],\"hasSecondItems\":true,\"Name\":\"交通事故概况\",\"Mandated\":false,\"Deleted\":false,\"Comment\":\"\",\"units\":[1],\"inputtype\":1,\"StatisticsType\":[],\"defaultValue\":\"\",\"tabletype\":\"每日交管动态汇报\",\"index\":98},{\"Content\":\"龙口良好\",\"secondlist\":[],\"hasSecondItems\":false,\"Name\":\"市区路网交通运行评价\",\"Mandated\":false,\"Deleted\":false,\"Comment\":\"\",\"units\":[1],\"inputtype\":3,\"StatisticsType\":[4],\"defaultValue\":\"龙口良好\",\"tabletype\":\"每日交管动态汇报\",\"index\":95},{\"Content\":\"\",\"secondlist\":[{\"data\":\"5\",\"secondtype\":1,\"name\":\"出警次数\",\"StatisticsType\":[3,4,5],\"units\":[1],\"Mandated\":true,\"defaultValue\":\"5\",\"index\":0},{\"data\":\"1\",\"secondtype\":1,\"name\":\"警车数\",\"StatisticsType\":[3,4,5],\"units\":[1],\"Mandated\":true,\"defaultValue\":\"1\",\"index\":0},{\"data\":\"1\",\"secondtype\":1,\"name\":\"现场执法数\",\"StatisticsType\":[3,4,5],\"units\":[1],\"Mandated\":true,\"defaultValue\":\"1\",\"index\":0}],\"hasSecondItems\":true,\"Name\":\"勤务动态\",\"Mandated\":false,\"Deleted\":false,\"Comment\":\"此处填写警务动态\",\"units\":[1],\"inputtype\":1,\"StatisticsType\":[],\"defaultValue\":\"\",\"tabletype\":\"每日交管动态汇报\",\"index\":99},{\"Content\":\"龙口工作\",\"secondlist\":[],\"hasSecondItems\":false,\"Name\":\"工作动态\",\"Mandated\":true,\"Deleted\":false,\"Comment\":\"\",\"units\":[1],\"inputtype\":3,\"StatisticsType\":[4],\"defaultValue\":\"龙口工作\",\"tabletype\":\"每日交管动态汇报\",\"index\":93}],\"draft\":0}',3,'2017-11-20 10:06:25',NULL,0,NULL,'2017-11-20 10:06:25','每日交管动态汇报'),('2017-11-20','longkou','{\"date\":\"2017-11-20\",\"reportname\":\"每日点名统计汇报\",\"datalist\":[{\"Content\":\"\",\"secondlist\":[{\"data\":\"阴\",\"secondtype\":2,\"name\":\"辖区天气\",\"StatisticsType\":[],\"units\":[1],\"Mandated\":false,\"defaultValue\":\"阴\",\"index\":0},{\"data\":\"12\",\"secondtype\":1,\"name\":\"最高气温\",\"StatisticsType\":[],\"units\":[1],\"Mandated\":false,\"defaultValue\":\"12\",\"index\":0},{\"data\":\"5\",\"secondtype\":1,\"name\":\"最低气温\",\"StatisticsType\":[],\"units\":[1],\"Mandated\":false,\"defaultValue\":\"5\",\"index\":0},{\"data\":\"1\",\"secondtype\":2,\"name\":\"预警事件\",\"StatisticsType\":[],\"units\":[1],\"Mandated\":false,\"defaultValue\":\"1\",\"index\":0}],\"hasSecondItems\":true,\"Name\":\"交通事件统计\",\"Mandated\":false,\"Deleted\":false,\"Comment\":\"\",\"units\":[1],\"inputtype\":1,\"StatisticsType\":[],\"defaultValue\":\"\",\"tabletype\":\"每日点名统计汇报\",\"index\":94},{\"Content\":\"龙口指挥\",\"secondlist\":[],\"hasSecondItems\":false,\"Name\":\"指挥调度概况\",\"Mandated\":false,\"Deleted\":false,\"Comment\":\"\",\"units\":[1],\"inputtype\":3,\"StatisticsType\":[4],\"defaultValue\":\"龙口指挥\",\"tabletype\":\"每日点名统计汇报\",\"index\":96},{\"Content\":\"\",\"secondlist\":[],\"hasSecondItems\":false,\"Name\":\"汇报日期\",\"Mandated\":false,\"Deleted\":false,\"Comment\":\"\",\"units\":[1],\"inputtype\":4,\"StatisticsType\":[4],\"defaultValue\":\"\",\"tabletype\":\"每日点名统计汇报\",\"index\":90},{\"Content\":\"龙口良好\",\"secondlist\":[],\"hasSecondItems\":false,\"Name\":\"道路交通设施概况\",\"Mandated\":true,\"Deleted\":false,\"Comment\":\"\",\"units\":[1],\"inputtype\":3,\"StatisticsType\":[4],\"defaultValue\":\"龙口良好\",\"tabletype\":\"每日点名统计汇报\",\"index\":97},{\"Content\":\"龙口\",\"secondlist\":[],\"hasSecondItems\":false,\"Name\":\"撰写人\",\"Mandated\":true,\"Deleted\":false,\"Comment\":\"\",\"units\":[1],\"inputtype\":3,\"StatisticsType\":[4],\"defaultValue\":\"龙口\",\"tabletype\":\"每日点名统计汇报\",\"index\":92},{\"Content\":\"龙口\",\"secondlist\":[],\"hasSecondItems\":false,\"Name\":\"审核人\",\"Mandated\":true,\"Deleted\":false,\"Comment\":\"\",\"units\":[1],\"inputtype\":3,\"StatisticsType\":[4],\"defaultValue\":\"龙口\",\"tabletype\":\"每日点名统计汇报\",\"index\":91},{\"Content\":\"龙口工作\",\"secondlist\":[],\"hasSecondItems\":false,\"Name\":\"工作动态\",\"Mandated\":true,\"Deleted\":false,\"Comment\":\"\",\"units\":[1],\"inputtype\":3,\"StatisticsType\":[4],\"defaultValue\":\"龙口工作\",\"tabletype\":\"每日点名统计汇报\",\"index\":93},{\"Content\":\"\",\"secondlist\":[{\"data\":\"5\",\"secondtype\":1,\"name\":\"出警次数\",\"StatisticsType\":[3,4,5],\"units\":[1],\"Mandated\":true,\"defaultValue\":\"5\",\"index\":0},{\"data\":\"1\",\"secondtype\":1,\"name\":\"警车数\",\"StatisticsType\":[3,4,5],\"units\":[1],\"Mandated\":true,\"defaultValue\":\"1\",\"index\":0},{\"data\":\"1\",\"secondtype\":1,\"name\":\"现场执法数\",\"StatisticsType\":[3,4,5],\"units\":[1],\"Mandated\":true,\"defaultValue\":\"1\",\"index\":0}],\"hasSecondItems\":true,\"Name\":\"勤务动态\",\"Mandated\":false,\"Deleted\":false,\"Comment\":\"此处填写警务动态\",\"units\":[1],\"inputtype\":1,\"StatisticsType\":[],\"defaultValue\":\"\",\"tabletype\":\"每日点名统计汇报\",\"index\":99},{\"Content\":\"龙口良好\",\"secondlist\":[],\"hasSecondItems\":false,\"Name\":\"市区路网交通运行评价\",\"Mandated\":false,\"Deleted\":false,\"Comment\":\"\",\"units\":[1],\"inputtype\":3,\"StatisticsType\":[4],\"defaultValue\":\"龙口良好\",\"tabletype\":\"每日点名统计汇报\",\"index\":95},{\"Content\":\"\",\"secondlist\":[{\"data\":\"1\",\"secondtype\":1,\"name\":\"交通事故数\",\"StatisticsType\":[3,4,5],\"units\":[1],\"Mandated\":false,\"defaultValue\":\"1\",\"index\":0},{\"data\":\"1\",\"secondtype\":1,\"name\":\"受伤事故数\",\"StatisticsType\":[3,4,5],\"units\":[1],\"Mandated\":false,\"defaultValue\":\"1\",\"index\":0},{\"data\":\"1\",\"secondtype\":1,\"name\":\"受伤人数\",\"StatisticsType\":[3,4,5],\"units\":[1],\"Mandated\":false,\"defaultValue\":\"1\",\"index\":0},{\"data\":\"1\",\"secondtype\":1,\"name\":\"死亡事故数\",\"StatisticsType\":[3,4,5],\"units\":[1],\"Mandated\":false,\"defaultValue\":\"1\",\"index\":0},{\"data\":\"1\",\"secondtype\":1,\"name\":\"死亡人数\",\"StatisticsType\":[3,4,5],\"units\":[1],\"Mandated\":false,\"defaultValue\":\"1\",\"index\":0}],\"hasSecondItems\":true,\"Name\":\"交通事故概况\",\"Mandated\":false,\"Deleted\":false,\"Comment\":\"\",\"units\":[1],\"inputtype\":1,\"StatisticsType\":[],\"defaultValue\":\"\",\"tabletype\":\"每日点名统计汇报\",\"index\":98}],\"draft\":0}',4,'2017-11-20 09:24:06','',2,NULL,'2017-11-20 09:24:06','每日点名统计汇报'),('2017-11-20','muping','{\"date\":\"2017-11-20\",\"reportname\":\"每日交管动态汇报\",\"datalist\":[{\"Content\":\"\",\"secondlist\":[],\"hasSecondItems\":false,\"Name\":\"汇报日期\",\"Mandated\":false,\"Deleted\":false,\"Comment\":\"\",\"units\":[1],\"inputtype\":4,\"StatisticsType\":[4],\"defaultValue\":\"\",\"tabletype\":\"每日交管动态汇报\",\"index\":90},{\"Content\":\"\",\"secondlist\":[{\"data\":\"晴\",\"secondtype\":2,\"name\":\"辖区天气\",\"StatisticsType\":[],\"units\":[1],\"Mandated\":false,\"defaultValue\":\"晴\",\"index\":0},{\"data\":\"12\",\"secondtype\":1,\"name\":\"最高气温\",\"StatisticsType\":[],\"units\":[1],\"Mandated\":false,\"defaultValue\":\"12\",\"index\":0},{\"data\":\"5\",\"secondtype\":1,\"name\":\"最低气温\",\"StatisticsType\":[],\"units\":[1],\"Mandated\":false,\"defaultValue\":\"5\",\"index\":0},{\"data\":\"1\",\"secondtype\":1,\"name\":\"预警事件\",\"StatisticsType\":[],\"units\":[1],\"Mandated\":false,\"defaultValue\":\"1\",\"index\":0}],\"hasSecondItems\":true,\"Name\":\"交通事件统计\",\"Mandated\":false,\"Deleted\":false,\"Comment\":\"\",\"units\":[1],\"inputtype\":1,\"StatisticsType\":[],\"defaultValue\":\"\",\"tabletype\":\"每日交管动态汇报\",\"index\":94},{\"Content\":\"牟平\",\"secondlist\":[],\"hasSecondItems\":false,\"Name\":\"撰写人\",\"Mandated\":true,\"Deleted\":false,\"Comment\":\"\",\"units\":[1],\"inputtype\":3,\"StatisticsType\":[4],\"defaultValue\":\"牟平\",\"tabletype\":\"每日交管动态汇报\",\"index\":92},{\"Content\":\"牟平指挥\",\"secondlist\":[],\"hasSecondItems\":false,\"Name\":\"指挥调度概况\",\"Mandated\":false,\"Deleted\":false,\"Comment\":\"\",\"units\":[1],\"inputtype\":3,\"StatisticsType\":[4],\"defaultValue\":\"牟平指挥\",\"tabletype\":\"每日交管动态汇报\",\"index\":96},{\"Content\":\"牟平良好\\n\",\"secondlist\":[],\"hasSecondItems\":false,\"Name\":\"道路交通设施概况\",\"Mandated\":true,\"Deleted\":false,\"Comment\":\"\",\"units\":[1],\"inputtype\":3,\"StatisticsType\":[4],\"defaultValue\":\"牟平良好\\n\",\"tabletype\":\"每日交管动态汇报\",\"index\":97},{\"Content\":\"牟平\",\"secondlist\":[],\"hasSecondItems\":false,\"Name\":\"审核人\",\"Mandated\":true,\"Deleted\":false,\"Comment\":\"\",\"units\":[1],\"inputtype\":3,\"StatisticsType\":[4],\"defaultValue\":\"牟平\",\"tabletype\":\"每日交管动态汇报\",\"index\":91},{\"Content\":\"\",\"secondlist\":[{\"data\":\"1\",\"secondtype\":1,\"name\":\"交通事故数\",\"StatisticsType\":[3,4,5],\"units\":[1],\"Mandated\":false,\"defaultValue\":\"1\",\"index\":0},{\"data\":\"1\",\"secondtype\":1,\"name\":\"受伤事故数\",\"StatisticsType\":[3,4,5],\"units\":[1],\"Mandated\":false,\"defaultValue\":\"1\",\"index\":0},{\"data\":\"1\",\"secondtype\":1,\"name\":\"受伤人数\",\"StatisticsType\":[3,4,5],\"units\":[1],\"Mandated\":false,\"defaultValue\":\"1\",\"index\":0},{\"data\":\"1\",\"secondtype\":1,\"name\":\"死亡事故数\",\"StatisticsType\":[3,4,5],\"units\":[1],\"Mandated\":false,\"defaultValue\":\"1\",\"index\":0},{\"data\":\"1\",\"secondtype\":1,\"name\":\"死亡人数\",\"StatisticsType\":[3,4,5],\"units\":[1],\"Mandated\":false,\"defaultValue\":\"1\",\"index\":0}],\"hasSecondItems\":true,\"Name\":\"交通事故概况\",\"Mandated\":false,\"Deleted\":false,\"Comment\":\"\",\"units\":[1],\"inputtype\":1,\"StatisticsType\":[],\"defaultValue\":\"\",\"tabletype\":\"每日交管动态汇报\",\"index\":98},{\"Content\":\"牟平良好\",\"secondlist\":[],\"hasSecondItems\":false,\"Name\":\"市区路网交通运行评价\",\"Mandated\":false,\"Deleted\":false,\"Comment\":\"\",\"units\":[1],\"inputtype\":3,\"StatisticsType\":[4],\"defaultValue\":\"牟平良好\",\"tabletype\":\"每日交管动态汇报\",\"index\":95},{\"Content\":\"\",\"secondlist\":[{\"data\":\"6\",\"secondtype\":1,\"name\":\"出警次数\",\"StatisticsType\":[3,4,5],\"units\":[1],\"Mandated\":true,\"defaultValue\":\"6\",\"index\":0},{\"data\":\"1\",\"secondtype\":1,\"name\":\"警车数\",\"StatisticsType\":[3,4,5],\"units\":[1],\"Mandated\":true,\"defaultValue\":\"1\",\"index\":0},{\"data\":\"1\",\"secondtype\":1,\"name\":\"现场执法数\",\"StatisticsType\":[3,4,5],\"units\":[1],\"Mandated\":true,\"defaultValue\":\"1\",\"index\":0}],\"hasSecondItems\":true,\"Name\":\"勤务动态\",\"Mandated\":false,\"Deleted\":false,\"Comment\":\"此处填写警务动态\",\"units\":[1],\"inputtype\":1,\"StatisticsType\":[],\"defaultValue\":\"\",\"tabletype\":\"每日交管动态汇报\",\"index\":99},{\"Content\":\"牟平工作\",\"secondlist\":[],\"hasSecondItems\":false,\"Name\":\"工作动态\",\"Mandated\":true,\"Deleted\":false,\"Comment\":\"\",\"units\":[1],\"inputtype\":3,\"StatisticsType\":[4],\"defaultValue\":\"牟平工作\",\"tabletype\":\"每日交管动态汇报\",\"index\":93}],\"draft\":0}',3,'2017-11-20 09:46:15',NULL,0,NULL,'2017-11-20 09:46:15','每日交管动态汇报'),('2017-11-20','muping','{\"date\":\"2017-11-20\",\"reportname\":\"每日点名统计汇报\",\"datalist\":[{\"Content\":\"\",\"secondlist\":[{\"data\":\"晴\",\"secondtype\":2,\"name\":\"辖区天气\",\"StatisticsType\":[],\"units\":[1],\"Mandated\":false,\"defaultValue\":\"晴\",\"index\":0},{\"data\":\"12\",\"secondtype\":1,\"name\":\"最高气温\",\"StatisticsType\":[],\"units\":[1],\"Mandated\":false,\"defaultValue\":\"12\",\"index\":0},{\"data\":\"5\",\"secondtype\":1,\"name\":\"最低气温\",\"StatisticsType\":[],\"units\":[1],\"Mandated\":false,\"defaultValue\":\"5\",\"index\":0},{\"data\":\"1\",\"secondtype\":2,\"name\":\"预警事件\",\"StatisticsType\":[],\"units\":[1],\"Mandated\":false,\"defaultValue\":\"1\",\"index\":0}],\"hasSecondItems\":true,\"Name\":\"交通事件统计\",\"Mandated\":false,\"Deleted\":false,\"Comment\":\"\",\"units\":[1],\"inputtype\":1,\"StatisticsType\":[],\"defaultValue\":\"\",\"tabletype\":\"每日点名统计汇报\",\"index\":94},{\"Content\":\"牟平指挥\",\"secondlist\":[],\"hasSecondItems\":false,\"Name\":\"指挥调度概况\",\"Mandated\":false,\"Deleted\":false,\"Comment\":\"\",\"units\":[1],\"inputtype\":3,\"StatisticsType\":[4],\"defaultValue\":\"牟平指挥\",\"tabletype\":\"每日点名统计汇报\",\"index\":96},{\"Content\":\"\",\"secondlist\":[],\"hasSecondItems\":false,\"Name\":\"汇报日期\",\"Mandated\":false,\"Deleted\":false,\"Comment\":\"\",\"units\":[1],\"inputtype\":4,\"StatisticsType\":[4],\"defaultValue\":\"\",\"tabletype\":\"每日点名统计汇报\",\"index\":90},{\"Content\":\"牟平良好\",\"secondlist\":[],\"hasSecondItems\":false,\"Name\":\"道路交通设施概况\",\"Mandated\":true,\"Deleted\":false,\"Comment\":\"\",\"units\":[1],\"inputtype\":3,\"StatisticsType\":[4],\"defaultValue\":\"牟平良好\",\"tabletype\":\"每日点名统计汇报\",\"index\":97},{\"Content\":\"牟平\",\"secondlist\":[],\"hasSecondItems\":false,\"Name\":\"撰写人\",\"Mandated\":true,\"Deleted\":false,\"Comment\":\"\",\"units\":[1],\"inputtype\":3,\"StatisticsType\":[4],\"defaultValue\":\"牟平\",\"tabletype\":\"每日点名统计汇报\",\"index\":92},{\"Content\":\"牟平\",\"secondlist\":[],\"hasSecondItems\":false,\"Name\":\"审核人\",\"Mandated\":true,\"Deleted\":false,\"Comment\":\"\",\"units\":[1],\"inputtype\":3,\"StatisticsType\":[4],\"defaultValue\":\"牟平\",\"tabletype\":\"每日点名统计汇报\",\"index\":91},{\"Content\":\"牟平工作\",\"secondlist\":[],\"hasSecondItems\":false,\"Name\":\"工作动态\",\"Mandated\":true,\"Deleted\":false,\"Comment\":\"\",\"units\":[1],\"inputtype\":3,\"StatisticsType\":[4],\"defaultValue\":\"牟平工作\",\"tabletype\":\"每日点名统计汇报\",\"index\":93},{\"Content\":\"\",\"secondlist\":[{\"data\":\"5\",\"secondtype\":1,\"name\":\"出警次数\",\"StatisticsType\":[3,4,5],\"units\":[1],\"Mandated\":true,\"defaultValue\":\"5\",\"index\":0},{\"data\":\"1\",\"secondtype\":1,\"name\":\"警车数\",\"StatisticsType\":[3,4,5],\"units\":[1],\"Mandated\":true,\"defaultValue\":\"1\",\"index\":0},{\"data\":\"1\",\"secondtype\":1,\"name\":\"现场执法数\",\"StatisticsType\":[3,4,5],\"units\":[1],\"Mandated\":true,\"defaultValue\":\"1\",\"index\":0}],\"hasSecondItems\":true,\"Name\":\"勤务动态\",\"Mandated\":false,\"Deleted\":false,\"Comment\":\"此处填写警务动态\",\"units\":[1],\"inputtype\":1,\"StatisticsType\":[],\"defaultValue\":\"\",\"tabletype\":\"每日点名统计汇报\",\"index\":99},{\"Content\":\"牟平良好\",\"secondlist\":[],\"hasSecondItems\":false,\"Name\":\"市区路网交通运行评价\",\"Mandated\":false,\"Deleted\":false,\"Comment\":\"\",\"units\":[1],\"inputtype\":3,\"StatisticsType\":[4],\"defaultValue\":\"牟平良好\",\"tabletype\":\"每日点名统计汇报\",\"index\":95},{\"Content\":\"\",\"secondlist\":[{\"data\":\"1\",\"secondtype\":1,\"name\":\"交通事故数\",\"StatisticsType\":[3,4,5],\"units\":[1],\"Mandated\":false,\"defaultValue\":\"1\",\"index\":0},{\"data\":\"1\",\"secondtype\":1,\"name\":\"受伤事故数\",\"StatisticsType\":[3,4,5],\"units\":[1],\"Mandated\":false,\"defaultValue\":\"1\",\"index\":0},{\"data\":\"1\",\"secondtype\":1,\"name\":\"受伤人数\",\"StatisticsType\":[3,4,5],\"units\":[1],\"Mandated\":false,\"defaultValue\":\"1\",\"index\":0},{\"data\":\"1\",\"secondtype\":1,\"name\":\"死亡事故数\",\"StatisticsType\":[3,4,5],\"units\":[1],\"Mandated\":false,\"defaultValue\":\"1\",\"index\":0},{\"data\":\"1\",\"secondtype\":1,\"name\":\"死亡人数\",\"StatisticsType\":[3,4,5],\"units\":[1],\"Mandated\":false,\"defaultValue\":\"1\",\"index\":0}],\"hasSecondItems\":true,\"Name\":\"交通事故概况\",\"Mandated\":false,\"Deleted\":false,\"Comment\":\"\",\"units\":[1],\"inputtype\":1,\"StatisticsType\":[],\"defaultValue\":\"\",\"tabletype\":\"每日点名统计汇报\",\"index\":98}],\"draft\":0}',4,'2017-11-20 09:16:54','',4,NULL,'2017-11-20 09:17:01','每日点名统计汇报'),('2017-11-20','one','{\"date\":\"2017-11-20\",\"reportname\":\"每日交管动态汇报\",\"datalist\":[{\"Content\":\"\",\"secondlist\":[],\"hasSecondItems\":false,\"Name\":\"汇报日期\",\"Mandated\":false,\"Deleted\":false,\"Comment\":\"\",\"units\":[1],\"inputtype\":4,\"StatisticsType\":[4],\"defaultValue\":\"\",\"tabletype\":\"每日交管动态汇报\",\"index\":90},{\"Content\":\"\",\"secondlist\":[{\"data\":\"晴\",\"secondtype\":2,\"name\":\"辖区天气\",\"StatisticsType\":[],\"units\":[1],\"Mandated\":false,\"defaultValue\":\"晴\",\"index\":0},{\"data\":\"12\",\"secondtype\":1,\"name\":\"最高气温\",\"StatisticsType\":[],\"units\":[1],\"Mandated\":false,\"defaultValue\":\"12\",\"index\":0},{\"data\":\"5\",\"secondtype\":1,\"name\":\"最低气温\",\"StatisticsType\":[],\"units\":[1],\"Mandated\":false,\"defaultValue\":\"5\",\"index\":0},{\"data\":\"1\",\"secondtype\":1,\"name\":\"预警事件\",\"StatisticsType\":[],\"units\":[1],\"Mandated\":false,\"defaultValue\":\"1\",\"index\":0}],\"hasSecondItems\":true,\"Name\":\"交通事件统计\",\"Mandated\":false,\"Deleted\":false,\"Comment\":\"\",\"units\":[1],\"inputtype\":1,\"StatisticsType\":[],\"defaultValue\":\"\",\"tabletype\":\"每日交管动态汇报\",\"index\":94},{\"Content\":\"一大队\",\"secondlist\":[],\"hasSecondItems\":false,\"Name\":\"撰写人\",\"Mandated\":true,\"Deleted\":false,\"Comment\":\"\",\"units\":[1],\"inputtype\":3,\"StatisticsType\":[4],\"defaultValue\":\"一大队\",\"tabletype\":\"每日交管动态汇报\",\"index\":92},{\"Content\":\"一大队指挥\",\"secondlist\":[],\"hasSecondItems\":false,\"Name\":\"指挥调度概况\",\"Mandated\":false,\"Deleted\":false,\"Comment\":\"\",\"units\":[1],\"inputtype\":3,\"StatisticsType\":[4],\"defaultValue\":\"一大队指挥\",\"tabletype\":\"每日交管动态汇报\",\"index\":96},{\"Content\":\"一大队良好\",\"secondlist\":[],\"hasSecondItems\":false,\"Name\":\"道路交通设施概况\",\"Mandated\":true,\"Deleted\":false,\"Comment\":\"\",\"units\":[1],\"inputtype\":3,\"StatisticsType\":[4],\"defaultValue\":\"一大队良好\",\"tabletype\":\"每日交管动态汇报\",\"index\":97},{\"Content\":\"一大队\",\"secondlist\":[],\"hasSecondItems\":false,\"Name\":\"审核人\",\"Mandated\":true,\"Deleted\":false,\"Comment\":\"\",\"units\":[1],\"inputtype\":3,\"StatisticsType\":[4],\"defaultValue\":\"一大队\",\"tabletype\":\"每日交管动态汇报\",\"index\":91},{\"Content\":\"\",\"secondlist\":[{\"data\":\"1\",\"secondtype\":1,\"name\":\"交通事故数\",\"StatisticsType\":[3,4,5],\"units\":[1],\"Mandated\":false,\"defaultValue\":\"1\",\"index\":0},{\"data\":\"1\",\"secondtype\":1,\"name\":\"受伤事故数\",\"StatisticsType\":[3,4,5],\"units\":[1],\"Mandated\":false,\"defaultValue\":\"1\",\"index\":0},{\"data\":\"1\",\"secondtype\":1,\"name\":\"受伤人数\",\"StatisticsType\":[3,4,5],\"units\":[1],\"Mandated\":false,\"defaultValue\":\"1\",\"index\":0},{\"data\":\"1\",\"secondtype\":1,\"name\":\"死亡事故数\",\"StatisticsType\":[3,4,5],\"units\":[1],\"Mandated\":false,\"defaultValue\":\"1\",\"index\":0},{\"data\":\"1\",\"secondtype\":1,\"name\":\"死亡人数\",\"StatisticsType\":[3,4,5],\"units\":[1],\"Mandated\":false,\"defaultValue\":\"1\",\"index\":0}],\"hasSecondItems\":true,\"Name\":\"交通事故概况\",\"Mandated\":false,\"Deleted\":false,\"Comment\":\"\",\"units\":[1],\"inputtype\":1,\"StatisticsType\":[],\"defaultValue\":\"\",\"tabletype\":\"每日交管动态汇报\",\"index\":98},{\"Content\":\"一大队良好\",\"secondlist\":[],\"hasSecondItems\":false,\"Name\":\"市区路网交通运行评价\",\"Mandated\":false,\"Deleted\":false,\"Comment\":\"\",\"units\":[1],\"inputtype\":3,\"StatisticsType\":[4],\"defaultValue\":\"一大队良好\",\"tabletype\":\"每日交管动态汇报\",\"index\":95},{\"Content\":\"\",\"secondlist\":[{\"data\":\"6\",\"secondtype\":1,\"name\":\"出警次数\",\"StatisticsType\":[3,4,5],\"units\":[1],\"Mandated\":true,\"defaultValue\":\"6\",\"index\":0},{\"data\":\"1\",\"secondtype\":1,\"name\":\"警车数\",\"StatisticsType\":[3,4,5],\"units\":[1],\"Mandated\":true,\"defaultValue\":\"1\",\"index\":0},{\"data\":\"1\",\"secondtype\":1,\"name\":\"现场执法数\",\"StatisticsType\":[3,4,5],\"units\":[1],\"Mandated\":true,\"defaultValue\":\"1\",\"index\":0}],\"hasSecondItems\":true,\"Name\":\"勤务动态\",\"Mandated\":false,\"Deleted\":false,\"Comment\":\"此处填写警务动态\",\"units\":[1],\"inputtype\":1,\"StatisticsType\":[],\"defaultValue\":\"\",\"tabletype\":\"每日交管动态汇报\",\"index\":99},{\"Content\":\"一大队工作\",\"secondlist\":[],\"hasSecondItems\":false,\"Name\":\"工作动态\",\"Mandated\":true,\"Deleted\":false,\"Comment\":\"\",\"units\":[1],\"inputtype\":3,\"StatisticsType\":[4],\"defaultValue\":\"一大队工作\",\"tabletype\":\"每日交管动态汇报\",\"index\":93}],\"draft\":0}',3,'2017-11-20 10:10:15',NULL,0,NULL,'2017-11-20 10:10:15','每日交管动态汇报'),('2017-11-20','one','{\"date\":\"2017-11-20\",\"reportname\":\"每日点名统计汇报\",\"datalist\":[{\"Content\":\"\",\"secondlist\":[{\"data\":\"晴\",\"secondtype\":2,\"name\":\"辖区天气\",\"StatisticsType\":[],\"units\":[1],\"Mandated\":false,\"defaultValue\":\"晴\",\"index\":0},{\"data\":\"12\",\"secondtype\":1,\"name\":\"最高气温\",\"StatisticsType\":[],\"units\":[1],\"Mandated\":false,\"defaultValue\":\"12\",\"index\":0},{\"data\":\"5\",\"secondtype\":1,\"name\":\"最低气温\",\"StatisticsType\":[],\"units\":[1],\"Mandated\":false,\"defaultValue\":\"5\",\"index\":0},{\"data\":\"1\",\"secondtype\":2,\"name\":\"预警事件\",\"StatisticsType\":[],\"units\":[1],\"Mandated\":false,\"defaultValue\":\"1\",\"index\":0}],\"hasSecondItems\":true,\"Name\":\"交通事件统计\",\"Mandated\":false,\"Deleted\":false,\"Comment\":\"\",\"units\":[1],\"inputtype\":1,\"StatisticsType\":[],\"defaultValue\":\"\",\"tabletype\":\"每日点名统计汇报\",\"index\":94},{\"Content\":\"一大队指挥\",\"secondlist\":[],\"hasSecondItems\":false,\"Name\":\"指挥调度概况\",\"Mandated\":false,\"Deleted\":false,\"Comment\":\"\",\"units\":[1],\"inputtype\":3,\"StatisticsType\":[4],\"defaultValue\":\"一大队指挥\",\"tabletype\":\"每日点名统计汇报\",\"index\":96},{\"Content\":\"\",\"secondlist\":[],\"hasSecondItems\":false,\"Name\":\"汇报日期\",\"Mandated\":false,\"Deleted\":false,\"Comment\":\"\",\"units\":[1],\"inputtype\":4,\"StatisticsType\":[4],\"defaultValue\":\"\",\"tabletype\":\"每日点名统计汇报\",\"index\":90},{\"Content\":\"一大队良好\",\"secondlist\":[],\"hasSecondItems\":false,\"Name\":\"道路交通设施概况\",\"Mandated\":true,\"Deleted\":false,\"Comment\":\"\",\"units\":[1],\"inputtype\":3,\"StatisticsType\":[4],\"defaultValue\":\"一大队良好\",\"tabletype\":\"每日点名统计汇报\",\"index\":97},{\"Content\":\"一大队\",\"secondlist\":[],\"hasSecondItems\":false,\"Name\":\"撰写人\",\"Mandated\":true,\"Deleted\":false,\"Comment\":\"\",\"units\":[1],\"inputtype\":3,\"StatisticsType\":[4],\"defaultValue\":\"一大队\",\"tabletype\":\"每日点名统计汇报\",\"index\":92},{\"Content\":\"一大队\",\"secondlist\":[],\"hasSecondItems\":false,\"Name\":\"审核人\",\"Mandated\":true,\"Deleted\":false,\"Comment\":\"\",\"units\":[1],\"inputtype\":3,\"StatisticsType\":[4],\"defaultValue\":\"一大队\",\"tabletype\":\"每日点名统计汇报\",\"index\":91},{\"Content\":\"一大队工作\",\"secondlist\":[],\"hasSecondItems\":false,\"Name\":\"工作动态\",\"Mandated\":true,\"Deleted\":false,\"Comment\":\"\",\"units\":[1],\"inputtype\":3,\"StatisticsType\":[4],\"defaultValue\":\"一大队工作\",\"tabletype\":\"每日点名统计汇报\",\"index\":93},{\"Content\":\"\",\"secondlist\":[{\"data\":\"5\",\"secondtype\":1,\"name\":\"出警次数\",\"StatisticsType\":[3,4,5],\"units\":[1],\"Mandated\":true,\"defaultValue\":\"5\",\"index\":0},{\"data\":\"1\",\"secondtype\":1,\"name\":\"警车数\",\"StatisticsType\":[3,4,5],\"units\":[1],\"Mandated\":true,\"defaultValue\":\"1\",\"index\":0},{\"data\":\"1\",\"secondtype\":1,\"name\":\"现场执法数\",\"StatisticsType\":[3,4,5],\"units\":[1],\"Mandated\":true,\"defaultValue\":\"1\",\"index\":0}],\"hasSecondItems\":true,\"Name\":\"勤务动态\",\"Mandated\":false,\"Deleted\":false,\"Comment\":\"此处填写警务动态\",\"units\":[1],\"inputtype\":1,\"StatisticsType\":[],\"defaultValue\":\"\",\"tabletype\":\"每日点名统计汇报\",\"index\":99},{\"Content\":\"一大队良好\",\"secondlist\":[],\"hasSecondItems\":false,\"Name\":\"市区路网交通运行评价\",\"Mandated\":false,\"Deleted\":false,\"Comment\":\"\",\"units\":[1],\"inputtype\":3,\"StatisticsType\":[4],\"defaultValue\":\"一大队良好\",\"tabletype\":\"每日点名统计汇报\",\"index\":95},{\"Content\":\"\",\"secondlist\":[{\"data\":\"1\",\"secondtype\":1,\"name\":\"交通事故数\",\"StatisticsType\":[3,4,5],\"units\":[1],\"Mandated\":false,\"defaultValue\":\"1\",\"index\":0},{\"data\":\"1\",\"secondtype\":1,\"name\":\"受伤事故数\",\"StatisticsType\":[3,4,5],\"units\":[1],\"Mandated\":false,\"defaultValue\":\"1\",\"index\":0},{\"data\":\"1\",\"secondtype\":1,\"name\":\"受伤人数\",\"StatisticsType\":[3,4,5],\"units\":[1],\"Mandated\":false,\"defaultValue\":\"1\",\"index\":0},{\"data\":\"1\",\"secondtype\":1,\"name\":\"死亡事故数\",\"StatisticsType\":[3,4,5],\"units\":[1],\"Mandated\":false,\"defaultValue\":\"1\",\"index\":0},{\"data\":\"1\",\"secondtype\":1,\"name\":\"死亡人数\",\"StatisticsType\":[3,4,5],\"units\":[1],\"Mandated\":false,\"defaultValue\":\"1\",\"index\":0}],\"hasSecondItems\":true,\"Name\":\"交通事故概况\",\"Mandated\":false,\"Deleted\":false,\"Comment\":\"\",\"units\":[1],\"inputtype\":1,\"StatisticsType\":[],\"defaultValue\":\"\",\"tabletype\":\"每日点名统计汇报\",\"index\":98}],\"draft\":0}',4,'2017-11-20 09:28:03','111',5,NULL,'2017-11-20 09:28:03','每日点名统计汇报'),('2017-11-20','penglai','{\"date\":\"2017-11-20\",\"reportname\":\"每日交管动态汇报\",\"datalist\":[{\"Content\":\"\",\"secondlist\":[],\"hasSecondItems\":false,\"Name\":\"汇报日期\",\"Mandated\":false,\"Deleted\":false,\"Comment\":\"\",\"units\":[1],\"inputtype\":4,\"StatisticsType\":[4],\"defaultValue\":\"\",\"tabletype\":\"每日交管动态汇报\",\"index\":90},{\"Content\":\"\",\"secondlist\":[{\"data\":\"晴\",\"secondtype\":2,\"name\":\"辖区天气\",\"StatisticsType\":[],\"units\":[1],\"Mandated\":false,\"defaultValue\":\"晴\",\"index\":0},{\"data\":\"12\",\"secondtype\":1,\"name\":\"最高气温\",\"StatisticsType\":[],\"units\":[1],\"Mandated\":false,\"defaultValue\":\"12\",\"index\":0},{\"data\":\"5\",\"secondtype\":1,\"name\":\"最低气温\",\"StatisticsType\":[],\"units\":[1],\"Mandated\":false,\"defaultValue\":\"5\",\"index\":0},{\"data\":\"1\",\"secondtype\":1,\"name\":\"预警事件\",\"StatisticsType\":[],\"units\":[1],\"Mandated\":false,\"defaultValue\":\"1\",\"index\":0}],\"hasSecondItems\":true,\"Name\":\"交通事件统计\",\"Mandated\":false,\"Deleted\":false,\"Comment\":\"\",\"units\":[1],\"inputtype\":1,\"StatisticsType\":[],\"defaultValue\":\"\",\"tabletype\":\"每日交管动态汇报\",\"index\":94},{\"Content\":\"蓬莱\",\"secondlist\":[],\"hasSecondItems\":false,\"Name\":\"撰写人\",\"Mandated\":true,\"Deleted\":false,\"Comment\":\"\",\"units\":[1],\"inputtype\":3,\"StatisticsType\":[4],\"defaultValue\":\"蓬莱\",\"tabletype\":\"每日交管动态汇报\",\"index\":92},{\"Content\":\"蓬莱指挥\",\"secondlist\":[],\"hasSecondItems\":false,\"Name\":\"指挥调度概况\",\"Mandated\":false,\"Deleted\":false,\"Comment\":\"\",\"units\":[1],\"inputtype\":3,\"StatisticsType\":[4],\"defaultValue\":\"蓬莱指挥\",\"tabletype\":\"每日交管动态汇报\",\"index\":96},{\"Content\":\"蓬莱良好\",\"secondlist\":[],\"hasSecondItems\":false,\"Name\":\"道路交通设施概况\",\"Mandated\":true,\"Deleted\":false,\"Comment\":\"\",\"units\":[1],\"inputtype\":3,\"StatisticsType\":[4],\"defaultValue\":\"蓬莱良好\",\"tabletype\":\"每日交管动态汇报\",\"index\":97},{\"Content\":\"蓬莱\",\"secondlist\":[],\"hasSecondItems\":false,\"Name\":\"审核人\",\"Mandated\":true,\"Deleted\":false,\"Comment\":\"\",\"units\":[1],\"inputtype\":3,\"StatisticsType\":[4],\"defaultValue\":\"蓬莱\",\"tabletype\":\"每日交管动态汇报\",\"index\":91},{\"Content\":\"\",\"secondlist\":[{\"data\":\"1\",\"secondtype\":1,\"name\":\"交通事故数\",\"StatisticsType\":[3,4,5],\"units\":[1],\"Mandated\":false,\"defaultValue\":\"1\",\"index\":0},{\"data\":\"1\",\"secondtype\":1,\"name\":\"受伤事故数\",\"StatisticsType\":[3,4,5],\"units\":[1],\"Mandated\":false,\"defaultValue\":\"1\",\"index\":0},{\"data\":\"1\",\"secondtype\":1,\"name\":\"受伤人数\",\"StatisticsType\":[3,4,5],\"units\":[1],\"Mandated\":false,\"defaultValue\":\"1\",\"index\":0},{\"data\":\"1\",\"secondtype\":1,\"name\":\"死亡事故数\",\"StatisticsType\":[3,4,5],\"units\":[1],\"Mandated\":false,\"defaultValue\":\"1\",\"index\":0},{\"data\":\"1\",\"secondtype\":1,\"name\":\"死亡人数\",\"StatisticsType\":[3,4,5],\"units\":[1],\"Mandated\":false,\"defaultValue\":\"1\",\"index\":0}],\"hasSecondItems\":true,\"Name\":\"交通事故概况\",\"Mandated\":false,\"Deleted\":false,\"Comment\":\"\",\"units\":[1],\"inputtype\":1,\"StatisticsType\":[],\"defaultValue\":\"\",\"tabletype\":\"每日交管动态汇报\",\"index\":98},{\"Content\":\"蓬莱良好\",\"secondlist\":[],\"hasSecondItems\":false,\"Name\":\"市区路网交通运行评价\",\"Mandated\":false,\"Deleted\":false,\"Comment\":\"\",\"units\":[1],\"inputtype\":3,\"StatisticsType\":[4],\"defaultValue\":\"蓬莱良好\",\"tabletype\":\"每日交管动态汇报\",\"index\":95},{\"Content\":\"\",\"secondlist\":[{\"data\":\"6\",\"secondtype\":1,\"name\":\"出警次数\",\"StatisticsType\":[3,4,5],\"units\":[1],\"Mandated\":true,\"defaultValue\":\"6\",\"index\":0},{\"data\":\"1\",\"secondtype\":1,\"name\":\"警车数\",\"StatisticsType\":[3,4,5],\"units\":[1],\"Mandated\":true,\"defaultValue\":\"1\",\"index\":0},{\"data\":\"1\",\"secondtype\":1,\"name\":\"现场执法数\",\"StatisticsType\":[3,4,5],\"units\":[1],\"Mandated\":true,\"defaultValue\":\"1\",\"index\":0}],\"hasSecondItems\":true,\"Name\":\"勤务动态\",\"Mandated\":false,\"Deleted\":false,\"Comment\":\"此处填写警务动态\",\"units\":[1],\"inputtype\":1,\"StatisticsType\":[],\"defaultValue\":\"\",\"tabletype\":\"每日交管动态汇报\",\"index\":99},{\"Content\":\"蓬莱工作\",\"secondlist\":[],\"hasSecondItems\":false,\"Name\":\"工作动态\",\"Mandated\":true,\"Deleted\":false,\"Comment\":\"\",\"units\":[1],\"inputtype\":3,\"StatisticsType\":[4],\"defaultValue\":\"蓬莱工作\",\"tabletype\":\"每日交管动态汇报\",\"index\":93}],\"draft\":0}',3,'2017-11-20 10:01:06',NULL,0,NULL,'2017-11-20 10:01:06','每日交管动态汇报'),('2017-11-20','penglai','{\"date\":\"2017-11-20\",\"reportname\":\"每日点名统计汇报\",\"datalist\":[{\"Content\":\"\",\"secondlist\":[{\"data\":\"晴\",\"secondtype\":2,\"name\":\"辖区天气\",\"StatisticsType\":[],\"units\":[1],\"Mandated\":false,\"defaultValue\":\"晴\",\"index\":0},{\"data\":\"12\",\"secondtype\":1,\"name\":\"最高气温\",\"StatisticsType\":[],\"units\":[1],\"Mandated\":false,\"defaultValue\":\"12\",\"index\":0},{\"data\":\"5\",\"secondtype\":1,\"name\":\"最低气温\",\"StatisticsType\":[],\"units\":[1],\"Mandated\":false,\"defaultValue\":\"5\",\"index\":0},{\"data\":\"1\",\"secondtype\":2,\"name\":\"预警事件\",\"StatisticsType\":[],\"units\":[1],\"Mandated\":false,\"defaultValue\":\"1\",\"index\":0}],\"hasSecondItems\":true,\"Name\":\"交通事件统计\",\"Mandated\":false,\"Deleted\":false,\"Comment\":\"\",\"units\":[1],\"inputtype\":1,\"StatisticsType\":[],\"defaultValue\":\"\",\"tabletype\":\"每日点名统计汇报\",\"index\":94},{\"Content\":\"蓬莱指挥\",\"secondlist\":[],\"hasSecondItems\":false,\"Name\":\"指挥调度概况\",\"Mandated\":false,\"Deleted\":false,\"Comment\":\"\",\"units\":[1],\"inputtype\":3,\"StatisticsType\":[4],\"defaultValue\":\"蓬莱指挥\",\"tabletype\":\"每日点名统计汇报\",\"index\":96},{\"Content\":\"\",\"secondlist\":[],\"hasSecondItems\":false,\"Name\":\"汇报日期\",\"Mandated\":false,\"Deleted\":false,\"Comment\":\"\",\"units\":[1],\"inputtype\":4,\"StatisticsType\":[4],\"defaultValue\":\"\",\"tabletype\":\"每日点名统计汇报\",\"index\":90},{\"Content\":\"蓬莱良好\",\"secondlist\":[],\"hasSecondItems\":false,\"Name\":\"道路交通设施概况\",\"Mandated\":true,\"Deleted\":false,\"Comment\":\"\",\"units\":[1],\"inputtype\":3,\"StatisticsType\":[4],\"defaultValue\":\"蓬莱良好\",\"tabletype\":\"每日点名统计汇报\",\"index\":97},{\"Content\":\"蓬莱\",\"secondlist\":[],\"hasSecondItems\":false,\"Name\":\"撰写人\",\"Mandated\":true,\"Deleted\":false,\"Comment\":\"\",\"units\":[1],\"inputtype\":3,\"StatisticsType\":[4],\"defaultValue\":\"蓬莱\",\"tabletype\":\"每日点名统计汇报\",\"index\":92},{\"Content\":\"蓬莱\",\"secondlist\":[],\"hasSecondItems\":false,\"Name\":\"审核人\",\"Mandated\":true,\"Deleted\":false,\"Comment\":\"\",\"units\":[1],\"inputtype\":3,\"StatisticsType\":[4],\"defaultValue\":\"蓬莱\",\"tabletype\":\"每日点名统计汇报\",\"index\":91},{\"Content\":\"蓬莱工作\",\"secondlist\":[],\"hasSecondItems\":false,\"Name\":\"工作动态\",\"Mandated\":true,\"Deleted\":false,\"Comment\":\"\",\"units\":[1],\"inputtype\":3,\"StatisticsType\":[4],\"defaultValue\":\"蓬莱工作\",\"tabletype\":\"每日点名统计汇报\",\"index\":93},{\"Content\":\"\",\"secondlist\":[{\"data\":\"5\",\"secondtype\":1,\"name\":\"出警次数\",\"StatisticsType\":[3,4,5],\"units\":[1],\"Mandated\":true,\"defaultValue\":\"5\",\"index\":0},{\"data\":\"1\",\"secondtype\":1,\"name\":\"警车数\",\"StatisticsType\":[3,4,5],\"units\":[1],\"Mandated\":true,\"defaultValue\":\"1\",\"index\":0},{\"data\":\"1\",\"secondtype\":1,\"name\":\"现场执法数\",\"StatisticsType\":[3,4,5],\"units\":[1],\"Mandated\":true,\"defaultValue\":\"1\",\"index\":0}],\"hasSecondItems\":true,\"Name\":\"勤务动态\",\"Mandated\":false,\"Deleted\":false,\"Comment\":\"此处填写警务动态\",\"units\":[1],\"inputtype\":1,\"StatisticsType\":[],\"defaultValue\":\"\",\"tabletype\":\"每日点名统计汇报\",\"index\":99},{\"Content\":\"蓬莱良好\",\"secondlist\":[],\"hasSecondItems\":false,\"Name\":\"市区路网交通运行评价\",\"Mandated\":false,\"Deleted\":false,\"Comment\":\"\",\"units\":[1],\"inputtype\":3,\"StatisticsType\":[4],\"defaultValue\":\"蓬莱良好\",\"tabletype\":\"每日点名统计汇报\",\"index\":95},{\"Content\":\"\",\"secondlist\":[{\"data\":\"1\",\"secondtype\":1,\"name\":\"交通事故数\",\"StatisticsType\":[3,4,5],\"units\":[1],\"Mandated\":false,\"defaultValue\":\"1\",\"index\":0},{\"data\":\"1\",\"secondtype\":1,\"name\":\"受伤事故数\",\"StatisticsType\":[3,4,5],\"units\":[1],\"Mandated\":false,\"defaultValue\":\"1\",\"index\":0},{\"data\":\"1\",\"secondtype\":1,\"name\":\"受伤人数\",\"StatisticsType\":[3,4,5],\"units\":[1],\"Mandated\":false,\"defaultValue\":\"1\",\"index\":0},{\"data\":\"1\",\"secondtype\":1,\"name\":\"死亡事故数\",\"StatisticsType\":[3,4,5],\"units\":[1],\"Mandated\":false,\"defaultValue\":\"1\",\"index\":0},{\"data\":\"1\",\"secondtype\":1,\"name\":\"死亡人数\",\"StatisticsType\":[3,4,5],\"units\":[1],\"Mandated\":false,\"defaultValue\":\"1\",\"index\":0}],\"hasSecondItems\":true,\"Name\":\"交通事故概况\",\"Mandated\":false,\"Deleted\":false,\"Comment\":\"\",\"units\":[1],\"inputtype\":1,\"StatisticsType\":[],\"defaultValue\":\"\",\"tabletype\":\"每日点名统计汇报\",\"index\":98}],\"draft\":0}',4,'2017-11-20 09:22:29','',2,NULL,'2017-11-20 09:22:29','每日点名统计汇报'),('2017-11-20','qixia','{\"date\":\"2017-11-20\",\"reportname\":\"每日交管动态汇报\",\"datalist\":[{\"Content\":\"\",\"secondlist\":[],\"hasSecondItems\":false,\"Name\":\"汇报日期\",\"Mandated\":false,\"Deleted\":false,\"Comment\":\"\",\"units\":[1],\"inputtype\":4,\"StatisticsType\":[4],\"defaultValue\":\"\",\"tabletype\":\"每日交管动态汇报\",\"index\":90},{\"Content\":\"\",\"secondlist\":[{\"data\":\"晴\",\"secondtype\":2,\"name\":\"辖区天气\",\"StatisticsType\":[],\"units\":[1],\"Mandated\":false,\"defaultValue\":\"晴\",\"index\":0},{\"data\":\"12\",\"secondtype\":1,\"name\":\"最高气温\",\"StatisticsType\":[],\"units\":[1],\"Mandated\":false,\"defaultValue\":\"12\",\"index\":0},{\"data\":\"5\",\"secondtype\":1,\"name\":\"最低气温\",\"StatisticsType\":[],\"units\":[1],\"Mandated\":false,\"defaultValue\":\"5\",\"index\":0},{\"data\":\"1\",\"secondtype\":1,\"name\":\"预警事件\",\"StatisticsType\":[],\"units\":[1],\"Mandated\":false,\"defaultValue\":\"1\",\"index\":0}],\"hasSecondItems\":true,\"Name\":\"交通事件统计\",\"Mandated\":false,\"Deleted\":false,\"Comment\":\"\",\"units\":[1],\"inputtype\":1,\"StatisticsType\":[],\"defaultValue\":\"\",\"tabletype\":\"每日交管动态汇报\",\"index\":94},{\"Content\":\"栖霞\",\"secondlist\":[],\"hasSecondItems\":false,\"Name\":\"撰写人\",\"Mandated\":true,\"Deleted\":false,\"Comment\":\"\",\"units\":[1],\"inputtype\":3,\"StatisticsType\":[4],\"defaultValue\":\"栖霞\",\"tabletype\":\"每日交管动态汇报\",\"index\":92},{\"Content\":\"栖霞指挥\",\"secondlist\":[],\"hasSecondItems\":false,\"Name\":\"指挥调度概况\",\"Mandated\":false,\"Deleted\":false,\"Comment\":\"\",\"units\":[1],\"inputtype\":3,\"StatisticsType\":[4],\"defaultValue\":\"栖霞指挥\",\"tabletype\":\"每日交管动态汇报\",\"index\":96},{\"Content\":\"栖霞良好\",\"secondlist\":[],\"hasSecondItems\":false,\"Name\":\"道路交通设施概况\",\"Mandated\":true,\"Deleted\":false,\"Comment\":\"\",\"units\":[1],\"inputtype\":3,\"StatisticsType\":[4],\"defaultValue\":\"栖霞良好\",\"tabletype\":\"每日交管动态汇报\",\"index\":97},{\"Content\":\"栖霞\",\"secondlist\":[],\"hasSecondItems\":false,\"Name\":\"审核人\",\"Mandated\":true,\"Deleted\":false,\"Comment\":\"\",\"units\":[1],\"inputtype\":3,\"StatisticsType\":[4],\"defaultValue\":\"栖霞\",\"tabletype\":\"每日交管动态汇报\",\"index\":91},{\"Content\":\"\",\"secondlist\":[{\"data\":\"1\",\"secondtype\":1,\"name\":\"交通事故数\",\"StatisticsType\":[3,4,5],\"units\":[1],\"Mandated\":false,\"defaultValue\":\"1\",\"index\":0},{\"data\":\"1\",\"secondtype\":1,\"name\":\"受伤事故数\",\"StatisticsType\":[3,4,5],\"units\":[1],\"Mandated\":false,\"defaultValue\":\"1\",\"index\":0},{\"data\":\"1\",\"secondtype\":1,\"name\":\"受伤人数\",\"StatisticsType\":[3,4,5],\"units\":[1],\"Mandated\":false,\"defaultValue\":\"1\",\"index\":0},{\"data\":\"1\",\"secondtype\":1,\"name\":\"死亡事故数\",\"StatisticsType\":[3,4,5],\"units\":[1],\"Mandated\":false,\"defaultValue\":\"1\",\"index\":0},{\"data\":\"1\",\"secondtype\":1,\"name\":\"死亡人数\",\"StatisticsType\":[3,4,5],\"units\":[1],\"Mandated\":false,\"defaultValue\":\"1\",\"index\":0}],\"hasSecondItems\":true,\"Name\":\"交通事故概况\",\"Mandated\":false,\"Deleted\":false,\"Comment\":\"\",\"units\":[1],\"inputtype\":1,\"StatisticsType\":[],\"defaultValue\":\"\",\"tabletype\":\"每日交管动态汇报\",\"index\":98},{\"Content\":\"栖霞良好\",\"secondlist\":[],\"hasSecondItems\":false,\"Name\":\"市区路网交通运行评价\",\"Mandated\":false,\"Deleted\":false,\"Comment\":\"\",\"units\":[1],\"inputtype\":3,\"StatisticsType\":[4],\"defaultValue\":\"栖霞良好\",\"tabletype\":\"每日交管动态汇报\",\"index\":95},{\"Content\":\"\",\"secondlist\":[{\"data\":\"6\",\"secondtype\":1,\"name\":\"出警次数\",\"StatisticsType\":[3,4,5],\"units\":[1],\"Mandated\":true,\"defaultValue\":\"6\",\"index\":0},{\"data\":\"1\",\"secondtype\":1,\"name\":\"警车数\",\"StatisticsType\":[3,4,5],\"units\":[1],\"Mandated\":true,\"defaultValue\":\"1\",\"index\":0},{\"data\":\"1\",\"secondtype\":1,\"name\":\"现场执法数\",\"StatisticsType\":[3,4,5],\"units\":[1],\"Mandated\":true,\"defaultValue\":\"1\",\"index\":0}],\"hasSecondItems\":true,\"Name\":\"勤务动态\",\"Mandated\":false,\"Deleted\":false,\"Comment\":\"此处填写警务动态\",\"units\":[1],\"inputtype\":1,\"StatisticsType\":[],\"defaultValue\":\"\",\"tabletype\":\"每日交管动态汇报\",\"index\":99},{\"Content\":\"栖霞工作\",\"secondlist\":[],\"hasSecondItems\":false,\"Name\":\"工作动态\",\"Mandated\":true,\"Deleted\":false,\"Comment\":\"\",\"units\":[1],\"inputtype\":3,\"StatisticsType\":[4],\"defaultValue\":\"栖霞工作\",\"tabletype\":\"每日交管动态汇报\",\"index\":93}],\"draft\":0}',3,'2017-11-20 10:00:27',NULL,0,NULL,'2017-11-20 10:00:27','每日交管动态汇报'),('2017-11-20','qixia','{\"date\":\"2017-11-20\",\"reportname\":\"每日点名统计汇报\",\"datalist\":[{\"Content\":\"\",\"secondlist\":[{\"data\":\"晴\",\"secondtype\":2,\"name\":\"辖区天气\",\"StatisticsType\":[],\"units\":[1],\"Mandated\":false,\"defaultValue\":\"晴\",\"index\":0},{\"data\":\"12\",\"secondtype\":1,\"name\":\"最高气温\",\"StatisticsType\":[],\"units\":[1],\"Mandated\":false,\"defaultValue\":\"12\",\"index\":0},{\"data\":\"5\",\"secondtype\":1,\"name\":\"最低气温\",\"StatisticsType\":[],\"units\":[1],\"Mandated\":false,\"defaultValue\":\"5\",\"index\":0},{\"data\":\"1\",\"secondtype\":2,\"name\":\"预警事件\",\"StatisticsType\":[],\"units\":[1],\"Mandated\":false,\"defaultValue\":\"1\",\"index\":0}],\"hasSecondItems\":true,\"Name\":\"交通事件统计\",\"Mandated\":false,\"Deleted\":false,\"Comment\":\"\",\"units\":[1],\"inputtype\":1,\"StatisticsType\":[],\"defaultValue\":\"\",\"tabletype\":\"每日点名统计汇报\",\"index\":94},{\"Content\":\"栖霞指挥\",\"secondlist\":[],\"hasSecondItems\":false,\"Name\":\"指挥调度概况\",\"Mandated\":false,\"Deleted\":false,\"Comment\":\"\",\"units\":[1],\"inputtype\":3,\"StatisticsType\":[4],\"defaultValue\":\"栖霞指挥\",\"tabletype\":\"每日点名统计汇报\",\"index\":96},{\"Content\":\"\",\"secondlist\":[],\"hasSecondItems\":false,\"Name\":\"汇报日期\",\"Mandated\":false,\"Deleted\":false,\"Comment\":\"\",\"units\":[1],\"inputtype\":4,\"StatisticsType\":[4],\"defaultValue\":\"\",\"tabletype\":\"每日点名统计汇报\",\"index\":90},{\"Content\":\"栖霞良好\",\"secondlist\":[],\"hasSecondItems\":false,\"Name\":\"道路交通设施概况\",\"Mandated\":true,\"Deleted\":false,\"Comment\":\"\",\"units\":[1],\"inputtype\":3,\"StatisticsType\":[4],\"defaultValue\":\"栖霞良好\",\"tabletype\":\"每日点名统计汇报\",\"index\":97},{\"Content\":\"栖霞\",\"secondlist\":[],\"hasSecondItems\":false,\"Name\":\"撰写人\",\"Mandated\":true,\"Deleted\":false,\"Comment\":\"\",\"units\":[1],\"inputtype\":3,\"StatisticsType\":[4],\"defaultValue\":\"栖霞\",\"tabletype\":\"每日点名统计汇报\",\"index\":92},{\"Content\":\"栖霞\",\"secondlist\":[],\"hasSecondItems\":false,\"Name\":\"审核人\",\"Mandated\":true,\"Deleted\":false,\"Comment\":\"\",\"units\":[1],\"inputtype\":3,\"StatisticsType\":[4],\"defaultValue\":\"栖霞\",\"tabletype\":\"每日点名统计汇报\",\"index\":91},{\"Content\":\"栖霞工作\",\"secondlist\":[],\"hasSecondItems\":false,\"Name\":\"工作动态\",\"Mandated\":true,\"Deleted\":false,\"Comment\":\"\",\"units\":[1],\"inputtype\":3,\"StatisticsType\":[4],\"defaultValue\":\"栖霞工作\",\"tabletype\":\"每日点名统计汇报\",\"index\":93},{\"Content\":\"\",\"secondlist\":[{\"data\":\"5\",\"secondtype\":1,\"name\":\"出警次数\",\"StatisticsType\":[3,4,5],\"units\":[1],\"Mandated\":true,\"defaultValue\":\"5\",\"index\":0},{\"data\":\"1\",\"secondtype\":1,\"name\":\"警车数\",\"StatisticsType\":[3,4,5],\"units\":[1],\"Mandated\":true,\"defaultValue\":\"1\",\"index\":0},{\"data\":\"1\",\"secondtype\":1,\"name\":\"现场执法数\",\"StatisticsType\":[3,4,5],\"units\":[1],\"Mandated\":true,\"defaultValue\":\"1\",\"index\":0}],\"hasSecondItems\":true,\"Name\":\"勤务动态\",\"Mandated\":false,\"Deleted\":false,\"Comment\":\"此处填写警务动态\",\"units\":[1],\"inputtype\":1,\"StatisticsType\":[],\"defaultValue\":\"\",\"tabletype\":\"每日点名统计汇报\",\"index\":99},{\"Content\":\"栖霞良好\",\"secondlist\":[],\"hasSecondItems\":false,\"Name\":\"市区路网交通运行评价\",\"Mandated\":false,\"Deleted\":false,\"Comment\":\"\",\"units\":[1],\"inputtype\":3,\"StatisticsType\":[4],\"defaultValue\":\"栖霞良好\",\"tabletype\":\"每日点名统计汇报\",\"index\":95},{\"Content\":\"\",\"secondlist\":[{\"data\":\"1\",\"secondtype\":1,\"name\":\"交通事故数\",\"StatisticsType\":[3,4,5],\"units\":[1],\"Mandated\":false,\"defaultValue\":\"1\",\"index\":0},{\"data\":\"1\",\"secondtype\":1,\"name\":\"受伤事故数\",\"StatisticsType\":[3,4,5],\"units\":[1],\"Mandated\":false,\"defaultValue\":\"1\",\"index\":0},{\"data\":\"1\",\"secondtype\":1,\"name\":\"受伤人数\",\"StatisticsType\":[3,4,5],\"units\":[1],\"Mandated\":false,\"defaultValue\":\"1\",\"index\":0},{\"data\":\"1\",\"secondtype\":1,\"name\":\"死亡事故数\",\"StatisticsType\":[3,4,5],\"units\":[1],\"Mandated\":false,\"defaultValue\":\"1\",\"index\":0},{\"data\":\"1\",\"secondtype\":1,\"name\":\"死亡人数\",\"StatisticsType\":[3,4,5],\"units\":[1],\"Mandated\":false,\"defaultValue\":\"1\",\"index\":0}],\"hasSecondItems\":true,\"Name\":\"交通事故概况\",\"Mandated\":false,\"Deleted\":false,\"Comment\":\"\",\"units\":[1],\"inputtype\":1,\"StatisticsType\":[],\"defaultValue\":\"\",\"tabletype\":\"每日点名统计汇报\",\"index\":98}],\"draft\":0}',4,'2017-11-20 09:21:19','',2,NULL,'2017-11-20 09:21:30','每日点名统计汇报'),('2017-11-20','three','{\"date\":\"2017-11-20\",\"reportname\":\"每日交管动态汇报\",\"datalist\":[{\"Content\":\"\",\"secondlist\":[],\"hasSecondItems\":false,\"Name\":\"汇报日期\",\"Mandated\":false,\"Deleted\":false,\"Comment\":\"\",\"units\":[1],\"inputtype\":4,\"StatisticsType\":[4],\"defaultValue\":\"\",\"tabletype\":\"每日交管动态汇报\",\"index\":90},{\"Content\":\"\",\"secondlist\":[{\"data\":\"晴\",\"secondtype\":2,\"name\":\"辖区天气\",\"StatisticsType\":[],\"units\":[1],\"Mandated\":false,\"defaultValue\":\"晴\",\"index\":0},{\"data\":\"12\",\"secondtype\":1,\"name\":\"最高气温\",\"StatisticsType\":[],\"units\":[1],\"Mandated\":false,\"defaultValue\":\"12\",\"index\":0},{\"data\":\"5\",\"secondtype\":1,\"name\":\"最低气温\",\"StatisticsType\":[],\"units\":[1],\"Mandated\":false,\"defaultValue\":\"5\",\"index\":0},{\"data\":\"1\",\"secondtype\":1,\"name\":\"预警事件\",\"StatisticsType\":[],\"units\":[1],\"Mandated\":false,\"defaultValue\":\"1\",\"index\":0}],\"hasSecondItems\":true,\"Name\":\"交通事件统计\",\"Mandated\":false,\"Deleted\":false,\"Comment\":\"\",\"units\":[1],\"inputtype\":1,\"StatisticsType\":[],\"defaultValue\":\"\",\"tabletype\":\"每日交管动态汇报\",\"index\":94},{\"Content\":\"萨达对\",\"secondlist\":[],\"hasSecondItems\":false,\"Name\":\"撰写人\",\"Mandated\":true,\"Deleted\":false,\"Comment\":\"\",\"units\":[1],\"inputtype\":3,\"StatisticsType\":[4],\"defaultValue\":\"萨达对\",\"tabletype\":\"每日交管动态汇报\",\"index\":92},{\"Content\":\"萨达对指挥\",\"secondlist\":[],\"hasSecondItems\":false,\"Name\":\"指挥调度概况\",\"Mandated\":false,\"Deleted\":false,\"Comment\":\"\",\"units\":[1],\"inputtype\":3,\"StatisticsType\":[4],\"defaultValue\":\"萨达对指挥\",\"tabletype\":\"每日交管动态汇报\",\"index\":96},{\"Content\":\"三大队良好\",\"secondlist\":[],\"hasSecondItems\":false,\"Name\":\"道路交通设施概况\",\"Mandated\":true,\"Deleted\":false,\"Comment\":\"\",\"units\":[1],\"inputtype\":3,\"StatisticsType\":[4],\"defaultValue\":\"三大队良好\",\"tabletype\":\"每日交管动态汇报\",\"index\":97},{\"Content\":\"萨达对\",\"secondlist\":[],\"hasSecondItems\":false,\"Name\":\"审核人\",\"Mandated\":true,\"Deleted\":false,\"Comment\":\"\",\"units\":[1],\"inputtype\":3,\"StatisticsType\":[4],\"defaultValue\":\"萨达对\",\"tabletype\":\"每日交管动态汇报\",\"index\":91},{\"Content\":\"\",\"secondlist\":[{\"data\":\"1\",\"secondtype\":1,\"name\":\"交通事故数\",\"StatisticsType\":[3,4,5],\"units\":[1],\"Mandated\":false,\"defaultValue\":\"1\",\"index\":0},{\"data\":\"1\",\"secondtype\":1,\"name\":\"受伤事故数\",\"StatisticsType\":[3,4,5],\"units\":[1],\"Mandated\":false,\"defaultValue\":\"1\",\"index\":0},{\"data\":\"1\",\"secondtype\":1,\"name\":\"受伤人数\",\"StatisticsType\":[3,4,5],\"units\":[1],\"Mandated\":false,\"defaultValue\":\"1\",\"index\":0},{\"data\":\"1\",\"secondtype\":1,\"name\":\"死亡事故数\",\"StatisticsType\":[3,4,5],\"units\":[1],\"Mandated\":false,\"defaultValue\":\"1\",\"index\":0},{\"data\":\"1\",\"secondtype\":1,\"name\":\"死亡人数\",\"StatisticsType\":[3,4,5],\"units\":[1],\"Mandated\":false,\"defaultValue\":\"1\",\"index\":0}],\"hasSecondItems\":true,\"Name\":\"交通事故概况\",\"Mandated\":false,\"Deleted\":false,\"Comment\":\"\",\"units\":[1],\"inputtype\":1,\"StatisticsType\":[],\"defaultValue\":\"\",\"tabletype\":\"每日交管动态汇报\",\"index\":98},{\"Content\":\"三大队良好\",\"secondlist\":[],\"hasSecondItems\":false,\"Name\":\"市区路网交通运行评价\",\"Mandated\":false,\"Deleted\":false,\"Comment\":\"\",\"units\":[1],\"inputtype\":3,\"StatisticsType\":[4],\"defaultValue\":\"三大队良好\",\"tabletype\":\"每日交管动态汇报\",\"index\":95},{\"Content\":\"\",\"secondlist\":[{\"data\":\"6\",\"secondtype\":1,\"name\":\"出警次数\",\"StatisticsType\":[3,4,5],\"units\":[1],\"Mandated\":true,\"defaultValue\":\"6\",\"index\":0},{\"data\":\"1\",\"secondtype\":1,\"name\":\"警车数\",\"StatisticsType\":[3,4,5],\"units\":[1],\"Mandated\":true,\"defaultValue\":\"1\",\"index\":0},{\"data\":\"1\",\"secondtype\":1,\"name\":\"现场执法数\",\"StatisticsType\":[3,4,5],\"units\":[1],\"Mandated\":true,\"defaultValue\":\"1\",\"index\":0}],\"hasSecondItems\":true,\"Name\":\"勤务动态\",\"Mandated\":false,\"Deleted\":false,\"Comment\":\"此处填写警务动态\",\"units\":[1],\"inputtype\":1,\"StatisticsType\":[],\"defaultValue\":\"\",\"tabletype\":\"每日交管动态汇报\",\"index\":99},{\"Content\":\"三大队工作\",\"secondlist\":[],\"hasSecondItems\":false,\"Name\":\"工作动态\",\"Mandated\":true,\"Deleted\":false,\"Comment\":\"\",\"units\":[1],\"inputtype\":3,\"StatisticsType\":[4],\"defaultValue\":\"三大队工作\",\"tabletype\":\"每日交管动态汇报\",\"index\":93}],\"draft\":0}',3,'2017-11-20 10:11:45',NULL,0,NULL,'2017-11-20 10:11:45','每日交管动态汇报'),('2017-11-20','three','{\"date\":\"2017-11-20\",\"reportname\":\"每日点名统计汇报\",\"datalist\":[{\"Content\":\"\",\"secondlist\":[{\"data\":\"晴\",\"secondtype\":2,\"name\":\"辖区天气\",\"StatisticsType\":[],\"units\":[1],\"Mandated\":false,\"defaultValue\":\"晴\",\"index\":0},{\"data\":\"12\",\"secondtype\":1,\"name\":\"最高气温\",\"StatisticsType\":[],\"units\":[1],\"Mandated\":false,\"defaultValue\":\"12\",\"index\":0},{\"data\":\"5\",\"secondtype\":1,\"name\":\"最低气温\",\"StatisticsType\":[],\"units\":[1],\"Mandated\":false,\"defaultValue\":\"5\",\"index\":0},{\"data\":\"1\",\"secondtype\":2,\"name\":\"预警事件\",\"StatisticsType\":[],\"units\":[1],\"Mandated\":false,\"defaultValue\":\"1\",\"index\":0}],\"hasSecondItems\":true,\"Name\":\"交通事件统计\",\"Mandated\":false,\"Deleted\":false,\"Comment\":\"\",\"units\":[1],\"inputtype\":1,\"StatisticsType\":[],\"defaultValue\":\"\",\"tabletype\":\"每日点名统计汇报\",\"index\":94},{\"Content\":\"三大队指挥\",\"secondlist\":[],\"hasSecondItems\":false,\"Name\":\"指挥调度概况\",\"Mandated\":false,\"Deleted\":false,\"Comment\":\"\",\"units\":[1],\"inputtype\":3,\"StatisticsType\":[4],\"defaultValue\":\"三大队指挥\",\"tabletype\":\"每日点名统计汇报\",\"index\":96},{\"Content\":\"\",\"secondlist\":[],\"hasSecondItems\":false,\"Name\":\"汇报日期\",\"Mandated\":false,\"Deleted\":false,\"Comment\":\"\",\"units\":[1],\"inputtype\":4,\"StatisticsType\":[4],\"defaultValue\":\"\",\"tabletype\":\"每日点名统计汇报\",\"index\":90},{\"Content\":\"三大队良好\",\"secondlist\":[],\"hasSecondItems\":false,\"Name\":\"道路交通设施概况\",\"Mandated\":true,\"Deleted\":false,\"Comment\":\"\",\"units\":[1],\"inputtype\":3,\"StatisticsType\":[4],\"defaultValue\":\"三大队良好\",\"tabletype\":\"每日点名统计汇报\",\"index\":97},{\"Content\":\"三大队\",\"secondlist\":[],\"hasSecondItems\":false,\"Name\":\"撰写人\",\"Mandated\":true,\"Deleted\":false,\"Comment\":\"\",\"units\":[1],\"inputtype\":3,\"StatisticsType\":[4],\"defaultValue\":\"三大队\",\"tabletype\":\"每日点名统计汇报\",\"index\":92},{\"Content\":\"三大队\",\"secondlist\":[],\"hasSecondItems\":false,\"Name\":\"审核人\",\"Mandated\":true,\"Deleted\":false,\"Comment\":\"\",\"units\":[1],\"inputtype\":3,\"StatisticsType\":[4],\"defaultValue\":\"三大队\",\"tabletype\":\"每日点名统计汇报\",\"index\":91},{\"Content\":\"三大队工作\",\"secondlist\":[],\"hasSecondItems\":false,\"Name\":\"工作动态\",\"Mandated\":true,\"Deleted\":false,\"Comment\":\"\",\"units\":[1],\"inputtype\":3,\"StatisticsType\":[4],\"defaultValue\":\"三大队工作\",\"tabletype\":\"每日点名统计汇报\",\"index\":93},{\"Content\":\"\",\"secondlist\":[{\"data\":\"5\",\"secondtype\":1,\"name\":\"出警次数\",\"StatisticsType\":[3,4,5],\"units\":[1],\"Mandated\":true,\"defaultValue\":\"5\",\"index\":0},{\"data\":\"1\",\"secondtype\":1,\"name\":\"警车数\",\"StatisticsType\":[3,4,5],\"units\":[1],\"Mandated\":true,\"defaultValue\":\"1\",\"index\":0},{\"data\":\"1\",\"secondtype\":1,\"name\":\"现场执法数\",\"StatisticsType\":[3,4,5],\"units\":[1],\"Mandated\":true,\"defaultValue\":\"1\",\"index\":0}],\"hasSecondItems\":true,\"Name\":\"勤务动态\",\"Mandated\":false,\"Deleted\":false,\"Comment\":\"此处填写警务动态\",\"units\":[1],\"inputtype\":1,\"StatisticsType\":[],\"defaultValue\":\"\",\"tabletype\":\"每日点名统计汇报\",\"index\":99},{\"Content\":\"三大队良好\",\"secondlist\":[],\"hasSecondItems\":false,\"Name\":\"市区路网交通运行评价\",\"Mandated\":false,\"Deleted\":false,\"Comment\":\"\",\"units\":[1],\"inputtype\":3,\"StatisticsType\":[4],\"defaultValue\":\"三大队良好\",\"tabletype\":\"每日点名统计汇报\",\"index\":95},{\"Content\":\"\",\"secondlist\":[{\"data\":\"1\",\"secondtype\":1,\"name\":\"交通事故数\",\"StatisticsType\":[3,4,5],\"units\":[1],\"Mandated\":false,\"defaultValue\":\"1\",\"index\":0},{\"data\":\"1\",\"secondtype\":1,\"name\":\"受伤事故数\",\"StatisticsType\":[3,4,5],\"units\":[1],\"Mandated\":false,\"defaultValue\":\"1\",\"index\":0},{\"data\":\"1\",\"secondtype\":1,\"name\":\"受伤人数\",\"StatisticsType\":[3,4,5],\"units\":[1],\"Mandated\":false,\"defaultValue\":\"1\",\"index\":0},{\"data\":\"1\",\"secondtype\":1,\"name\":\"死亡事故数\",\"StatisticsType\":[3,4,5],\"units\":[1],\"Mandated\":false,\"defaultValue\":\"1\",\"index\":0},{\"data\":\"1\",\"secondtype\":1,\"name\":\"死亡人数\",\"StatisticsType\":[3,4,5],\"units\":[1],\"Mandated\":false,\"defaultValue\":\"1\",\"index\":0}],\"hasSecondItems\":true,\"Name\":\"交通事故概况\",\"Mandated\":false,\"Deleted\":false,\"Comment\":\"\",\"units\":[1],\"inputtype\":1,\"StatisticsType\":[],\"defaultValue\":\"\",\"tabletype\":\"每日点名统计汇报\",\"index\":98}],\"draft\":0}',4,'2017-11-20 09:29:47','',2,NULL,'2017-11-20 09:29:47','每日点名统计汇报'),('2017-11-20','two','{\"date\":\"2017-11-20\",\"reportname\":\"每日交管动态汇报\",\"datalist\":[{\"Content\":\"\",\"secondlist\":[],\"hasSecondItems\":false,\"Name\":\"汇报日期\",\"Mandated\":false,\"Deleted\":false,\"Comment\":\"\",\"units\":[1],\"inputtype\":4,\"StatisticsType\":[4],\"defaultValue\":\"\",\"tabletype\":\"每日交管动态汇报\",\"index\":90},{\"Content\":\"\",\"secondlist\":[{\"data\":\"晴\",\"secondtype\":2,\"name\":\"辖区天气\",\"StatisticsType\":[],\"units\":[1],\"Mandated\":false,\"defaultValue\":\"晴\",\"index\":0},{\"data\":\"12\",\"secondtype\":1,\"name\":\"最高气温\",\"StatisticsType\":[],\"units\":[1],\"Mandated\":false,\"defaultValue\":\"12\",\"index\":0},{\"data\":\"5\",\"secondtype\":1,\"name\":\"最低气温\",\"StatisticsType\":[],\"units\":[1],\"Mandated\":false,\"defaultValue\":\"5\",\"index\":0},{\"data\":\"1\",\"secondtype\":1,\"name\":\"预警事件\",\"StatisticsType\":[],\"units\":[1],\"Mandated\":false,\"defaultValue\":\"1\",\"index\":0}],\"hasSecondItems\":true,\"Name\":\"交通事件统计\",\"Mandated\":false,\"Deleted\":false,\"Comment\":\"\",\"units\":[1],\"inputtype\":1,\"StatisticsType\":[],\"defaultValue\":\"\",\"tabletype\":\"每日交管动态汇报\",\"index\":94},{\"Content\":\"二大队\",\"secondlist\":[],\"hasSecondItems\":false,\"Name\":\"撰写人\",\"Mandated\":true,\"Deleted\":false,\"Comment\":\"\",\"units\":[1],\"inputtype\":3,\"StatisticsType\":[4],\"defaultValue\":\"二大队\",\"tabletype\":\"每日交管动态汇报\",\"index\":92},{\"Content\":\"二大队支队\",\"secondlist\":[],\"hasSecondItems\":false,\"Name\":\"指挥调度概况\",\"Mandated\":false,\"Deleted\":false,\"Comment\":\"\",\"units\":[1],\"inputtype\":3,\"StatisticsType\":[4],\"defaultValue\":\"二大队支队\",\"tabletype\":\"每日交管动态汇报\",\"index\":96},{\"Content\":\"二大队良好\",\"secondlist\":[],\"hasSecondItems\":false,\"Name\":\"道路交通设施概况\",\"Mandated\":true,\"Deleted\":false,\"Comment\":\"\",\"units\":[1],\"inputtype\":3,\"StatisticsType\":[4],\"defaultValue\":\"二大队良好\",\"tabletype\":\"每日交管动态汇报\",\"index\":97},{\"Content\":\"二大队\",\"secondlist\":[],\"hasSecondItems\":false,\"Name\":\"审核人\",\"Mandated\":true,\"Deleted\":false,\"Comment\":\"\",\"units\":[1],\"inputtype\":3,\"StatisticsType\":[4],\"defaultValue\":\"二大队\",\"tabletype\":\"每日交管动态汇报\",\"index\":91},{\"Content\":\"\",\"secondlist\":[{\"data\":\"1\",\"secondtype\":1,\"name\":\"交通事故数\",\"StatisticsType\":[3,4,5],\"units\":[1],\"Mandated\":false,\"defaultValue\":\"1\",\"index\":0},{\"data\":\"1\",\"secondtype\":1,\"name\":\"受伤事故数\",\"StatisticsType\":[3,4,5],\"units\":[1],\"Mandated\":false,\"defaultValue\":\"1\",\"index\":0},{\"data\":\"1\",\"secondtype\":1,\"name\":\"受伤人数\",\"StatisticsType\":[3,4,5],\"units\":[1],\"Mandated\":false,\"defaultValue\":\"1\",\"index\":0},{\"data\":\"1\",\"secondtype\":1,\"name\":\"死亡事故数\",\"StatisticsType\":[3,4,5],\"units\":[1],\"Mandated\":false,\"defaultValue\":\"1\",\"index\":0},{\"data\":\"1\",\"secondtype\":1,\"name\":\"死亡人数\",\"StatisticsType\":[3,4,5],\"units\":[1],\"Mandated\":false,\"defaultValue\":\"1\",\"index\":0}],\"hasSecondItems\":true,\"Name\":\"交通事故概况\",\"Mandated\":false,\"Deleted\":false,\"Comment\":\"\",\"units\":[1],\"inputtype\":1,\"StatisticsType\":[],\"defaultValue\":\"\",\"tabletype\":\"每日交管动态汇报\",\"index\":98},{\"Content\":\"二大队良好\",\"secondlist\":[],\"hasSecondItems\":false,\"Name\":\"市区路网交通运行评价\",\"Mandated\":false,\"Deleted\":false,\"Comment\":\"\",\"units\":[1],\"inputtype\":3,\"StatisticsType\":[4],\"defaultValue\":\"二大队良好\",\"tabletype\":\"每日交管动态汇报\",\"index\":95},{\"Content\":\"\",\"secondlist\":[{\"data\":\"6\",\"secondtype\":1,\"name\":\"出警次数\",\"StatisticsType\":[3,4,5],\"units\":[1],\"Mandated\":true,\"defaultValue\":\"6\",\"index\":0},{\"data\":\"1\",\"secondtype\":1,\"name\":\"警车数\",\"StatisticsType\":[3,4,5],\"units\":[1],\"Mandated\":true,\"defaultValue\":\"1\",\"index\":0},{\"data\":\"1\",\"secondtype\":1,\"name\":\"现场执法数\",\"StatisticsType\":[3,4,5],\"units\":[1],\"Mandated\":true,\"defaultValue\":\"1\",\"index\":0}],\"hasSecondItems\":true,\"Name\":\"勤务动态\",\"Mandated\":false,\"Deleted\":false,\"Comment\":\"此处填写警务动态\",\"units\":[1],\"inputtype\":1,\"StatisticsType\":[],\"defaultValue\":\"\",\"tabletype\":\"每日交管动态汇报\",\"index\":99},{\"Content\":\"二大队工作\\n\",\"secondlist\":[],\"hasSecondItems\":false,\"Name\":\"工作动态\",\"Mandated\":true,\"Deleted\":false,\"Comment\":\"\",\"units\":[1],\"inputtype\":3,\"StatisticsType\":[4],\"defaultValue\":\"二大队工作\\n\",\"tabletype\":\"每日交管动态汇报\",\"index\":93}],\"draft\":0}',3,'2017-11-20 10:11:03',NULL,0,NULL,'2017-11-20 10:11:03','每日交管动态汇报'),('2017-11-20','two','{\"date\":\"2017-11-20\",\"reportname\":\"每日点名统计汇报\",\"datalist\":[{\"Content\":\"\",\"secondlist\":[{\"data\":\"晴\",\"secondtype\":2,\"name\":\"辖区天气\",\"StatisticsType\":[],\"units\":[1],\"Mandated\":false,\"defaultValue\":\"晴\",\"index\":0},{\"data\":\"12\",\"secondtype\":1,\"name\":\"最高气温\",\"StatisticsType\":[],\"units\":[1],\"Mandated\":false,\"defaultValue\":\"12\",\"index\":0},{\"data\":\"5\",\"secondtype\":1,\"name\":\"最低气温\",\"StatisticsType\":[],\"units\":[1],\"Mandated\":false,\"defaultValue\":\"5\",\"index\":0},{\"data\":\"1\",\"secondtype\":2,\"name\":\"预警事件\",\"StatisticsType\":[],\"units\":[1],\"Mandated\":false,\"defaultValue\":\"1\",\"index\":0}],\"hasSecondItems\":true,\"Name\":\"交通事件统计\",\"Mandated\":false,\"Deleted\":false,\"Comment\":\"\",\"units\":[1],\"inputtype\":1,\"StatisticsType\":[],\"defaultValue\":\"\",\"tabletype\":\"每日点名统计汇报\",\"index\":94},{\"Content\":\"二大队指挥\",\"secondlist\":[],\"hasSecondItems\":false,\"Name\":\"指挥调度概况\",\"Mandated\":false,\"Deleted\":false,\"Comment\":\"\",\"units\":[1],\"inputtype\":3,\"StatisticsType\":[4],\"defaultValue\":\"二大队指挥\",\"tabletype\":\"每日点名统计汇报\",\"index\":96},{\"Content\":\"\",\"secondlist\":[],\"hasSecondItems\":false,\"Name\":\"汇报日期\",\"Mandated\":false,\"Deleted\":false,\"Comment\":\"\",\"units\":[1],\"inputtype\":4,\"StatisticsType\":[4],\"defaultValue\":\"\",\"tabletype\":\"每日点名统计汇报\",\"index\":90},{\"Content\":\"二大队良好\",\"secondlist\":[],\"hasSecondItems\":false,\"Name\":\"道路交通设施概况\",\"Mandated\":true,\"Deleted\":false,\"Comment\":\"\",\"units\":[1],\"inputtype\":3,\"StatisticsType\":[4],\"defaultValue\":\"二大队良好\",\"tabletype\":\"每日点名统计汇报\",\"index\":97},{\"Content\":\"二大队\",\"secondlist\":[],\"hasSecondItems\":false,\"Name\":\"撰写人\",\"Mandated\":true,\"Deleted\":false,\"Comment\":\"\",\"units\":[1],\"inputtype\":3,\"StatisticsType\":[4],\"defaultValue\":\"二大队\",\"tabletype\":\"每日点名统计汇报\",\"index\":92},{\"Content\":\"二大队\",\"secondlist\":[],\"hasSecondItems\":false,\"Name\":\"审核人\",\"Mandated\":true,\"Deleted\":false,\"Comment\":\"\",\"units\":[1],\"inputtype\":3,\"StatisticsType\":[4],\"defaultValue\":\"二大队\",\"tabletype\":\"每日点名统计汇报\",\"index\":91},{\"Content\":\"二大队工作\",\"secondlist\":[],\"hasSecondItems\":false,\"Name\":\"工作动态\",\"Mandated\":true,\"Deleted\":false,\"Comment\":\"\",\"units\":[1],\"inputtype\":3,\"StatisticsType\":[4],\"defaultValue\":\"二大队工作\",\"tabletype\":\"每日点名统计汇报\",\"index\":93},{\"Content\":\"\",\"secondlist\":[{\"data\":\"5\",\"secondtype\":1,\"name\":\"出警次数\",\"StatisticsType\":[3,4,5],\"units\":[1],\"Mandated\":true,\"defaultValue\":\"5\",\"index\":0},{\"data\":\"1\",\"secondtype\":1,\"name\":\"警车数\",\"StatisticsType\":[3,4,5],\"units\":[1],\"Mandated\":true,\"defaultValue\":\"1\",\"index\":0},{\"data\":\"1\",\"secondtype\":1,\"name\":\"现场执法数\",\"StatisticsType\":[3,4,5],\"units\":[1],\"Mandated\":true,\"defaultValue\":\"1\",\"index\":0}],\"hasSecondItems\":true,\"Name\":\"勤务动态\",\"Mandated\":false,\"Deleted\":false,\"Comment\":\"此处填写警务动态\",\"units\":[1],\"inputtype\":1,\"StatisticsType\":[],\"defaultValue\":\"\",\"tabletype\":\"每日点名统计汇报\",\"index\":99},{\"Content\":\"二大队良好\",\"secondlist\":[],\"hasSecondItems\":false,\"Name\":\"市区路网交通运行评价\",\"Mandated\":false,\"Deleted\":false,\"Comment\":\"\",\"units\":[1],\"inputtype\":3,\"StatisticsType\":[4],\"defaultValue\":\"二大队良好\",\"tabletype\":\"每日点名统计汇报\",\"index\":95},{\"Content\":\"\",\"secondlist\":[{\"data\":\"1\",\"secondtype\":1,\"name\":\"交通事故数\",\"StatisticsType\":[3,4,5],\"units\":[1],\"Mandated\":false,\"defaultValue\":\"1\",\"index\":0},{\"data\":\"1\",\"secondtype\":1,\"name\":\"受伤事故数\",\"StatisticsType\":[3,4,5],\"units\":[1],\"Mandated\":false,\"defaultValue\":\"1\",\"index\":0},{\"data\":\"1\",\"secondtype\":1,\"name\":\"受伤人数\",\"StatisticsType\":[3,4,5],\"units\":[1],\"Mandated\":false,\"defaultValue\":\"1\",\"index\":0},{\"data\":\"1\",\"secondtype\":1,\"name\":\"死亡事故数\",\"StatisticsType\":[3,4,5],\"units\":[1],\"Mandated\":false,\"defaultValue\":\"1\",\"index\":0},{\"data\":\"1\",\"secondtype\":1,\"name\":\"死亡人数\",\"StatisticsType\":[3,4,5],\"units\":[1],\"Mandated\":false,\"defaultValue\":\"1\",\"index\":0}],\"hasSecondItems\":true,\"Name\":\"交通事故概况\",\"Mandated\":false,\"Deleted\":false,\"Comment\":\"\",\"units\":[1],\"inputtype\":1,\"StatisticsType\":[],\"defaultValue\":\"\",\"tabletype\":\"每日点名统计汇报\",\"index\":98}],\"draft\":0}',4,'2017-11-20 09:28:47','',2,'12','2017-11-20 09:35:19','每日点名统计汇报'),('2017-11-20','yantaigang','{\"date\":\"2017-11-20\",\"reportname\":\"每日交管动态汇报\",\"datalist\":[{\"Content\":\"\",\"secondlist\":[],\"hasSecondItems\":false,\"Name\":\"汇报日期\",\"Mandated\":false,\"Deleted\":false,\"Comment\":\"\",\"units\":[1],\"inputtype\":4,\"StatisticsType\":[4],\"defaultValue\":\"\",\"tabletype\":\"每日交管动态汇报\",\"index\":90},{\"Content\":\"\",\"secondlist\":[{\"data\":\"晴\",\"secondtype\":2,\"name\":\"辖区天气\",\"StatisticsType\":[],\"units\":[1],\"Mandated\":false,\"defaultValue\":\"晴\",\"index\":0},{\"data\":\"12\",\"secondtype\":1,\"name\":\"最高气温\",\"StatisticsType\":[],\"units\":[1],\"Mandated\":false,\"defaultValue\":\"12\",\"index\":0},{\"data\":\"5\",\"secondtype\":1,\"name\":\"最低气温\",\"StatisticsType\":[],\"units\":[1],\"Mandated\":false,\"defaultValue\":\"5\",\"index\":0},{\"data\":\"1\",\"secondtype\":1,\"name\":\"预警事件\",\"StatisticsType\":[],\"units\":[1],\"Mandated\":false,\"defaultValue\":\"1\",\"index\":0}],\"hasSecondItems\":true,\"Name\":\"交通事件统计\",\"Mandated\":false,\"Deleted\":false,\"Comment\":\"\",\"units\":[1],\"inputtype\":1,\"StatisticsType\":[],\"defaultValue\":\"\",\"tabletype\":\"每日交管动态汇报\",\"index\":94},{\"Content\":\"港务\",\"secondlist\":[],\"hasSecondItems\":false,\"Name\":\"撰写人\",\"Mandated\":true,\"Deleted\":false,\"Comment\":\"\",\"units\":[1],\"inputtype\":3,\"StatisticsType\":[4],\"defaultValue\":\"港务\",\"tabletype\":\"每日交管动态汇报\",\"index\":92},{\"Content\":\"港务指挥\",\"secondlist\":[],\"hasSecondItems\":false,\"Name\":\"指挥调度概况\",\"Mandated\":false,\"Deleted\":false,\"Comment\":\"\",\"units\":[1],\"inputtype\":3,\"StatisticsType\":[4],\"defaultValue\":\"港务指挥\",\"tabletype\":\"每日交管动态汇报\",\"index\":96},{\"Content\":\"港务良好\",\"secondlist\":[],\"hasSecondItems\":false,\"Name\":\"道路交通设施概况\",\"Mandated\":true,\"Deleted\":false,\"Comment\":\"\",\"units\":[1],\"inputtype\":3,\"StatisticsType\":[4],\"defaultValue\":\"港务良好\",\"tabletype\":\"每日交管动态汇报\",\"index\":97},{\"Content\":\"港务\",\"secondlist\":[],\"hasSecondItems\":false,\"Name\":\"审核人\",\"Mandated\":true,\"Deleted\":false,\"Comment\":\"\",\"units\":[1],\"inputtype\":3,\"StatisticsType\":[4],\"defaultValue\":\"港务\",\"tabletype\":\"每日交管动态汇报\",\"index\":91},{\"Content\":\"\",\"secondlist\":[{\"data\":\"1\",\"secondtype\":1,\"name\":\"交通事故数\",\"StatisticsType\":[3,4,5],\"units\":[1],\"Mandated\":false,\"defaultValue\":\"1\",\"index\":0},{\"data\":\"1\",\"secondtype\":1,\"name\":\"受伤事故数\",\"StatisticsType\":[3,4,5],\"units\":[1],\"Mandated\":false,\"defaultValue\":\"1\",\"index\":0},{\"data\":\"1\",\"secondtype\":1,\"name\":\"受伤人数\",\"StatisticsType\":[3,4,5],\"units\":[1],\"Mandated\":false,\"defaultValue\":\"1\",\"index\":0},{\"data\":\"1\",\"secondtype\":1,\"name\":\"死亡事故数\",\"StatisticsType\":[3,4,5],\"units\":[1],\"Mandated\":false,\"defaultValue\":\"1\",\"index\":0},{\"data\":\"1\",\"secondtype\":1,\"name\":\"死亡人数\",\"StatisticsType\":[3,4,5],\"units\":[1],\"Mandated\":false,\"defaultValue\":\"1\",\"index\":0}],\"hasSecondItems\":true,\"Name\":\"交通事故概况\",\"Mandated\":false,\"Deleted\":false,\"Comment\":\"\",\"units\":[1],\"inputtype\":1,\"StatisticsType\":[],\"defaultValue\":\"\",\"tabletype\":\"每日交管动态汇报\",\"index\":98},{\"Content\":\"港务良好\",\"secondlist\":[],\"hasSecondItems\":false,\"Name\":\"市区路网交通运行评价\",\"Mandated\":false,\"Deleted\":false,\"Comment\":\"\",\"units\":[1],\"inputtype\":3,\"StatisticsType\":[4],\"defaultValue\":\"港务良好\",\"tabletype\":\"每日交管动态汇报\",\"index\":95},{\"Content\":\"\",\"secondlist\":[{\"data\":\"6\",\"secondtype\":1,\"name\":\"出警次数\",\"StatisticsType\":[3,4,5],\"units\":[1],\"Mandated\":true,\"defaultValue\":\"6\",\"index\":0},{\"data\":\"5\",\"secondtype\":1,\"name\":\"警车数\",\"StatisticsType\":[3,4,5],\"units\":[1],\"Mandated\":true,\"defaultValue\":\"5\",\"index\":0},{\"data\":\"1\",\"secondtype\":1,\"name\":\"现场执法数\",\"StatisticsType\":[3,4,5],\"units\":[1],\"Mandated\":true,\"defaultValue\":\"1\",\"index\":0}],\"hasSecondItems\":true,\"Name\":\"勤务动态\",\"Mandated\":false,\"Deleted\":false,\"Comment\":\"此处填写警务动态\",\"units\":[1],\"inputtype\":1,\"StatisticsType\":[],\"defaultValue\":\"\",\"tabletype\":\"每日交管动态汇报\",\"index\":99},{\"Content\":\"港务工作\",\"secondlist\":[],\"hasSecondItems\":false,\"Name\":\"工作动态\",\"Mandated\":true,\"Deleted\":false,\"Comment\":\"\",\"units\":[1],\"inputtype\":3,\"StatisticsType\":[4],\"defaultValue\":\"港务工作\",\"tabletype\":\"每日交管动态汇报\",\"index\":93}],\"draft\":0}',3,'2017-11-20 10:08:33',NULL,0,NULL,'2017-11-20 10:08:33','每日交管动态汇报'),('2017-11-20','yantaigang','{\"date\":\"2017-11-20\",\"reportname\":\"每日点名统计汇报\",\"datalist\":[{\"Content\":\"\",\"secondlist\":[{\"data\":\"晴\",\"secondtype\":2,\"name\":\"辖区天气\",\"StatisticsType\":[],\"units\":[1],\"Mandated\":false,\"defaultValue\":\"晴\",\"index\":0},{\"data\":\"12\",\"secondtype\":1,\"name\":\"最高气温\",\"StatisticsType\":[],\"units\":[1],\"Mandated\":false,\"defaultValue\":\"12\",\"index\":0},{\"data\":\"5\",\"secondtype\":1,\"name\":\"最低气温\",\"StatisticsType\":[],\"units\":[1],\"Mandated\":false,\"defaultValue\":\"5\",\"index\":0},{\"data\":\"1\",\"secondtype\":2,\"name\":\"预警事件\",\"StatisticsType\":[],\"units\":[1],\"Mandated\":false,\"defaultValue\":\"1\",\"index\":0}],\"hasSecondItems\":true,\"Name\":\"交通事件统计\",\"Mandated\":false,\"Deleted\":false,\"Comment\":\"\",\"units\":[1],\"inputtype\":1,\"StatisticsType\":[],\"defaultValue\":\"\",\"tabletype\":\"每日点名统计汇报\",\"index\":94},{\"Content\":\"港务指挥\\n\",\"secondlist\":[],\"hasSecondItems\":false,\"Name\":\"指挥调度概况\",\"Mandated\":false,\"Deleted\":false,\"Comment\":\"\",\"units\":[1],\"inputtype\":3,\"StatisticsType\":[4],\"defaultValue\":\"港务指挥\\n\",\"tabletype\":\"每日点名统计汇报\",\"index\":96},{\"Content\":\"\",\"secondlist\":[],\"hasSecondItems\":false,\"Name\":\"汇报日期\",\"Mandated\":false,\"Deleted\":false,\"Comment\":\"\",\"units\":[1],\"inputtype\":4,\"StatisticsType\":[4],\"defaultValue\":\"\",\"tabletype\":\"每日点名统计汇报\",\"index\":90},{\"Content\":\"港务良好\",\"secondlist\":[],\"hasSecondItems\":false,\"Name\":\"道路交通设施概况\",\"Mandated\":true,\"Deleted\":false,\"Comment\":\"\",\"units\":[1],\"inputtype\":3,\"StatisticsType\":[4],\"defaultValue\":\"港务良好\",\"tabletype\":\"每日点名统计汇报\",\"index\":97},{\"Content\":\"港务\",\"secondlist\":[],\"hasSecondItems\":false,\"Name\":\"撰写人\",\"Mandated\":true,\"Deleted\":false,\"Comment\":\"\",\"units\":[1],\"inputtype\":3,\"StatisticsType\":[4],\"defaultValue\":\"港务\",\"tabletype\":\"每日点名统计汇报\",\"index\":92},{\"Content\":\"港务\",\"secondlist\":[],\"hasSecondItems\":false,\"Name\":\"审核人\",\"Mandated\":true,\"Deleted\":false,\"Comment\":\"\",\"units\":[1],\"inputtype\":3,\"StatisticsType\":[4],\"defaultValue\":\"港务\",\"tabletype\":\"每日点名统计汇报\",\"index\":91},{\"Content\":\"港务工作\",\"secondlist\":[],\"hasSecondItems\":false,\"Name\":\"工作动态\",\"Mandated\":true,\"Deleted\":false,\"Comment\":\"\",\"units\":[1],\"inputtype\":3,\"StatisticsType\":[4],\"defaultValue\":\"港务工作\",\"tabletype\":\"每日点名统计汇报\",\"index\":93},{\"Content\":\"\",\"secondlist\":[{\"data\":\"5\",\"secondtype\":1,\"name\":\"出警次数\",\"StatisticsType\":[3,4,5],\"units\":[1],\"Mandated\":true,\"defaultValue\":\"5\",\"index\":0},{\"data\":\"1\",\"secondtype\":1,\"name\":\"警车数\",\"StatisticsType\":[3,4,5],\"units\":[1],\"Mandated\":true,\"defaultValue\":\"1\",\"index\":0},{\"data\":\"1\",\"secondtype\":1,\"name\":\"现场执法数\",\"StatisticsType\":[3,4,5],\"units\":[1],\"Mandated\":true,\"defaultValue\":\"1\",\"index\":0}],\"hasSecondItems\":true,\"Name\":\"勤务动态\",\"Mandated\":false,\"Deleted\":false,\"Comment\":\"此处填写警务动态\",\"units\":[1],\"inputtype\":1,\"StatisticsType\":[],\"defaultValue\":\"\",\"tabletype\":\"每日点名统计汇报\",\"index\":99},{\"Content\":\"港务良好\",\"secondlist\":[],\"hasSecondItems\":false,\"Name\":\"市区路网交通运行评价\",\"Mandated\":false,\"Deleted\":false,\"Comment\":\"\",\"units\":[1],\"inputtype\":3,\"StatisticsType\":[4],\"defaultValue\":\"港务良好\",\"tabletype\":\"每日点名统计汇报\",\"index\":95},{\"Content\":\"\",\"secondlist\":[{\"data\":\"1\",\"secondtype\":1,\"name\":\"交通事故数\",\"StatisticsType\":[3,4,5],\"units\":[1],\"Mandated\":false,\"defaultValue\":\"1\",\"index\":0},{\"data\":\"1\",\"secondtype\":1,\"name\":\"受伤事故数\",\"StatisticsType\":[3,4,5],\"units\":[1],\"Mandated\":false,\"defaultValue\":\"1\",\"index\":0},{\"data\":\"1\",\"secondtype\":1,\"name\":\"受伤人数\",\"StatisticsType\":[3,4,5],\"units\":[1],\"Mandated\":false,\"defaultValue\":\"1\",\"index\":0},{\"data\":\"1\",\"secondtype\":1,\"name\":\"死亡事故数\",\"StatisticsType\":[3,4,5],\"units\":[1],\"Mandated\":false,\"defaultValue\":\"1\",\"index\":0},{\"data\":\"1\",\"secondtype\":1,\"name\":\"死亡人数\",\"StatisticsType\":[3,4,5],\"units\":[1],\"Mandated\":false,\"defaultValue\":\"1\",\"index\":0}],\"hasSecondItems\":true,\"Name\":\"交通事故概况\",\"Mandated\":false,\"Deleted\":false,\"Comment\":\"\",\"units\":[1],\"inputtype\":1,\"StatisticsType\":[],\"defaultValue\":\"\",\"tabletype\":\"每日点名统计汇报\",\"index\":98}],\"draft\":0}',4,'2017-11-20 09:26:33','',2,NULL,'2017-11-20 09:26:33','每日点名统计汇报'),('2017-11-20','zhaoyuan','{\"date\":\"2017-11-20\",\"reportname\":\"每日交管动态汇报\",\"datalist\":[{\"Content\":\"\",\"secondlist\":[],\"hasSecondItems\":false,\"Name\":\"汇报日期\",\"Mandated\":false,\"Deleted\":false,\"Comment\":\"\",\"units\":[1],\"inputtype\":4,\"StatisticsType\":[4],\"defaultValue\":\"\",\"tabletype\":\"每日交管动态汇报\",\"index\":90},{\"Content\":\"\",\"secondlist\":[{\"data\":\"晴\",\"secondtype\":2,\"name\":\"辖区天气\",\"StatisticsType\":[],\"units\":[1],\"Mandated\":false,\"defaultValue\":\"晴\",\"index\":0},{\"data\":\"12\",\"secondtype\":1,\"name\":\"最高气温\",\"StatisticsType\":[],\"units\":[1],\"Mandated\":false,\"defaultValue\":\"12\",\"index\":0},{\"data\":\"5\",\"secondtype\":1,\"name\":\"最低气温\",\"StatisticsType\":[],\"units\":[1],\"Mandated\":false,\"defaultValue\":\"5\",\"index\":0},{\"data\":\"1\",\"secondtype\":1,\"name\":\"预警事件\",\"StatisticsType\":[],\"units\":[1],\"Mandated\":false,\"defaultValue\":\"1\",\"index\":0}],\"hasSecondItems\":true,\"Name\":\"交通事件统计\",\"Mandated\":false,\"Deleted\":false,\"Comment\":\"\",\"units\":[1],\"inputtype\":1,\"StatisticsType\":[],\"defaultValue\":\"\",\"tabletype\":\"每日交管动态汇报\",\"index\":94},{\"Content\":\"招远\",\"secondlist\":[],\"hasSecondItems\":false,\"Name\":\"撰写人\",\"Mandated\":true,\"Deleted\":false,\"Comment\":\"\",\"units\":[1],\"inputtype\":3,\"StatisticsType\":[4],\"defaultValue\":\"招远\",\"tabletype\":\"每日交管动态汇报\",\"index\":92},{\"Content\":\"招远指挥\",\"secondlist\":[],\"hasSecondItems\":false,\"Name\":\"指挥调度概况\",\"Mandated\":false,\"Deleted\":false,\"Comment\":\"\",\"units\":[1],\"inputtype\":3,\"StatisticsType\":[4],\"defaultValue\":\"招远指挥\",\"tabletype\":\"每日交管动态汇报\",\"index\":96},{\"Content\":\"招远良好\",\"secondlist\":[],\"hasSecondItems\":false,\"Name\":\"道路交通设施概况\",\"Mandated\":true,\"Deleted\":false,\"Comment\":\"\",\"units\":[1],\"inputtype\":3,\"StatisticsType\":[4],\"defaultValue\":\"招远良好\",\"tabletype\":\"每日交管动态汇报\",\"index\":97},{\"Content\":\"招远\",\"secondlist\":[],\"hasSecondItems\":false,\"Name\":\"审核人\",\"Mandated\":true,\"Deleted\":false,\"Comment\":\"\",\"units\":[1],\"inputtype\":3,\"StatisticsType\":[4],\"defaultValue\":\"招远\",\"tabletype\":\"每日交管动态汇报\",\"index\":91},{\"Content\":\"\",\"secondlist\":[{\"data\":\"1\",\"secondtype\":1,\"name\":\"交通事故数\",\"StatisticsType\":[3,4,5],\"units\":[1],\"Mandated\":false,\"defaultValue\":\"1\",\"index\":0},{\"data\":\"1\",\"secondtype\":1,\"name\":\"受伤事故数\",\"StatisticsType\":[3,4,5],\"units\":[1],\"Mandated\":false,\"defaultValue\":\"1\",\"index\":0},{\"data\":\"1\",\"secondtype\":1,\"name\":\"受伤人数\",\"StatisticsType\":[3,4,5],\"units\":[1],\"Mandated\":false,\"defaultValue\":\"1\",\"index\":0},{\"data\":\"1\",\"secondtype\":1,\"name\":\"死亡事故数\",\"StatisticsType\":[3,4,5],\"units\":[1],\"Mandated\":false,\"defaultValue\":\"1\",\"index\":0},{\"data\":\"1\",\"secondtype\":1,\"name\":\"死亡人数\",\"StatisticsType\":[3,4,5],\"units\":[1],\"Mandated\":false,\"defaultValue\":\"1\",\"index\":0}],\"hasSecondItems\":true,\"Name\":\"交通事故概况\",\"Mandated\":false,\"Deleted\":false,\"Comment\":\"\",\"units\":[1],\"inputtype\":1,\"StatisticsType\":[],\"defaultValue\":\"\",\"tabletype\":\"每日交管动态汇报\",\"index\":98},{\"Content\":\"招远良好\",\"secondlist\":[],\"hasSecondItems\":false,\"Name\":\"市区路网交通运行评价\",\"Mandated\":false,\"Deleted\":false,\"Comment\":\"\",\"units\":[1],\"inputtype\":3,\"StatisticsType\":[4],\"defaultValue\":\"招远良好\",\"tabletype\":\"每日交管动态汇报\",\"index\":95},{\"Content\":\"\",\"secondlist\":[{\"data\":\"6\",\"secondtype\":1,\"name\":\"出警次数\",\"StatisticsType\":[3,4,5],\"units\":[1],\"Mandated\":true,\"defaultValue\":\"6\",\"index\":0},{\"data\":\"1\",\"secondtype\":1,\"name\":\"警车数\",\"StatisticsType\":[3,4,5],\"units\":[1],\"Mandated\":true,\"defaultValue\":\"1\",\"index\":0},{\"data\":\"1\",\"secondtype\":1,\"name\":\"现场执法数\",\"StatisticsType\":[3,4,5],\"units\":[1],\"Mandated\":true,\"defaultValue\":\"1\",\"index\":0}],\"hasSecondItems\":true,\"Name\":\"勤务动态\",\"Mandated\":false,\"Deleted\":false,\"Comment\":\"此处填写警务动态\",\"units\":[1],\"inputtype\":1,\"StatisticsType\":[],\"defaultValue\":\"\",\"tabletype\":\"每日交管动态汇报\",\"index\":99},{\"Content\":\"招远工作\",\"secondlist\":[],\"hasSecondItems\":false,\"Name\":\"工作动态\",\"Mandated\":true,\"Deleted\":false,\"Comment\":\"\",\"units\":[1],\"inputtype\":3,\"StatisticsType\":[4],\"defaultValue\":\"招远工作\",\"tabletype\":\"每日交管动态汇报\",\"index\":93}],\"draft\":0}',3,'2017-11-20 10:07:07',NULL,0,NULL,'2017-11-20 10:07:07','每日交管动态汇报'),('2017-11-20','zhaoyuan','{\"date\":\"2017-11-20\",\"reportname\":\"每日点名统计汇报\",\"datalist\":[{\"Content\":\"\",\"secondlist\":[{\"data\":\"晴\",\"secondtype\":2,\"name\":\"辖区天气\",\"StatisticsType\":[],\"units\":[1],\"Mandated\":false,\"defaultValue\":\"晴\",\"index\":0},{\"data\":\"12\",\"secondtype\":1,\"name\":\"最高气温\",\"StatisticsType\":[],\"units\":[1],\"Mandated\":false,\"defaultValue\":\"12\",\"index\":0},{\"data\":\"5\",\"secondtype\":1,\"name\":\"最低气温\",\"StatisticsType\":[],\"units\":[1],\"Mandated\":false,\"defaultValue\":\"5\",\"index\":0},{\"data\":\"1\",\"secondtype\":2,\"name\":\"预警事件\",\"StatisticsType\":[],\"units\":[1],\"Mandated\":false,\"defaultValue\":\"1\",\"index\":0}],\"hasSecondItems\":true,\"Name\":\"交通事件统计\",\"Mandated\":false,\"Deleted\":false,\"Comment\":\"\",\"units\":[1],\"inputtype\":1,\"StatisticsType\":[],\"defaultValue\":\"\",\"tabletype\":\"每日点名统计汇报\",\"index\":94},{\"Content\":\"招远指挥\",\"secondlist\":[],\"hasSecondItems\":false,\"Name\":\"指挥调度概况\",\"Mandated\":false,\"Deleted\":false,\"Comment\":\"\",\"units\":[1],\"inputtype\":3,\"StatisticsType\":[4],\"defaultValue\":\"招远指挥\",\"tabletype\":\"每日点名统计汇报\",\"index\":96},{\"Content\":\"\",\"secondlist\":[],\"hasSecondItems\":false,\"Name\":\"汇报日期\",\"Mandated\":false,\"Deleted\":false,\"Comment\":\"\",\"units\":[1],\"inputtype\":4,\"StatisticsType\":[4],\"defaultValue\":\"\",\"tabletype\":\"每日点名统计汇报\",\"index\":90},{\"Content\":\"招远良好\",\"secondlist\":[],\"hasSecondItems\":false,\"Name\":\"道路交通设施概况\",\"Mandated\":true,\"Deleted\":false,\"Comment\":\"\",\"units\":[1],\"inputtype\":3,\"StatisticsType\":[4],\"defaultValue\":\"招远良好\",\"tabletype\":\"每日点名统计汇报\",\"index\":97},{\"Content\":\"招远\",\"secondlist\":[],\"hasSecondItems\":false,\"Name\":\"撰写人\",\"Mandated\":true,\"Deleted\":false,\"Comment\":\"\",\"units\":[1],\"inputtype\":3,\"StatisticsType\":[4],\"defaultValue\":\"招远\",\"tabletype\":\"每日点名统计汇报\",\"index\":92},{\"Content\":\"招远\",\"secondlist\":[],\"hasSecondItems\":false,\"Name\":\"审核人\",\"Mandated\":true,\"Deleted\":false,\"Comment\":\"\",\"units\":[1],\"inputtype\":3,\"StatisticsType\":[4],\"defaultValue\":\"招远\",\"tabletype\":\"每日点名统计汇报\",\"index\":91},{\"Content\":\"招远工作\",\"secondlist\":[],\"hasSecondItems\":false,\"Name\":\"工作动态\",\"Mandated\":true,\"Deleted\":false,\"Comment\":\"\",\"units\":[1],\"inputtype\":3,\"StatisticsType\":[4],\"defaultValue\":\"招远工作\",\"tabletype\":\"每日点名统计汇报\",\"index\":93},{\"Content\":\"\",\"secondlist\":[{\"data\":\"5\",\"secondtype\":1,\"name\":\"出警次数\",\"StatisticsType\":[3,4,5],\"units\":[1],\"Mandated\":true,\"defaultValue\":\"5\",\"index\":0},{\"data\":\"1\",\"secondtype\":1,\"name\":\"警车数\",\"StatisticsType\":[3,4,5],\"units\":[1],\"Mandated\":true,\"defaultValue\":\"1\",\"index\":0},{\"data\":\"1\",\"secondtype\":1,\"name\":\"现场执法数\",\"StatisticsType\":[3,4,5],\"units\":[1],\"Mandated\":true,\"defaultValue\":\"1\",\"index\":0}],\"hasSecondItems\":true,\"Name\":\"勤务动态\",\"Mandated\":false,\"Deleted\":false,\"Comment\":\"此处填写警务动态\",\"units\":[1],\"inputtype\":1,\"StatisticsType\":[],\"defaultValue\":\"\",\"tabletype\":\"每日点名统计汇报\",\"index\":99},{\"Content\":\"招远良好\",\"secondlist\":[],\"hasSecondItems\":false,\"Name\":\"市区路网交通运行评价\",\"Mandated\":false,\"Deleted\":false,\"Comment\":\"\",\"units\":[1],\"inputtype\":3,\"StatisticsType\":[4],\"defaultValue\":\"招远良好\",\"tabletype\":\"每日点名统计汇报\",\"index\":95},{\"Content\":\"\",\"secondlist\":[{\"data\":\"1\",\"secondtype\":1,\"name\":\"交通事故数\",\"StatisticsType\":[3,4,5],\"units\":[1],\"Mandated\":false,\"defaultValue\":\"1\",\"index\":0},{\"data\":\"1\",\"secondtype\":1,\"name\":\"受伤事故数\",\"StatisticsType\":[3,4,5],\"units\":[1],\"Mandated\":false,\"defaultValue\":\"1\",\"index\":0},{\"data\":\"1\",\"secondtype\":1,\"name\":\"受伤人数\",\"StatisticsType\":[3,4,5],\"units\":[1],\"Mandated\":false,\"defaultValue\":\"1\",\"index\":0},{\"data\":\"1\",\"secondtype\":1,\"name\":\"死亡事故数\",\"StatisticsType\":[3,4,5],\"units\":[1],\"Mandated\":false,\"defaultValue\":\"1\",\"index\":0},{\"data\":\"1\",\"secondtype\":1,\"name\":\"死亡人数\",\"StatisticsType\":[3,4,5],\"units\":[1],\"Mandated\":false,\"defaultValue\":\"1\",\"index\":0}],\"hasSecondItems\":true,\"Name\":\"交通事故概况\",\"Mandated\":false,\"Deleted\":false,\"Comment\":\"\",\"units\":[1],\"inputtype\":1,\"StatisticsType\":[],\"defaultValue\":\"\",\"tabletype\":\"每日点名统计汇报\",\"index\":98}],\"draft\":0}',4,'2017-11-20 09:24:56','',3,NULL,'2017-11-20 09:24:56','每日点名统计汇报'),('2017-11-25','fushan','{\"date\":\"2017-11-25\",\"reportname\":\"每日交管动态汇报\",\"datalist\":[{\"Content\":\"\",\"secondlist\":[],\"hasSecondItems\":false,\"Name\":\"汇报日期\",\"Mandated\":false,\"Deleted\":false,\"Comment\":\"\",\"units\":[1],\"inputtype\":4,\"StatisticsType\":[4],\"defaultValue\":\"\",\"tabletype\":\"每日交管动态汇报\",\"index\":90},{\"Content\":\"\",\"secondlist\":[{\"data\":\"\",\"secondtype\":2,\"name\":\"辖区天气\",\"StatisticsType\":[],\"units\":[1],\"Mandated\":false,\"defaultValue\":\"\",\"index\":0},{\"data\":\"\",\"secondtype\":1,\"name\":\"最高气温\",\"StatisticsType\":[],\"units\":[1],\"Mandated\":false,\"defaultValue\":\"\",\"index\":0},{\"data\":\"\",\"secondtype\":1,\"name\":\"最低气温\",\"StatisticsType\":[],\"units\":[1],\"Mandated\":false,\"defaultValue\":\"\",\"index\":0},{\"data\":\"\",\"secondtype\":1,\"name\":\"预警事件\",\"StatisticsType\":[],\"units\":[1],\"Mandated\":false,\"defaultValue\":\"\",\"index\":0}],\"hasSecondItems\":true,\"Name\":\"交通事件统计\",\"Mandated\":false,\"Deleted\":false,\"Comment\":\"\",\"units\":[1],\"inputtype\":1,\"StatisticsType\":[],\"defaultValue\":\"\",\"tabletype\":\"每日交管动态汇报\",\"index\":94},{\"Content\":\"asdf\",\"secondlist\":[],\"hasSecondItems\":false,\"Name\":\"撰写人\",\"Mandated\":true,\"Deleted\":false,\"Comment\":\"\",\"units\":[1],\"inputtype\":3,\"StatisticsType\":[4],\"defaultValue\":\"asdf\",\"tabletype\":\"每日交管动态汇报\",\"index\":92},{\"Content\":\"无\",\"secondlist\":[],\"hasSecondItems\":false,\"Name\":\"指挥调度概况\",\"Mandated\":false,\"Deleted\":false,\"Comment\":\"\",\"units\":[1],\"inputtype\":3,\"StatisticsType\":[4],\"defaultValue\":\"无\",\"tabletype\":\"每日交管动态汇报\",\"index\":96},{\"Content\":\"无\",\"secondlist\":[],\"hasSecondItems\":false,\"Name\":\"道路交通设施概况\",\"Mandated\":true,\"Deleted\":false,\"Comment\":\"\",\"units\":[1],\"inputtype\":3,\"StatisticsType\":[4],\"defaultValue\":\"无\",\"tabletype\":\"每日交管动态汇报\",\"index\":97},{\"Content\":\"asdf\",\"secondlist\":[],\"hasSecondItems\":false,\"Name\":\"审核人\",\"Mandated\":true,\"Deleted\":false,\"Comment\":\"\",\"units\":[1],\"inputtype\":3,\"StatisticsType\":[4],\"defaultValue\":\"asdf\",\"tabletype\":\"每日交管动态汇报\",\"index\":91},{\"Content\":\"\",\"secondlist\":[{\"data\":\"\",\"secondtype\":1,\"name\":\"交通事故数\",\"StatisticsType\":[3,4,5],\"units\":[1],\"Mandated\":false,\"defaultValue\":\"\",\"index\":0},{\"data\":\"\",\"secondtype\":1,\"name\":\"受伤事故数\",\"StatisticsType\":[3,4,5],\"units\":[1],\"Mandated\":false,\"defaultValue\":\"\",\"index\":0},{\"data\":\"\",\"secondtype\":1,\"name\":\"受伤人数\",\"StatisticsType\":[3,4,5],\"units\":[1],\"Mandated\":false,\"defaultValue\":\"\",\"index\":0},{\"data\":\"\",\"secondtype\":1,\"name\":\"死亡事故数\",\"StatisticsType\":[3,4,5],\"units\":[1],\"Mandated\":false,\"defaultValue\":\"\",\"index\":0},{\"data\":\"\",\"secondtype\":1,\"name\":\"死亡人数\",\"StatisticsType\":[3,4,5],\"units\":[1],\"Mandated\":false,\"defaultValue\":\"\",\"index\":0}],\"hasSecondItems\":true,\"Name\":\"交通事故概况\",\"Mandated\":false,\"Deleted\":false,\"Comment\":\"\",\"units\":[1],\"inputtype\":1,\"StatisticsType\":[],\"defaultValue\":\"\",\"tabletype\":\"每日交管动态汇报\",\"index\":98},{\"Content\":\"\",\"secondlist\":[],\"hasSecondItems\":false,\"Name\":\"市区路网交通运行评价\",\"Mandated\":false,\"Deleted\":false,\"Comment\":\"\",\"units\":[1],\"inputtype\":3,\"StatisticsType\":[4],\"defaultValue\":\"\",\"tabletype\":\"每日交管动态汇报\",\"index\":95},{\"Content\":\"\",\"secondlist\":[{\"data\":\"0\",\"secondtype\":1,\"name\":\"出警次数\",\"StatisticsType\":[3,4,5],\"units\":[1],\"Mandated\":true,\"defaultValue\":\"0\",\"index\":0},{\"data\":\"0\",\"secondtype\":1,\"name\":\"警车数\",\"StatisticsType\":[3,4,5],\"units\":[1],\"Mandated\":true,\"defaultValue\":\"0\",\"index\":0},{\"data\":\"0\",\"secondtype\":1,\"name\":\"现场执法数\",\"StatisticsType\":[3,4,5],\"units\":[1],\"Mandated\":true,\"defaultValue\":\"0\",\"index\":0}],\"hasSecondItems\":true,\"Name\":\"勤务动态\",\"Mandated\":false,\"Deleted\":false,\"Comment\":\"此处填写警务动态\",\"units\":[1],\"inputtype\":1,\"StatisticsType\":[],\"defaultValue\":\"\",\"tabletype\":\"每日交管动态汇报\",\"index\":99},{\"Content\":\"adfdasdfasd\",\"secondlist\":[],\"hasSecondItems\":false,\"Name\":\"工作动态\",\"Mandated\":true,\"Deleted\":false,\"Comment\":\"\",\"units\":[1],\"inputtype\":3,\"StatisticsType\":[4],\"defaultValue\":\"adfdasdfasd\",\"tabletype\":\"每日交管动态汇报\",\"index\":93}],\"draft\":1}',1,'2017-11-20 10:26:26',NULL,0,NULL,'2017-11-20 10:26:26','每日交管动态汇报');
/*!40000 ALTER TABLE `reportsdata` ENABLE KEYS */;
UNLOCK TABLES;

--
-- Table structure for table `summarized`
--

DROP TABLE IF EXISTS `summarized`;
/*!40101 SET @saved_cs_client     = @@character_set_client */;
/*!40101 SET character_set_client = utf8 */;
CREATE TABLE `summarized` (
  `date` varchar(10) NOT NULL,
  `content` varchar(21000) NOT NULL,
  `draft` smallint(2) NOT NULL COMMENT '  public enum datastatus\n    {\n        submit,//0-提交到网站\n        draft,//1-草稿，\n        localword,//，2-保存word文档到本地，\n        undeterminied//3-待定\n    }',
  `time` datetime NOT NULL,
  `comment` varchar(450) DEFAULT NULL,
  `reportname` varchar(100) NOT NULL COMMENT '报表种类',
  PRIMARY KEY (`date`,`reportname`)
) ENGINE=InnoDB DEFAULT CHARSET=utf8 COMMENT='//日汇总数据';
/*!40101 SET character_set_client = @saved_cs_client */;

--
-- Dumping data for table `summarized`
--

LOCK TABLES `summarized` WRITE;
/*!40000 ALTER TABLE `summarized` DISABLE KEYS */;
INSERT INTO `summarized` VALUES ('2017-11-20','{\"datastatus\":3,\"date\":\"2017-11-20\",\"reportname\":\"每日交管动态汇报\",\"datalist\":[{\"Content\":\"\",\"secondlist\":[],\"hasSecondItems\":false,\"Name\":\"汇报日期\",\"Mandated\":false,\"Deleted\":false,\"Comment\":\"\",\"units\":[1],\"inputtype\":4,\"StatisticsType\":[4],\"defaultValue\":\"\",\"tabletype\":null,\"index\":90},{\"Content\":\"\",\"secondlist\":[{\"data\":\"\",\"secondtype\":2,\"name\":\"辖区天气\",\"StatisticsType\":[],\"units\":null,\"Mandated\":false,\"defaultValue\":\"\",\"index\":0},{\"data\":\"\",\"secondtype\":1,\"name\":\"最高气温\",\"StatisticsType\":[],\"units\":null,\"Mandated\":false,\"defaultValue\":\"\",\"index\":0},{\"data\":\"\",\"secondtype\":1,\"name\":\"最低气温\",\"StatisticsType\":[],\"units\":null,\"Mandated\":false,\"defaultValue\":\"\",\"index\":0},{\"data\":\"\",\"secondtype\":1,\"name\":\"预警事件\",\"StatisticsType\":[],\"units\":null,\"Mandated\":false,\"defaultValue\":\"\",\"index\":0}],\"hasSecondItems\":true,\"Name\":\"交通事件统计\",\"Mandated\":false,\"Deleted\":false,\"Comment\":\"\",\"units\":[1],\"inputtype\":1,\"StatisticsType\":[],\"defaultValue\":\"\",\"tabletype\":null,\"index\":94},{\"Content\":\"长岛大队：\\r\\n长岛。\\r\\n四大队：\\r\\n四大队。\\r\\n福山大队：\\r\\n福山\\n。\\r\\n海阳：\\r\\n海阳。\\r\\n机场大队：\\r\\n机场。\\r\\n开发区大队：\\r\\n开发区。\\r\\n莱阳大队：\\r\\n莱阳。\\r\\n龙口大队：\\r\\n龙口。\\r\\n牟平：\\r\\n牟平。\\r\\n一大队：\\r\\n一大队。\\r\\n蓬莱大队：\\r\\n蓬莱。\\r\\n栖霞大队：\\r\\n栖霞。\\r\\n三大队：\\r\\n萨达对。\\r\\n二大队：\\r\\n二大队。\\r\\n烟台港大队：\\r\\n港务。\\r\\n招远大队：\\r\\n招远。\\r\\n\",\"secondlist\":[],\"hasSecondItems\":false,\"Name\":\"撰写人\",\"Mandated\":true,\"Deleted\":false,\"Comment\":\"\",\"units\":[1],\"inputtype\":3,\"StatisticsType\":[4],\"defaultValue\":\"长岛大队：\\r\\n长岛。\\r\\n四大队：\\r\\n四大队。\\r\\n福山大队：\\r\\n福山\\n。\\r\\n海阳：\\r\\n海阳。\\r\\n机场大队：\\r\\n机场。\\r\\n开发区大队：\\r\\n开发区。\\r\\n莱阳大队：\\r\\n莱阳。\\r\\n龙口大队：\\r\\n龙口。\\r\\n牟平：\\r\\n牟平。\\r\\n一大队：\\r\\n一大队。\\r\\n蓬莱大队：\\r\\n蓬莱。\\r\\n栖霞大队：\\r\\n栖霞。\\r\\n三大队：\\r\\n萨达对。\\r\\n二大队：\\r\\n二大队。\\r\\n烟台港大队：\\r\\n港务。\\r\\n招远大队：\\r\\n招远。\\r\\n\",\"tabletype\":null,\"index\":92},{\"Content\":\"长岛大队：\\r\\n长岛指挥。\\r\\n四大队：\\r\\n四大队指挥。\\r\\n福山大队：\\r\\n福山指挥。\\r\\n海阳：\\r\\n海阳指挥。\\r\\n机场大队：\\r\\n机场指挥。\\r\\n开发区大队：\\r\\n开发区指挥。\\r\\n莱阳大队：\\r\\n莱阳指挥。\\r\\n龙口大队：\\r\\n龙口指挥。\\r\\n牟平：\\r\\n牟平指挥。\\r\\n一大队：\\r\\n一大队指挥。\\r\\n蓬莱大队：\\r\\n蓬莱指挥。\\r\\n栖霞大队：\\r\\n栖霞指挥。\\r\\n三大队：\\r\\n萨达对指挥。\\r\\n二大队：\\r\\n二大队支队。\\r\\n烟台港大队：\\r\\n港务指挥。\\r\\n招远大队：\\r\\n招远指挥。\\r\\n\",\"secondlist\":[],\"hasSecondItems\":false,\"Name\":\"指挥调度概况\",\"Mandated\":false,\"Deleted\":false,\"Comment\":\"\",\"units\":[1],\"inputtype\":3,\"StatisticsType\":[4],\"defaultValue\":\"长岛大队：\\r\\n长岛指挥。\\r\\n四大队：\\r\\n四大队指挥。\\r\\n福山大队：\\r\\n福山指挥。\\r\\n海阳：\\r\\n海阳指挥。\\r\\n机场大队：\\r\\n机场指挥。\\r\\n开发区大队：\\r\\n开发区指挥。\\r\\n莱阳大队：\\r\\n莱阳指挥。\\r\\n龙口大队：\\r\\n龙口指挥。\\r\\n牟平：\\r\\n牟平指挥。\\r\\n一大队：\\r\\n一大队指挥。\\r\\n蓬莱大队：\\r\\n蓬莱指挥。\\r\\n栖霞大队：\\r\\n栖霞指挥。\\r\\n三大队：\\r\\n萨达对指挥。\\r\\n二大队：\\r\\n二大队支队。\\r\\n烟台港大队：\\r\\n港务指挥。\\r\\n招远大队：\\r\\n招远指挥。\\r\\n\",\"tabletype\":null,\"index\":96},{\"Content\":\"长岛大队：\\r\\n长岛良好。\\r\\n四大队：\\r\\n四大队两个号。\\r\\n福山大队：\\r\\n福山良好。\\r\\n海阳：\\r\\n海阳良好。\\r\\n机场大队：\\r\\n机场良好。\\r\\n开发区大队：\\r\\n开发区良好。\\r\\n莱阳大队：\\r\\n莱阳良好。\\r\\n龙口大队：\\r\\n龙口良好。\\r\\n牟平：\\r\\n牟平良好\\n。\\r\\n一大队：\\r\\n一大队良好。\\r\\n蓬莱大队：\\r\\n蓬莱良好。\\r\\n栖霞大队：\\r\\n栖霞良好。\\r\\n三大队：\\r\\n三大队良好。\\r\\n二大队：\\r\\n二大队良好。\\r\\n烟台港大队：\\r\\n港务良好。\\r\\n招远大队：\\r\\n招远良好。\\r\\n\",\"secondlist\":[],\"hasSecondItems\":false,\"Name\":\"道路交通设施概况\",\"Mandated\":true,\"Deleted\":false,\"Comment\":\"\",\"units\":[1],\"inputtype\":3,\"StatisticsType\":[4],\"defaultValue\":\"长岛大队：\\r\\n长岛良好。\\r\\n四大队：\\r\\n四大队两个号。\\r\\n福山大队：\\r\\n福山良好。\\r\\n海阳：\\r\\n海阳良好。\\r\\n机场大队：\\r\\n机场良好。\\r\\n开发区大队：\\r\\n开发区良好。\\r\\n莱阳大队：\\r\\n莱阳良好。\\r\\n龙口大队：\\r\\n龙口良好。\\r\\n牟平：\\r\\n牟平良好\\n。\\r\\n一大队：\\r\\n一大队良好。\\r\\n蓬莱大队：\\r\\n蓬莱良好。\\r\\n栖霞大队：\\r\\n栖霞良好。\\r\\n三大队：\\r\\n三大队良好。\\r\\n二大队：\\r\\n二大队良好。\\r\\n烟台港大队：\\r\\n港务良好。\\r\\n招远大队：\\r\\n招远良好。\\r\\n\",\"tabletype\":null,\"index\":97},{\"Content\":\"长岛大队：\\r\\n长岛。\\r\\n四大队：\\r\\n四大队。\\r\\n福山大队：\\r\\n福山。\\r\\n海阳：\\r\\n海阳。\\r\\n机场大队：\\r\\n机场。\\r\\n开发区大队：\\r\\n开发区\\n。\\r\\n莱阳大队：\\r\\n莱阳。\\r\\n龙口大队：\\r\\n龙口。\\r\\n牟平：\\r\\n牟平。\\r\\n一大队：\\r\\n一大队。\\r\\n蓬莱大队：\\r\\n蓬莱。\\r\\n栖霞大队：\\r\\n栖霞。\\r\\n三大队：\\r\\n萨达对。\\r\\n二大队：\\r\\n二大队。\\r\\n烟台港大队：\\r\\n港务。\\r\\n招远大队：\\r\\n招远。\\r\\n\",\"secondlist\":[],\"hasSecondItems\":false,\"Name\":\"审核人\",\"Mandated\":true,\"Deleted\":false,\"Comment\":\"\",\"units\":[1],\"inputtype\":3,\"StatisticsType\":[4],\"defaultValue\":\"长岛大队：\\r\\n长岛。\\r\\n四大队：\\r\\n四大队。\\r\\n福山大队：\\r\\n福山。\\r\\n海阳：\\r\\n海阳。\\r\\n机场大队：\\r\\n机场。\\r\\n开发区大队：\\r\\n开发区\\n。\\r\\n莱阳大队：\\r\\n莱阳。\\r\\n龙口大队：\\r\\n龙口。\\r\\n牟平：\\r\\n牟平。\\r\\n一大队：\\r\\n一大队。\\r\\n蓬莱大队：\\r\\n蓬莱。\\r\\n栖霞大队：\\r\\n栖霞。\\r\\n三大队：\\r\\n萨达对。\\r\\n二大队：\\r\\n二大队。\\r\\n烟台港大队：\\r\\n港务。\\r\\n招远大队：\\r\\n招远。\\r\\n\",\"tabletype\":null,\"index\":91},{\"Content\":\"\",\"secondlist\":[{\"data\":\"20\",\"secondtype\":1,\"name\":\"交通事故数\",\"StatisticsType\":[3,4,5],\"units\":null,\"Mandated\":false,\"defaultValue\":\"20\",\"index\":0},{\"data\":\"20\",\"secondtype\":1,\"name\":\"受伤事故数\",\"StatisticsType\":[3,4,5],\"units\":null,\"Mandated\":false,\"defaultValue\":\"20\",\"index\":0},{\"data\":\"20\",\"secondtype\":1,\"name\":\"受伤人数\",\"StatisticsType\":[3,4,5],\"units\":null,\"Mandated\":false,\"defaultValue\":\"20\",\"index\":0},{\"data\":\"20\",\"secondtype\":1,\"name\":\"死亡事故数\",\"StatisticsType\":[3,4,5],\"units\":null,\"Mandated\":false,\"defaultValue\":\"20\",\"index\":0},{\"data\":\"20\",\"secondtype\":1,\"name\":\"死亡人数\",\"StatisticsType\":[3,4,5],\"units\":null,\"Mandated\":false,\"defaultValue\":\"20\",\"index\":0}],\"hasSecondItems\":true,\"Name\":\"交通事故概况\",\"Mandated\":false,\"Deleted\":false,\"Comment\":\"\",\"units\":[1],\"inputtype\":1,\"StatisticsType\":[],\"defaultValue\":\"\",\"tabletype\":null,\"index\":98},{\"Content\":\"长岛大队：\\r\\n长岛良好。\\r\\n四大队：\\r\\n四大队良好。\\r\\n福山大队：\\r\\n福山良好。\\r\\n海阳：\\r\\n海阳良好。\\r\\n机场大队：\\r\\n机场良好。\\r\\n开发区大队：\\r\\n开发区良好。\\r\\n莱阳大队：\\r\\n莱阳良好。\\r\\n龙口大队：\\r\\n龙口良好。\\r\\n牟平：\\r\\n牟平良好。\\r\\n一大队：\\r\\n一大队良好。\\r\\n蓬莱大队：\\r\\n蓬莱良好。\\r\\n栖霞大队：\\r\\n栖霞良好。\\r\\n三大队：\\r\\n三大队良好。\\r\\n二大队：\\r\\n二大队良好。\\r\\n烟台港大队：\\r\\n港务良好。\\r\\n招远大队：\\r\\n招远良好。\\r\\n\",\"secondlist\":[],\"hasSecondItems\":false,\"Name\":\"市区路网交通运行评价\",\"Mandated\":false,\"Deleted\":false,\"Comment\":\"\",\"units\":[1],\"inputtype\":3,\"StatisticsType\":[4],\"defaultValue\":\"长岛大队：\\r\\n长岛良好。\\r\\n四大队：\\r\\n四大队良好。\\r\\n福山大队：\\r\\n福山良好。\\r\\n海阳：\\r\\n海阳良好。\\r\\n机场大队：\\r\\n机场良好。\\r\\n开发区大队：\\r\\n开发区良好。\\r\\n莱阳大队：\\r\\n莱阳良好。\\r\\n龙口大队：\\r\\n龙口良好。\\r\\n牟平：\\r\\n牟平良好。\\r\\n一大队：\\r\\n一大队良好。\\r\\n蓬莱大队：\\r\\n蓬莱良好。\\r\\n栖霞大队：\\r\\n栖霞良好。\\r\\n三大队：\\r\\n三大队良好。\\r\\n二大队：\\r\\n二大队良好。\\r\\n烟台港大队：\\r\\n港务良好。\\r\\n招远大队：\\r\\n招远良好。\\r\\n\",\"tabletype\":null,\"index\":95},{\"Content\":\"\",\"secondlist\":[{\"data\":\"95\",\"secondtype\":1,\"name\":\"出警次数\",\"StatisticsType\":[3,4,5],\"units\":null,\"Mandated\":false,\"defaultValue\":\"95\",\"index\":0},{\"data\":\"24\",\"secondtype\":1,\"name\":\"警车数\",\"StatisticsType\":[3,4,5],\"units\":null,\"Mandated\":false,\"defaultValue\":\"24\",\"index\":0},{\"data\":\"20\",\"secondtype\":1,\"name\":\"现场执法数\",\"StatisticsType\":[3,4,5],\"units\":null,\"Mandated\":false,\"defaultValue\":\"20\",\"index\":0}],\"hasSecondItems\":true,\"Name\":\"勤务动态\",\"Mandated\":false,\"Deleted\":false,\"Comment\":\"此处填写警务动态\",\"units\":[1],\"inputtype\":1,\"StatisticsType\":[],\"defaultValue\":\"\",\"tabletype\":null,\"index\":99},{\"Content\":\"长岛大队：\\r\\n长岛工作。\\r\\n四大队：\\r\\n四大队工作。\\r\\n福山大队：\\r\\n福山工作。\\r\\n海阳：\\r\\n海阳工作。\\r\\n机场大队：\\r\\n机场工作。\\r\\n开发区大队：\\r\\n开发区工作。\\r\\n莱阳大队：\\r\\n莱阳工作。\\r\\n龙口大队：\\r\\n龙口工作。\\r\\n牟平：\\r\\n牟平工作。\\r\\n一大队：\\r\\n一大队工作。\\r\\n蓬莱大队：\\r\\n蓬莱工作。\\r\\n栖霞大队：\\r\\n栖霞工作。\\r\\n三大队：\\r\\n三大队工作。\\r\\n二大队：\\r\\n二大队工作\\n。\\r\\n烟台港大队：\\r\\n港务工作。\\r\\n招远大队：\\r\\n招远工作。\\r\\n\",\"secondlist\":[],\"hasSecondItems\":false,\"Name\":\"工作动态\",\"Mandated\":true,\"Deleted\":false,\"Comment\":\"\",\"units\":[1],\"inputtype\":3,\"StatisticsType\":[4],\"defaultValue\":\"长岛大队：\\r\\n长岛工作。\\r\\n四大队：\\r\\n四大队工作。\\r\\n福山大队：\\r\\n福山工作。\\r\\n海阳：\\r\\n海阳工作。\\r\\n机场大队：\\r\\n机场工作。\\r\\n开发区大队：\\r\\n开发区工作。\\r\\n莱阳大队：\\r\\n莱阳工作。\\r\\n龙口大队：\\r\\n龙口工作。\\r\\n牟平：\\r\\n牟平工作。\\r\\n一大队：\\r\\n一大队工作。\\r\\n蓬莱大队：\\r\\n蓬莱工作。\\r\\n栖霞大队：\\r\\n栖霞工作。\\r\\n三大队：\\r\\n三大队工作。\\r\\n二大队：\\r\\n二大队工作\\n。\\r\\n烟台港大队：\\r\\n港务工作。\\r\\n招远大队：\\r\\n招远工作。\\r\\n\",\"tabletype\":null,\"index\":93}],\"draft\":0}',3,'2017-11-20 11:24:19',NULL,'每日交管动态汇报'),('2017-11-20','{\"datastatus\":3,\"date\":\"2017-11-20\",\"reportname\":\"每日点名统计汇报\",\"datalist\":[{\"Content\":\"\",\"secondlist\":[{\"data\":\"\",\"secondtype\":2,\"name\":\"辖区天气\",\"StatisticsType\":[],\"units\":null,\"Mandated\":false,\"defaultValue\":\"\",\"index\":0},{\"data\":\"\",\"secondtype\":1,\"name\":\"最高气温\",\"StatisticsType\":[],\"units\":null,\"Mandated\":false,\"defaultValue\":\"\",\"index\":0},{\"data\":\"\",\"secondtype\":1,\"name\":\"最低气温\",\"StatisticsType\":[],\"units\":null,\"Mandated\":false,\"defaultValue\":\"\",\"index\":0},{\"data\":\"\",\"secondtype\":2,\"name\":\"预警事件\",\"StatisticsType\":[],\"units\":null,\"Mandated\":false,\"defaultValue\":\"\",\"index\":0}],\"hasSecondItems\":true,\"Name\":\"交通事件统计\",\"Mandated\":false,\"Deleted\":false,\"Comment\":\"\",\"units\":[1],\"inputtype\":1,\"StatisticsType\":[],\"defaultValue\":\"\",\"tabletype\":null,\"index\":94},{\"Content\":\"长岛大队：\\r\\n蓬莱指挥。\\r\\n四大队：\\r\\n四大队指挥。\\r\\n福山大队：\\r\\n福山调度。\\r\\n海阳：\\r\\n海阳指挥。\\r\\n机场大队：\\r\\n机场指挥。\\r\\n开发区大队：\\r\\n无开发区指挥。\\r\\n莱阳大队：\\r\\n莱阳指挥。\\r\\n龙口大队：\\r\\n龙口指挥。\\r\\n牟平：\\r\\n牟平指挥。\\r\\n一大队：\\r\\n一大队指挥。\\r\\n蓬莱大队：\\r\\n蓬莱指挥。\\r\\n栖霞大队：\\r\\n栖霞指挥。\\r\\n三大队：\\r\\n三大队指挥。\\r\\n二大队：\\r\\n二大队指挥。\\r\\n烟台港大队：\\r\\n港务指挥\\n。\\r\\n招远大队：\\r\\n招远指挥。\\r\\n\",\"secondlist\":[],\"hasSecondItems\":false,\"Name\":\"指挥调度概况\",\"Mandated\":false,\"Deleted\":false,\"Comment\":\"\",\"units\":[1],\"inputtype\":3,\"StatisticsType\":[4],\"defaultValue\":\"长岛大队：\\r\\n蓬莱指挥。\\r\\n四大队：\\r\\n四大队指挥。\\r\\n福山大队：\\r\\n福山调度。\\r\\n海阳：\\r\\n海阳指挥。\\r\\n机场大队：\\r\\n机场指挥。\\r\\n开发区大队：\\r\\n无开发区指挥。\\r\\n莱阳大队：\\r\\n莱阳指挥。\\r\\n龙口大队：\\r\\n龙口指挥。\\r\\n牟平：\\r\\n牟平指挥。\\r\\n一大队：\\r\\n一大队指挥。\\r\\n蓬莱大队：\\r\\n蓬莱指挥。\\r\\n栖霞大队：\\r\\n栖霞指挥。\\r\\n三大队：\\r\\n三大队指挥。\\r\\n二大队：\\r\\n二大队指挥。\\r\\n烟台港大队：\\r\\n港务指挥\\n。\\r\\n招远大队：\\r\\n招远指挥。\\r\\n\",\"tabletype\":null,\"index\":96},{\"Content\":\"\",\"secondlist\":[],\"hasSecondItems\":false,\"Name\":\"汇报日期\",\"Mandated\":false,\"Deleted\":false,\"Comment\":\"\",\"units\":[1],\"inputtype\":4,\"StatisticsType\":[4],\"defaultValue\":\"\",\"tabletype\":null,\"index\":90},{\"Content\":\"长岛大队：\\r\\n蓬莱良好。\\r\\n四大队：\\r\\n四大队良好。\\r\\n福山大队：\\r\\n福山良好。\\r\\n海阳：\\r\\n海阳良好。\\r\\n机场大队：\\r\\n机场良好。\\r\\n开发区大队：\\r\\n开发区良好。\\r\\n莱阳大队：\\r\\n莱阳良好。\\r\\n龙口大队：\\r\\n龙口良好。\\r\\n牟平：\\r\\n牟平良好。\\r\\n一大队：\\r\\n一大队良好。\\r\\n蓬莱大队：\\r\\n蓬莱良好。\\r\\n栖霞大队：\\r\\n栖霞良好。\\r\\n三大队：\\r\\n三大队良好。\\r\\n二大队：\\r\\n二大队良好。\\r\\n烟台港大队：\\r\\n港务良好。\\r\\n招远大队：\\r\\n招远良好。\\r\\n\",\"secondlist\":[],\"hasSecondItems\":false,\"Name\":\"道路交通设施概况\",\"Mandated\":true,\"Deleted\":false,\"Comment\":\"\",\"units\":[1],\"inputtype\":3,\"StatisticsType\":[4],\"defaultValue\":\"长岛大队：\\r\\n蓬莱良好。\\r\\n四大队：\\r\\n四大队良好。\\r\\n福山大队：\\r\\n福山良好。\\r\\n海阳：\\r\\n海阳良好。\\r\\n机场大队：\\r\\n机场良好。\\r\\n开发区大队：\\r\\n开发区良好。\\r\\n莱阳大队：\\r\\n莱阳良好。\\r\\n龙口大队：\\r\\n龙口良好。\\r\\n牟平：\\r\\n牟平良好。\\r\\n一大队：\\r\\n一大队良好。\\r\\n蓬莱大队：\\r\\n蓬莱良好。\\r\\n栖霞大队：\\r\\n栖霞良好。\\r\\n三大队：\\r\\n三大队良好。\\r\\n二大队：\\r\\n二大队良好。\\r\\n烟台港大队：\\r\\n港务良好。\\r\\n招远大队：\\r\\n招远良好。\\r\\n\",\"tabletype\":null,\"index\":97},{\"Content\":\"长岛大队：\\r\\n蓬莱。\\r\\n四大队：\\r\\n四大队。\\r\\n福山大队：\\r\\n福山。\\r\\n海阳：\\r\\n海阳。\\r\\n机场大队：\\r\\n机场。\\r\\n开发区大队：\\r\\n开发区。\\r\\n莱阳大队：\\r\\n莱阳。\\r\\n龙口大队：\\r\\n龙口。\\r\\n牟平：\\r\\n牟平。\\r\\n一大队：\\r\\n一大队。\\r\\n蓬莱大队：\\r\\n蓬莱。\\r\\n栖霞大队：\\r\\n栖霞。\\r\\n三大队：\\r\\n三大队。\\r\\n二大队：\\r\\n二大队。\\r\\n烟台港大队：\\r\\n港务。\\r\\n招远大队：\\r\\n招远。\\r\\n\",\"secondlist\":[],\"hasSecondItems\":false,\"Name\":\"撰写人\",\"Mandated\":true,\"Deleted\":false,\"Comment\":\"\",\"units\":[1],\"inputtype\":3,\"StatisticsType\":[4],\"defaultValue\":\"长岛大队：\\r\\n蓬莱。\\r\\n四大队：\\r\\n四大队。\\r\\n福山大队：\\r\\n福山。\\r\\n海阳：\\r\\n海阳。\\r\\n机场大队：\\r\\n机场。\\r\\n开发区大队：\\r\\n开发区。\\r\\n莱阳大队：\\r\\n莱阳。\\r\\n龙口大队：\\r\\n龙口。\\r\\n牟平：\\r\\n牟平。\\r\\n一大队：\\r\\n一大队。\\r\\n蓬莱大队：\\r\\n蓬莱。\\r\\n栖霞大队：\\r\\n栖霞。\\r\\n三大队：\\r\\n三大队。\\r\\n二大队：\\r\\n二大队。\\r\\n烟台港大队：\\r\\n港务。\\r\\n招远大队：\\r\\n招远。\\r\\n\",\"tabletype\":null,\"index\":92},{\"Content\":\"长岛大队：\\r\\n蓬莱。\\r\\n四大队：\\r\\n四大队。\\r\\n福山大队：\\r\\n福山。\\r\\n海阳：\\r\\n海阳。\\r\\n机场大队：\\r\\n机场。\\r\\n开发区大队：\\r\\n开发区。\\r\\n莱阳大队：\\r\\n莱阳。\\r\\n龙口大队：\\r\\n龙口。\\r\\n牟平：\\r\\n牟平。\\r\\n一大队：\\r\\n一大队。\\r\\n蓬莱大队：\\r\\n蓬莱。\\r\\n栖霞大队：\\r\\n栖霞。\\r\\n三大队：\\r\\n三大队。\\r\\n二大队：\\r\\n二大队。\\r\\n烟台港大队：\\r\\n港务。\\r\\n招远大队：\\r\\n招远。\\r\\n\",\"secondlist\":[],\"hasSecondItems\":false,\"Name\":\"审核人\",\"Mandated\":true,\"Deleted\":false,\"Comment\":\"\",\"units\":[1],\"inputtype\":3,\"StatisticsType\":[4],\"defaultValue\":\"长岛大队：\\r\\n蓬莱。\\r\\n四大队：\\r\\n四大队。\\r\\n福山大队：\\r\\n福山。\\r\\n海阳：\\r\\n海阳。\\r\\n机场大队：\\r\\n机场。\\r\\n开发区大队：\\r\\n开发区。\\r\\n莱阳大队：\\r\\n莱阳。\\r\\n龙口大队：\\r\\n龙口。\\r\\n牟平：\\r\\n牟平。\\r\\n一大队：\\r\\n一大队。\\r\\n蓬莱大队：\\r\\n蓬莱。\\r\\n栖霞大队：\\r\\n栖霞。\\r\\n三大队：\\r\\n三大队。\\r\\n二大队：\\r\\n二大队。\\r\\n烟台港大队：\\r\\n港务。\\r\\n招远大队：\\r\\n招远。\\r\\n\",\"tabletype\":null,\"index\":91},{\"Content\":\"长岛大队：\\r\\n蓬莱工作。\\r\\n四大队：\\r\\n四大队工作。\\r\\n福山大队：\\r\\n福山工作。\\r\\n海阳：\\r\\n海阳工作。\\r\\n机场大队：\\r\\n机场工作。\\r\\n开发区大队：\\r\\n开发区工作。\\r\\n莱阳大队：\\r\\n莱阳工作。\\r\\n龙口大队：\\r\\n龙口工作。\\r\\n牟平：\\r\\n牟平工作。\\r\\n一大队：\\r\\n一大队工作。\\r\\n蓬莱大队：\\r\\n蓬莱工作。\\r\\n栖霞大队：\\r\\n栖霞工作。\\r\\n三大队：\\r\\n三大队工作。\\r\\n二大队：\\r\\n二大队工作。\\r\\n烟台港大队：\\r\\n港务工作。\\r\\n招远大队：\\r\\n招远工作。\\r\\n\",\"secondlist\":[],\"hasSecondItems\":false,\"Name\":\"工作动态\",\"Mandated\":true,\"Deleted\":false,\"Comment\":\"\",\"units\":[1],\"inputtype\":3,\"StatisticsType\":[4],\"defaultValue\":\"长岛大队：\\r\\n蓬莱工作。\\r\\n四大队：\\r\\n四大队工作。\\r\\n福山大队：\\r\\n福山工作。\\r\\n海阳：\\r\\n海阳工作。\\r\\n机场大队：\\r\\n机场工作。\\r\\n开发区大队：\\r\\n开发区工作。\\r\\n莱阳大队：\\r\\n莱阳工作。\\r\\n龙口大队：\\r\\n龙口工作。\\r\\n牟平：\\r\\n牟平工作。\\r\\n一大队：\\r\\n一大队工作。\\r\\n蓬莱大队：\\r\\n蓬莱工作。\\r\\n栖霞大队：\\r\\n栖霞工作。\\r\\n三大队：\\r\\n三大队工作。\\r\\n二大队：\\r\\n二大队工作。\\r\\n烟台港大队：\\r\\n港务工作。\\r\\n招远大队：\\r\\n招远工作。\\r\\n\",\"tabletype\":null,\"index\":93},{\"Content\":\"\",\"secondlist\":[{\"data\":\"80\",\"secondtype\":1,\"name\":\"出警次数\",\"StatisticsType\":[3,4,5],\"units\":null,\"Mandated\":false,\"defaultValue\":\"80\",\"index\":0},{\"data\":\"16\",\"secondtype\":1,\"name\":\"警车数\",\"StatisticsType\":[3,4,5],\"units\":null,\"Mandated\":false,\"defaultValue\":\"16\",\"index\":0},{\"data\":\"16\",\"secondtype\":1,\"name\":\"现场执法数\",\"StatisticsType\":[3,4,5],\"units\":null,\"Mandated\":false,\"defaultValue\":\"16\",\"index\":0}],\"hasSecondItems\":true,\"Name\":\"勤务动态\",\"Mandated\":false,\"Deleted\":false,\"Comment\":\"此处填写警务动态\",\"units\":[1],\"inputtype\":1,\"StatisticsType\":[],\"defaultValue\":\"\",\"tabletype\":null,\"index\":99},{\"Content\":\"长岛大队：\\r\\n蓬莱良好。\\r\\n四大队：\\r\\n四大队良好。\\r\\n福山大队：\\r\\n福山良好。\\r\\n海阳：\\r\\n海阳良好。\\r\\n机场大队：\\r\\n机场良好。\\r\\n开发区大队：\\r\\n开发区良好。\\r\\n莱阳大队：\\r\\n莱阳工作。\\r\\n龙口大队：\\r\\n龙口良好。\\r\\n牟平：\\r\\n牟平良好。\\r\\n一大队：\\r\\n一大队良好。\\r\\n蓬莱大队：\\r\\n蓬莱良好。\\r\\n栖霞大队：\\r\\n栖霞良好。\\r\\n三大队：\\r\\n三大队良好。\\r\\n二大队：\\r\\n二大队良好。\\r\\n烟台港大队：\\r\\n港务良好。\\r\\n招远大队：\\r\\n招远良好。\\r\\n\",\"secondlist\":[],\"hasSecondItems\":false,\"Name\":\"市区路网交通运行评价\",\"Mandated\":false,\"Deleted\":false,\"Comment\":\"\",\"units\":[1],\"inputtype\":3,\"StatisticsType\":[4],\"defaultValue\":\"长岛大队：\\r\\n蓬莱良好。\\r\\n四大队：\\r\\n四大队良好。\\r\\n福山大队：\\r\\n福山良好。\\r\\n海阳：\\r\\n海阳良好。\\r\\n机场大队：\\r\\n机场良好。\\r\\n开发区大队：\\r\\n开发区良好。\\r\\n莱阳大队：\\r\\n莱阳工作。\\r\\n龙口大队：\\r\\n龙口良好。\\r\\n牟平：\\r\\n牟平良好。\\r\\n一大队：\\r\\n一大队良好。\\r\\n蓬莱大队：\\r\\n蓬莱良好。\\r\\n栖霞大队：\\r\\n栖霞良好。\\r\\n三大队：\\r\\n三大队良好。\\r\\n二大队：\\r\\n二大队良好。\\r\\n烟台港大队：\\r\\n港务良好。\\r\\n招远大队：\\r\\n招远良好。\\r\\n\",\"tabletype\":null,\"index\":95},{\"Content\":\"\",\"secondlist\":[{\"data\":\"16\",\"secondtype\":1,\"name\":\"交通事故数\",\"StatisticsType\":[3,4,5],\"units\":null,\"Mandated\":false,\"defaultValue\":\"16\",\"index\":0},{\"data\":\"16\",\"secondtype\":1,\"name\":\"受伤事故数\",\"StatisticsType\":[3,4,5],\"units\":null,\"Mandated\":false,\"defaultValue\":\"16\",\"index\":0},{\"data\":\"16\",\"secondtype\":1,\"name\":\"受伤人数\",\"StatisticsType\":[3,4,5],\"units\":null,\"Mandated\":false,\"defaultValue\":\"16\",\"index\":0},{\"data\":\"16\",\"secondtype\":1,\"name\":\"死亡事故数\",\"StatisticsType\":[3,4,5],\"units\":null,\"Mandated\":false,\"defaultValue\":\"16\",\"index\":0},{\"data\":\"16\",\"secondtype\":1,\"name\":\"死亡人数\",\"StatisticsType\":[3,4,5],\"units\":null,\"Mandated\":false,\"defaultValue\":\"16\",\"index\":0}],\"hasSecondItems\":true,\"Name\":\"交通事故概况\",\"Mandated\":false,\"Deleted\":false,\"Comment\":\"\",\"units\":[1],\"inputtype\":1,\"StatisticsType\":[],\"defaultValue\":\"\",\"tabletype\":null,\"index\":98}],\"draft\":0}',3,'2017-11-20 11:24:37',NULL,'每日点名统计汇报');
/*!40000 ALTER TABLE `summarized` ENABLE KEYS */;
UNLOCK TABLES;

--
-- Table structure for table `unit`
--

DROP TABLE IF EXISTS `unit`;
/*!40101 SET @saved_cs_client     = @@character_set_client */;
/*!40101 SET character_set_client = utf8 */;
CREATE TABLE `unit` (
  `id` varchar(50) NOT NULL COMMENT '    public enum unittype\n    {\n        unknown,//未知\n all,//所有\n        one,//一大队\n        two,//二大队\n        three,//三大队\n        four,//四大队\n        fushan,//福山大队\n        muping,//牟平大队	10.231.53.176\n        haiyang,//海阳大队	10.50.191.8\nlaiyang,//莱阳大队	10.231.52.211\nqixia,//栖霞大队	10.231.52.99\npenglai,//蓬莱大队	10.231.61.70\nchangdao,//长岛大队	10.231.53.209\nlongkou,//龙口大队	10.231.50.222\nzhaoyuan,//招远大队	10.231.200.87\nlaizhou,//莱州大队	10.231.59.103\nkaifaqu,//开发区大队	10.231.54.14\nyantaigang,//烟台港大队	10.231.55.189\njichang,//机场大队	10.50.219.241\n    }',
  `ip` varchar(45) NOT NULL,
  `name` varchar(145) NOT NULL,
  `level` smallint(1) NOT NULL,
  PRIMARY KEY (`id`),
  UNIQUE KEY `id_UNIQUE` (`id`)
) ENGINE=InnoDB DEFAULT CHARSET=utf8 COMMENT='大队设置';
/*!40101 SET character_set_client = @saved_cs_client */;

--
-- Dumping data for table `unit`
--

LOCK TABLES `unit` WRITE;
/*!40000 ALTER TABLE `unit` DISABLE KEYS */;
INSERT INTO `unit` VALUES ('center','10.50.230.253','中心',0),('changdao','10.231.53.209','长岛大队',1),('four','10.50.233.77','四大队',1),('fushan','10.231.52.53','福山大队',1),('haiyang','10.50.191.8','海阳',1),('jichang','10.50.219.241','机场大队',1),('kaifaqu','10.231.54.14','开发区大队',1),('laiyang','10.231.52.211','莱阳大队',1),('laizhou','10.231.59.103','莱州大队',1),('longkou','10.231.50.222','龙口大队',1),('muping','10.231.53.176','牟平',1),('one','10.50.230.253','一大队',1),('penglai','10.231.61.70','蓬莱大队',1),('qixia','10.231.52.99','栖霞大队',1),('three','10.50.231.183','三大队',1),('two','10.50.231.67','二大队',1),('yantaigang','10.231.55.189','烟台港大队',1),('zhaoyuan','10.231.200.87','招远大队',1);
/*!40000 ALTER TABLE `unit` ENABLE KEYS */;
UNLOCK TABLES;

--
-- Table structure for table `user`
--

DROP TABLE IF EXISTS `user`;
/*!40101 SET @saved_cs_client     = @@character_set_client */;
/*!40101 SET character_set_client = utf8 */;
CREATE TABLE `user` (
  `id` varchar(50) NOT NULL,
  `name` varchar(45) DEFAULT NULL,
  `pass` varchar(45) NOT NULL,
  `unitid` varchar(50) NOT NULL,
  `token` varchar(45) DEFAULT NULL,
  `disabled` smallint(2) NOT NULL DEFAULT '0' COMMENT '0-enabled 1-disabled',
  `level` smallint(2) NOT NULL DEFAULT '1' COMMENT '1-one level 2-two level',
  `unitclass` smallint(2) NOT NULL COMMENT '0-直属大队，1-县市区大队',
  PRIMARY KEY (`id`),
  UNIQUE KEY `id_UNIQUE` (`id`),
  KEY `unitid_idx` (`unitid`),
  CONSTRAINT `unitid` FOREIGN KEY (`unitid`) REFERENCES `unit` (`id`) ON DELETE NO ACTION ON UPDATE NO ACTION
) ENGINE=InnoDB DEFAULT CHARSET=utf8 COMMENT='用户表';
/*!40101 SET character_set_client = @saved_cs_client */;

--
-- Dumping data for table `user`
--

LOCK TABLES `user` WRITE;
/*!40000 ALTER TABLE `user` DISABLE KEYS */;
INSERT INTO `user` VALUES ('c','c','c','center','0f17ea7865084b029368a6aec77ce341',0,1,0),('cddd','','123456','changdao','28d918c6307a4c65a72c900beee4a201',0,2,1),('center','','center','center','4bc2233a4d4541b38fcf521765146d01',0,1,0),('d','d','d','center','d1956ee671804a8db1b8f5756c673e12',0,1,0),('ffdd','','123456','fushan',NULL,1,2,1),('fsdd','','123456','fushan','e893cc6e789643188dfdec3a5c6e835a',0,2,1),('gwdd','','123456','yantaigang','96b41ebf88284702a4272395e6751f0c',0,2,1),('hydd','','123456','haiyang','a778972208d745f78029d8112f2f58eb',0,2,1),('jcdd','','123456','jichang','5ea04d340d3f408eb0af24bf17f72ac8',0,2,1),('jj1dd','','123456','one','df0c00d077fe4e1b8575afa6706855c3',0,2,0),('jj2dd','','123456','two','866d3b5c97264ae887c17daa153789ab',0,2,0),('jj3dd','','123456','three','2b0b4df1f304447a937460b0b267d769',0,2,0),('jj4dd','','123456','four','6baedff5f3b84988a3208715f4f97ab7',0,2,0),('kfqdd','','123456','kaifaqu','568d4d79ea3b43529cbacf0262926c80',0,2,1),('lkdd','','123456','longkou','23b0c9fba32f4cac8c480ee4aefe8463',0,2,1),('lydd','','123456','laiyang','7c74277d7d9a4a29af79c93ff47efe41',0,2,1),('lzdd','','123456','laizhou',NULL,0,2,1),('mpdd','','123456','muping','2bd0366f49504cfb9c677624c85a3adc',0,2,1),('pldd','','123456','penglai','9a1655468d36428caec61385173e57f9',0,2,1),('qxdd','','123456','qixia','a35d91e68f614bf1bcd72cc8af68f40b',0,2,1),('test','','123456','fushan','54b40d10f55e48eca6eb4a1ed07b4f46',0,2,1),('zydd','','123456','zhaoyuan','c053d373b38f422786c920cab4975ec2',0,2,1);
/*!40000 ALTER TABLE `user` ENABLE KEYS */;
UNLOCK TABLES;

--
-- Table structure for table `userlog`
--

DROP TABLE IF EXISTS `userlog`;
/*!40101 SET @saved_cs_client     = @@character_set_client */;
/*!40101 SET character_set_client = utf8 */;
CREATE TABLE `userlog` (
  `ordinal` int(11) NOT NULL AUTO_INCREMENT,
  `time` datetime NOT NULL,
  `userid` varchar(50) NOT NULL,
  `content` varchar(450) DEFAULT NULL,
  `ip` varchar(45) DEFAULT NULL,
  PRIMARY KEY (`ordinal`),
  UNIQUE KEY `ordinal_UNIQUE` (`ordinal`),
  KEY `userid_idx` (`userid`),
  CONSTRAINT `userid` FOREIGN KEY (`userid`) REFERENCES `user` (`id`) ON DELETE NO ACTION ON UPDATE NO ACTION
) ENGINE=InnoDB AUTO_INCREMENT=534 DEFAULT CHARSET=utf8 COMMENT='使用日志';
/*!40101 SET character_set_client = @saved_cs_client */;

--
-- Dumping data for table `userlog`
--

LOCK TABLES `userlog` WRITE;
/*!40000 ALTER TABLE `userlog` DISABLE KEYS */;
INSERT INTO `userlog` VALUES (505,'2017-11-20 08:30:17','c','login','192.168.8.14'),(506,'2017-11-20 09:11:20','fsdd','login','192.168.8.14'),(507,'2017-11-20 09:11:36','mpdd','login','192.168.8.14'),(508,'2017-11-20 09:11:44','hydd','login','192.168.8.14'),(509,'2017-11-20 09:11:54','lydd','login','192.168.8.14'),(510,'2017-11-20 09:12:03','qxdd','login','192.168.8.14'),(511,'2017-11-20 09:12:10','pldd','login','192.168.8.14'),(512,'2017-11-20 09:12:18','cddd','login','192.168.8.14'),(513,'2017-11-20 09:12:24','lkdd','login','192.168.8.14'),(514,'2017-11-20 09:12:30','zydd','login','192.168.8.14'),(515,'2017-11-20 09:13:11','kfqdd','login','192.168.8.14'),(516,'2017-11-20 09:13:19','gwdd','login','192.168.8.14'),(517,'2017-11-20 09:13:26','jcdd','login','192.168.8.14'),(518,'2017-11-20 09:13:36','jj1dd','login','192.168.8.14'),(519,'2017-11-20 09:13:42','jj2dd','login','192.168.8.14'),(520,'2017-11-20 09:13:48','jj3dd','login','192.168.8.14'),(521,'2017-11-20 09:13:55','jj4dd','login','192.168.8.14'),(522,'2017-11-20 09:44:40','center','login','192.168.8.14'),(523,'2017-11-20 09:45:06','center','login','192.168.8.8'),(524,'2017-11-20 09:45:08','c','login','192.168.8.14'),(525,'2017-11-20 10:14:40','center','login','192.168.8.14'),(526,'2017-11-20 10:22:17','test','login','192.168.8.8'),(527,'2017-11-20 10:27:41','d','login','192.168.8.5'),(528,'2017-11-20 10:34:48','center','login','192.168.8.8'),(529,'2017-11-20 10:51:44','c','login','192.168.8.14'),(530,'2017-11-20 11:04:47','c','login','192.168.8.14'),(531,'2017-11-20 11:04:47','d','login','192.168.8.5'),(532,'2017-11-20 11:49:09','fsdd','login','192.168.8.14'),(533,'2017-11-20 11:54:24','d','login','192.168.8.5');
/*!40000 ALTER TABLE `userlog` ENABLE KEYS */;
UNLOCK TABLES;

--
-- Table structure for table `weeksummarized`
--

DROP TABLE IF EXISTS `weeksummarized`;
/*!40101 SET @saved_cs_client     = @@character_set_client */;
/*!40101 SET character_set_client = utf8 */;
CREATE TABLE `weeksummarized` (
  `startdate` varchar(10) NOT NULL,
  `content` varchar(21000) NOT NULL,
  `draft` smallint(2) NOT NULL COMMENT '1-草稿，0-提交，2-拒绝，3-同意',
  `time` datetime NOT NULL,
  `comment` varchar(450) DEFAULT NULL,
  `enddate` varchar(10) NOT NULL,
  `reportname` varchar(100) NOT NULL,
  PRIMARY KEY (`startdate`,`enddate`,`reportname`)
) ENGINE=InnoDB DEFAULT CHARSET=utf8 COMMENT='时间段汇总数据';
/*!40101 SET character_set_client = @saved_cs_client */;

--
-- Dumping data for table `weeksummarized`
--

LOCK TABLES `weeksummarized` WRITE;
/*!40000 ALTER TABLE `weeksummarized` DISABLE KEYS */;
/*!40000 ALTER TABLE `weeksummarized` ENABLE KEYS */;
UNLOCK TABLES;

--
-- Dumping events for database 'tp'
--

--
-- Dumping routines for database 'tp'
--
/*!40103 SET TIME_ZONE=@OLD_TIME_ZONE */;

/*!40101 SET SQL_MODE=@OLD_SQL_MODE */;
/*!40014 SET FOREIGN_KEY_CHECKS=@OLD_FOREIGN_KEY_CHECKS */;
/*!40014 SET UNIQUE_CHECKS=@OLD_UNIQUE_CHECKS */;
/*!40101 SET CHARACTER_SET_CLIENT=@OLD_CHARACTER_SET_CLIENT */;
/*!40101 SET CHARACTER_SET_RESULTS=@OLD_CHARACTER_SET_RESULTS */;
/*!40101 SET COLLATION_CONNECTION=@OLD_COLLATION_CONNECTION */;
/*!40111 SET SQL_NOTES=@OLD_SQL_NOTES */;

-- Dump completed on 2017-11-20 14:58:33
