-- MySQL dump 10.13  Distrib 5.7.17, for Win64 (x86_64)
--
-- Host: 192.168.8.240    Database: tp
-- ------------------------------------------------------
-- Server version	5.6.21-log

/*!40101 SET @OLD_CHARACTER_SET_CLIENT=@@CHARACTER_SET_CLIENT */;
/*!40101 SET @OLD_CHARACTER_SET_RESULTS=@@CHARACTER_SET_RESULTS */;
/*!40101 SET @OLD_COLLATION_CONNECTION=@@COLLATION_CONNECTION */;
/*!40101 SET NAMES utf8 */;
/*!40103 SET @OLD_TIME_ZONE=@@TIME_ZONE */;
/*!40103 SET TIME_ZONE='+00:00' */;
/*!40014 SET @OLD_UNIQUE_CHECKS=@@UNIQUE_CHECKS, UNIQUE_CHECKS=0 */;
/*!40014 SET @OLD_FOREIGN_KEY_CHECKS=@@FOREIGN_KEY_CHECKS, FOREIGN_KEY_CHECKS=0 */;
/*!40101 SET @OLD_SQL_MODE=@@SQL_MODE, SQL_MODE='NO_AUTO_VALUE_ON_ZERO' */;
/*!40111 SET @OLD_SQL_NOTES=@@SQL_NOTES, SQL_NOTES=0 */;

--
-- Table structure for table `dataitem`
--

DROP TABLE IF EXISTS `dataitem`;
/*!40101 SET @saved_cs_client     = @@character_set_client */;
/*!40101 SET character_set_client = utf8 */;
CREATE TABLE `dataitem` (
  `id` varchar(50) NOT NULL,
  `mandated` smallint(2) NOT NULL,
  `comment` varchar(450) DEFAULT NULL,
  `units` varchar(300) NOT NULL,
  `seconditem` varchar(5000) DEFAULT NULL,
  `name` varchar(150) NOT NULL,
  `deleted` smallint(2) NOT NULL DEFAULT '0',
  `tabletype` varchar(100) NOT NULL COMMENT '对应 reports表name字段',
  `time` datetime NOT NULL,
  `inputtype` smallint(2) NOT NULL COMMENT ' public enum secondItemType\n    {\n        unknown,\n        number,//\n        text,\n        date,\n        radio//单选框\n    }',
  `hassecond` smallint(2) NOT NULL,
  `statisticstype` varchar(600) NOT NULL COMMENT '  public enum StatisticsType\n    {\n        unknown,//未知\n        sum,//求和\n        average,//平均\n        collect,//汇总\n        yearoveryear,//同比\n        linkrelative,//环比\n    }',
  `defaultvalue` varchar(450) DEFAULT NULL,
  `index` int(11) NOT NULL DEFAULT '0',
  PRIMARY KEY (`id`),
  UNIQUE KEY `id_UNIQUE` (`id`)
) ENGINE=InnoDB DEFAULT CHARSET=utf8 COMMENT='//数据项存贮';
/*!40101 SET character_set_client = @saved_cs_client */;

--
-- Dumping data for table `dataitem`
--

LOCK TABLES `dataitem` WRITE;
/*!40000 ALTER TABLE `dataitem` DISABLE KEYS */;
INSERT INTO `dataitem` VALUES ('010173d5d6c44ac8ac3d5f907204c00c',0,'','[1]','[{\"secondtype\":1,\"name\":\"出警次数\",\"StatisticsType\":[1,4,5],\"units\":[1],\"Mandated\":true,\"defaultValue\":\"0\",\"index\":0},{\"secondtype\":1,\"name\":\"警车数\",\"StatisticsType\":[1,4,5],\"units\":[1],\"Mandated\":true,\"defaultValue\":\"0\",\"index\":0},{\"secondtype\":1,\"name\":\"现场执法数\",\"StatisticsType\":[1,4,5],\"units\":[1],\"Mandated\":true,\"defaultValue\":\"0\",\"index\":0}]','勤务动态',0,'每日交管动态汇报','2017-11-17 17:29:56',1,1,'[1]','',99),('07131ed808a44929a837e078afb391ac',0,'','[2,3,4,5]','','道路交通设施概况',0,'每日交管动态汇报','2017-11-18 10:26:52',3,0,'[4]','无',97),('0ad6275b24f74a209197da4fedcc1ae1',0,'','[]','','666666666',1,'每日交管动态汇报','2017-11-18 11:36:50',4,0,'[1]','',0),('2682e193e290409db6cafd78d87e926c',0,'','[1]','','市区路网交通运行评价',0,'每日交管动态汇报','2017-11-18 10:26:57',3,0,'[4]','无',96),('2ed2a762280243df9eb7bc60131541b8',0,'','[1]','[{\"secondtype\":1,\"name\":\"交通事故数\",\"StatisticsType\":[1,4,5],\"units\":[1],\"Mandated\":true,\"defaultValue\":\"0\",\"index\":0},{\"secondtype\":1,\"name\":\"受伤事故数\",\"StatisticsType\":[1,4,5],\"units\":[1],\"Mandated\":true,\"defaultValue\":\"0\",\"index\":0},{\"secondtype\":1,\"name\":\"受伤人数\",\"StatisticsType\":[1,4,5],\"units\":[1],\"Mandated\":true,\"defaultValue\":\"0\",\"index\":0},{\"secondtype\":1,\"name\":\"死亡事故数\",\"StatisticsType\":[1,4,5],\"units\":[1],\"Mandated\":true,\"defaultValue\":\"0\",\"index\":0},{\"secondtype\":1,\"name\":\"死亡人数\",\"StatisticsType\":[1,4,5],\"units\":[1],\"Mandated\":true,\"defaultValue\":\"0\",\"index\":0}]','交通事故概况',0,'每日交管动态汇报','2017-11-17 17:33:01',1,1,'[1]','',98),('343db81b20244bd487d48805df7a35cc',0,'','[]','','审核日期',0,'每日交管动态汇报','2017-11-18 10:27:39',4,0,'[]','',90),('37aeeb3dd1994553b6540b1d66487973',0,'','[1]','','汇报日期',0,'每日点名统计汇报','2017-11-18 10:15:27',4,0,'[3,4]','',91),('476e8f81051e404281175af616baf352',0,'','[1]','[{\"secondtype\":1,\"name\":\"交通事故数\",\"StatisticsType\":[1,4,5],\"units\":[1],\"Mandated\":true,\"defaultValue\":\"\",\"index\":0},{\"secondtype\":1,\"name\":\"受伤事故数\",\"StatisticsType\":[1,4,5],\"units\":[1],\"Mandated\":true,\"defaultValue\":\"\",\"index\":0},{\"secondtype\":1,\"name\":\"受伤人数\",\"StatisticsType\":[1,4,5],\"units\":[1],\"Mandated\":true,\"defaultValue\":\"\",\"index\":0},{\"secondtype\":1,\"name\":\"死亡事故数\",\"StatisticsType\":[1,4,5],\"units\":[1],\"Mandated\":true,\"defaultValue\":\"\",\"index\":0},{\"secondtype\":1,\"name\":\"死亡人数\",\"StatisticsType\":[1,4,5],\"units\":[1],\"Mandated\":true,\"defaultValue\":\"\",\"index\":0}]','交通事故概况',0,'每日点名统计汇报','2017-11-17 17:32:48',0,1,'[]','',98),('5e62b3f141664c3dba55874c7bca9d29',1,'','[1]','','道路交通设施概况',0,'每日点名统计汇报','2017-11-18 10:29:30',3,0,'[4]','无',97),('6a3760905e484e8aa57af1e03669204c',0,'','[1]','','指挥调度概况',0,'每日点名统计汇报','2017-11-18 10:25:47',3,0,'[4]','无',96),('9d7ae15dc4e945e2bafcd015429def2a',0,'','[1]','','市区路网交通运行评价',0,'每日点名统计汇报','2017-11-18 10:25:53',3,0,'[4]','无',95),('9e3be1fbb9204804969599ecaf0d548c',1,'','[1]','','审核人',0,'每日点名统计汇报','2017-11-18 10:26:42',3,0,'[4]','无',92),('a104876373b84a3282665e312b4d67c1',1,'','[1]','','审核人',0,'每日交管动态汇报','2017-11-18 14:37:12',2,0,'[]','',93),('a1277226fc3544538387d711be4706e2',0,'','[1]','[{\"secondtype\":2,\"name\":\"辖区天气\",\"StatisticsType\":[],\"units\":[1],\"Mandated\":false,\"defaultValue\":\"\",\"index\":0},{\"secondtype\":1,\"name\":\"最高气温\",\"StatisticsType\":[],\"units\":[1],\"Mandated\":false,\"defaultValue\":\"\",\"index\":0},{\"secondtype\":1,\"name\":\"最低气温\",\"StatisticsType\":[],\"units\":[1],\"Mandated\":false,\"defaultValue\":\"\",\"index\":0},{\"secondtype\":2,\"name\":\"预警事件\",\"StatisticsType\":[],\"units\":[1],\"Mandated\":false,\"defaultValue\":\"\",\"index\":0}]','交通事件统计',0,'每日点名统计汇报','2017-11-18 10:58:09',0,1,'[]','',94),('a8cda4f9dc004936bddb7fa0941142c0',1,'','[1]','','工作动态',0,'每日点名统计汇报','2017-11-18 10:26:37',3,0,'[4]','无',94),('ac98ef649ff0451984c996e150ad63a7',1,'','[1]','','撰写人',0,'每日交管动态汇报','2017-11-18 14:36:59',2,0,'[]','',93),('ac9d9b4652b14b9ea2400ebfeefcd5d6',0,'','[1]','[{\"secondtype\":2,\"name\":\"辖区天气\",\"StatisticsType\":[],\"units\":[1],\"Mandated\":false,\"defaultValue\":\"\",\"index\":0},{\"secondtype\":1,\"name\":\"最高气温\",\"StatisticsType\":[],\"units\":[1],\"Mandated\":false,\"defaultValue\":\"\",\"index\":0},{\"secondtype\":1,\"name\":\"最低气温\",\"StatisticsType\":[],\"units\":[1],\"Mandated\":false,\"defaultValue\":\"\",\"index\":0},{\"secondtype\":2,\"name\":\"预警事件\",\"StatisticsType\":[],\"units\":[1],\"Mandated\":false,\"defaultValue\":null,\"index\":0}]','交通事件统计',0,'每日交管动态汇报','2017-11-18 10:57:50',0,1,'[]','',95),('b3aca15e235742ce85a56707d8fc6669',1,'','[1]','','工作动态',0,'每日交管动态汇报','2017-11-18 10:27:21',3,0,'[4]','无',94),('b3dfc90c29ca4498a3bf2a877ef51415',0,'','[]','','汇报日期',0,'每日交管动态汇报','2017-11-18 10:27:36',4,0,'[]','',92),('b9beab2f3df44c449e49e4fbc983d62b',0,'','[1]','','指挥调度概况',0,'每日交管动态汇报','2017-11-18 10:27:01',3,0,'[4]','无',96),('ba34909f3a6844fabd242b879e3a01e8',0,'此处填写警务动态','[1]','[{\"secondtype\":1,\"name\":\"出警次数\",\"StatisticsType\":[1,4,5],\"units\":[1],\"Mandated\":true,\"defaultValue\":\"\",\"index\":0},{\"secondtype\":1,\"name\":\"警车数\",\"StatisticsType\":[1,4,5],\"units\":[1],\"Mandated\":true,\"defaultValue\":\"\",\"index\":0},{\"secondtype\":1,\"name\":\"现场执法\",\"StatisticsType\":[1,4,5],\"units\":[1],\"Mandated\":true,\"defaultValue\":\"\",\"index\":0}]','勤务动态',0,'每日点名统计汇报','2017-11-17 17:31:18',0,1,'[]','',99),('ef4cd8f9e35440969327120c04844846',1,'','[1]','','撰写人',0,'每日点名统计汇报','2017-11-18 10:26:32',3,0,'[4]','无',93);
/*!40000 ALTER TABLE `dataitem` ENABLE KEYS */;
UNLOCK TABLES;

--
-- Table structure for table `moban`
--

DROP TABLE IF EXISTS `moban`;
/*!40101 SET @saved_cs_client     = @@character_set_client */;
/*!40101 SET character_set_client = utf8 */;
CREATE TABLE `moban` (
  `name` varchar(150) NOT NULL,
  `comment` varchar(450) NOT NULL,
  `filename` varchar(450) NOT NULL,
  `tabletype` varchar(100) NOT NULL,
  `time` datetime NOT NULL,
  `deleted` smallint(2) NOT NULL DEFAULT '0' COMMENT '1-删除',
  PRIMARY KEY (`name`),
  UNIQUE KEY `name_UNIQUE` (`name`)
) ENGINE=InnoDB DEFAULT CHARSET=utf8 COMMENT='//word模板存贮';
/*!40101 SET character_set_client = @saved_cs_client */;

--
-- Dumping data for table `moban`
--

LOCK TABLES `moban` WRITE;
/*!40000 ALTER TABLE `moban` DISABLE KEYS */;
INSERT INTO `moban` VALUES ('ycl先不要删除','ycl先不要删除','ycl先不要删除20171118161538.doc','每日点名统计汇报','2017-11-18 16:15:38',0),('交管动态汇报','','交管动态汇报20171118154337.doc','每日交管动态汇报','2017-11-18 15:43:37',0);
/*!40000 ALTER TABLE `moban` ENABLE KEYS */;
UNLOCK TABLES;

--
-- Table structure for table `reportlog`
--

DROP TABLE IF EXISTS `reportlog`;
/*!40101 SET @saved_cs_client     = @@character_set_client */;
/*!40101 SET character_set_client = utf8 */;
CREATE TABLE `reportlog` (
  `date` varchar(10) NOT NULL,
  `unitid` varchar(50) NOT NULL,
  `content` varchar(4500) NOT NULL,
  `draft` smallint(2) NOT NULL DEFAULT '1' COMMENT '1-草稿，0-提交，2-拒绝，3-同意',
  `time` datetime NOT NULL,
  `declinereason` varchar(450) DEFAULT NULL,
  PRIMARY KEY (`date`,`unitid`),
  UNIQUE KEY `date_UNIQUE` (`date`),
  KEY `reportlogunitid_idx` (`unitid`),
  CONSTRAINT `reportlogunitid` FOREIGN KEY (`unitid`) REFERENCES `unit` (`id`) ON DELETE NO ACTION ON UPDATE NO ACTION
) ENGINE=InnoDB DEFAULT CHARSET=utf8;
/*!40101 SET character_set_client = @saved_cs_client */;

--
-- Dumping data for table `reportlog`
--

LOCK TABLES `reportlog` WRITE;
/*!40000 ALTER TABLE `reportlog` DISABLE KEYS */;
/*!40000 ALTER TABLE `reportlog` ENABLE KEYS */;
UNLOCK TABLES;

--
-- Table structure for table `reports`
--

DROP TABLE IF EXISTS `reports`;
/*!40101 SET @saved_cs_client     = @@character_set_client */;
/*!40101 SET character_set_client = utf8 */;
CREATE TABLE `reports` (
  `name` varchar(100) NOT NULL,
  `comment` varchar(600) DEFAULT NULL,
  `type` varchar(100) NOT NULL,
  `units` varchar(600) NOT NULL,
  PRIMARY KEY (`name`),
  UNIQUE KEY `name_UNIQUE` (`name`)
) ENGINE=InnoDB DEFAULT CHARSET=utf8 COMMENT='//报表种类存贮';
/*!40101 SET character_set_client = @saved_cs_client */;

--
-- Dumping data for table `reports`
--

LOCK TABLES `reports` WRITE;
/*!40000 ALTER TABLE `reports` DISABLE KEYS */;
INSERT INTO `reports` VALUES ('每日交管动态汇报','','four','[1]'),('每日点名统计汇报','','nine','[1]');
/*!40000 ALTER TABLE `reports` ENABLE KEYS */;
UNLOCK TABLES;

--
-- Table structure for table `reportsdata`
--

DROP TABLE IF EXISTS `reportsdata`;
/*!40101 SET @saved_cs_client     = @@character_set_client */;
/*!40101 SET character_set_client = utf8 */;
CREATE TABLE `reportsdata` (
  `date` varchar(10) NOT NULL,
  `unitid` varchar(50) NOT NULL,
  `content` varchar(20000) NOT NULL,
  `draft` smallint(2) NOT NULL COMMENT '1-草稿，0-提交，2-拒绝，3-同意,4;//签到\n//1--草稿，0-正式提交,2-退回\n-----1-草稿，0-提交到网站，2-保存word文档到本地，3-待定',
  `time` datetime NOT NULL,
  `comment` varchar(450) DEFAULT NULL,
  `signtype` smallint(2) NOT NULL DEFAULT '0',
  `declinereason` varchar(450) DEFAULT NULL,
  `submittime` datetime NOT NULL,
  `rname` varchar(100) NOT NULL,
  PRIMARY KEY (`date`,`unitid`,`rname`),
  KEY `reportsdataunitid_idx` (`unitid`)
) ENGINE=InnoDB DEFAULT CHARSET=utf8 COMMENT='//每日上报数据，包括草稿和提交，';
/*!40101 SET character_set_client = @saved_cs_client */;

--
-- Dumping data for table `reportsdata`
--

LOCK TABLES `reportsdata` WRITE;
/*!40000 ALTER TABLE `reportsdata` DISABLE KEYS */;
INSERT INTO `reportsdata` VALUES ('2017-11-13','zhaoyuan','{\"date\":\"2017-11-13\",\"reportname\":\"每日交管动态汇报\",\"datalist\":[{\"Content\":\"\",\"secondlist\":[{\"data\":\"0\",\"secondtype\":1,\"name\":\"出警次数\",\"StatisticsType\":[1,4,5],\"units\":[1],\"Mandated\":true,\"defaultValue\":\"0\",\"index\":0},{\"data\":\"0\",\"secondtype\":1,\"name\":\"警车数\",\"StatisticsType\":[1,4,5],\"units\":[1],\"Mandated\":true,\"defaultValue\":\"0\",\"index\":0},{\"data\":\"0\",\"secondtype\":1,\"name\":\"现场执法数\",\"StatisticsType\":[1,4,5],\"units\":[1],\"Mandated\":true,\"defaultValue\":\"0\",\"index\":0}],\"hasSecondItems\":true,\"Name\":\"勤务动态\",\"Mandated\":false,\"Deleted\":false,\"Comment\":\"\",\"units\":[1],\"inputtype\":1,\"StatisticsType\":[1],\"defaultValue\":\"\",\"tabletype\":\"每日交管动态汇报\",\"index\":99},{\"Content\":\"无\",\"secondlist\":[],\"hasSecondItems\":false,\"Name\":\"市区路网交通运行评价\",\"Mandated\":false,\"Deleted\":false,\"Comment\":\"\",\"units\":[1],\"inputtype\":3,\"StatisticsType\":[4],\"defaultValue\":\"无\",\"tabletype\":\"每日交管动态汇报\",\"index\":96},{\"Content\":\"\",\"secondlist\":[{\"data\":\"0\",\"secondtype\":1,\"name\":\"交通事故数\",\"StatisticsType\":[1,4,5],\"units\":[1],\"Mandated\":true,\"defaultValue\":\"0\",\"index\":0},{\"data\":\"0\",\"secondtype\":1,\"name\":\"受伤事故数\",\"StatisticsType\":[1,4,5],\"units\":[1],\"Mandated\":true,\"defaultValue\":\"0\",\"index\":0},{\"data\":\"0\",\"secondtype\":1,\"name\":\"受伤人数\",\"StatisticsType\":[1,4,5],\"units\":[1],\"Mandated\":true,\"defaultValue\":\"0\",\"index\":0},{\"data\":\"0\",\"secondtype\":1,\"name\":\"死亡事故数\",\"StatisticsType\":[1,4,5],\"units\":[1],\"Mandated\":true,\"defaultValue\":\"0\",\"index\":0},{\"data\":\"0\",\"secondtype\":1,\"name\":\"死亡人数\",\"StatisticsType\":[1,4,5],\"units\":[1],\"Mandated\":true,\"defaultValue\":\"0\",\"index\":0}],\"hasSecondItems\":true,\"Name\":\"交通事故概况\",\"Mandated\":false,\"Deleted\":false,\"Comment\":\"\",\"units\":[1],\"inputtype\":1,\"StatisticsType\":[1],\"defaultValue\":\"\",\"tabletype\":\"每日交管动态汇报\",\"index\":98},{\"Content\":\"阿达\",\"secondlist\":[],\"hasSecondItems\":false,\"Name\":\"审核人\",\"Mandated\":true,\"Deleted\":false,\"Comment\":\"\",\"units\":[1],\"inputtype\":2,\"StatisticsType\":[],\"defaultValue\":\"阿达\",\"tabletype\":\"每日交管动态汇报\",\"index\":93},{\"Content\":\"阿达\",\"secondlist\":[],\"hasSecondItems\":false,\"Name\":\"撰写人\",\"Mandated\":true,\"Deleted\":false,\"Comment\":\"\",\"units\":[1],\"inputtype\":2,\"StatisticsType\":[],\"defaultValue\":\"阿达\",\"tabletype\":\"每日交管动态汇报\",\"index\":93},{\"Content\":\"\",\"secondlist\":[{\"data\":\"\",\"secondtype\":2,\"name\":\"辖区天气\",\"StatisticsType\":[],\"units\":[1],\"Mandated\":false,\"defaultValue\":\"\",\"index\":0},{\"data\":\"\",\"secondtype\":1,\"name\":\"最高气温\",\"StatisticsType\":[],\"units\":[1],\"Mandated\":false,\"defaultValue\":\"\",\"index\":0},{\"data\":\"\",\"secondtype\":1,\"name\":\"最低气温\",\"StatisticsType\":[],\"units\":[1],\"Mandated\":false,\"defaultValue\":\"\",\"index\":0},{\"data\":null,\"secondtype\":2,\"name\":\"预警事件\",\"StatisticsType\":[],\"units\":[1],\"Mandated\":false,\"defaultValue\":null,\"index\":0}],\"hasSecondItems\":true,\"Name\":\"交通事件统计\",\"Mandated\":false,\"Deleted\":false,\"Comment\":\"\",\"units\":[1],\"inputtype\":0,\"StatisticsType\":[],\"defaultValue\":\"\",\"tabletype\":\"每日交管动态汇报\",\"index\":95},{\"Content\":\"无\",\"secondlist\":[],\"hasSecondItems\":false,\"Name\":\"工作动态\",\"Mandated\":true,\"Deleted\":false,\"Comment\":\"\",\"units\":[1],\"inputtype\":3,\"StatisticsType\":[4],\"defaultValue\":\"无\",\"tabletype\":\"每日交管动态汇报\",\"index\":94},{\"Content\":\"无\",\"secondlist\":[],\"hasSecondItems\":false,\"Name\":\"指挥调度概况\",\"Mandated\":false,\"Deleted\":false,\"Comment\":\"\",\"units\":[1],\"inputtype\":3,\"StatisticsType\":[4],\"defaultValue\":\"无\",\"tabletype\":\"每日交管动态汇报\",\"index\":96}],\"draft\":1}',1,'2017-11-18 15:17:44',NULL,0,NULL,'2017-11-18 15:17:44','每日交管动态汇报'),('2017-11-14','four','{\"date\":\"2017-11-14\",\"reportname\":\"每日交管动态汇报\",\"datalist\":[{\"Content\":\"\",\"secondlist\":[{\"data\":\"9\",\"secondtype\":1,\"name\":\"出警次数\",\"StatisticsType\":[1,4,5],\"units\":[1],\"Mandated\":true,\"defaultValue\":\"9\",\"index\":0},{\"data\":\"9\",\"secondtype\":1,\"name\":\"警车数\",\"StatisticsType\":[1,4,5],\"units\":[1],\"Mandated\":true,\"defaultValue\":\"9\",\"index\":0},{\"data\":\"9\",\"secondtype\":1,\"name\":\"现场执法数\",\"StatisticsType\":[1,4,5],\"units\":[1],\"Mandated\":true,\"defaultValue\":\"9\",\"index\":0}],\"hasSecondItems\":true,\"Name\":\"勤务动态\",\"Mandated\":false,\"Deleted\":false,\"Comment\":\"\",\"units\":[1],\"inputtype\":1,\"StatisticsType\":[1],\"defaultValue\":\"\",\"tabletype\":\"每日交管动态汇报\",\"index\":99},{\"Content\":\"1.bhdkahpoi\\n2.wdjauihp\\n3.diaoidhuw\\n4.dcakidhuw\",\"secondlist\":[],\"hasSecondItems\":false,\"Name\":\"道路交通设施概况\",\"Mandated\":false,\"Deleted\":false,\"Comment\":\"\",\"units\":[2,3,4,5],\"inputtype\":3,\"StatisticsType\":[4],\"defaultValue\":\"1.bhdkahpoi\\n2.wdjauihp\\n3.diaoidhuw\\n4.dcakidhuw\",\"tabletype\":\"每日交管动态汇报\",\"index\":97},{\"Content\":\"1.hoaihwo\\\\\\n2.jahewfiha\\n3.sihefphaui\",\"secondlist\":[],\"hasSecondItems\":false,\"Name\":\"市区路网交通运行评价\",\"Mandated\":false,\"Deleted\":false,\"Comment\":\"\",\"units\":[1],\"inputtype\":3,\"StatisticsType\":[4],\"defaultValue\":\"1.hoaihwo\\\\\\n2.jahewfiha\\n3.sihefphaui\",\"tabletype\":\"每日交管动态汇报\",\"index\":96},{\"Content\":\"\",\"secondlist\":[{\"data\":\"9\",\"secondtype\":1,\"name\":\"交通事故数\",\"StatisticsType\":[1,4,5],\"units\":[1],\"Mandated\":true,\"defaultValue\":\"9\",\"index\":0},{\"data\":\"9\",\"secondtype\":1,\"name\":\"受伤事故数\",\"StatisticsType\":[1,4,5],\"units\":[1],\"Mandated\":true,\"defaultValue\":\"9\",\"index\":0},{\"data\":\"9\",\"secondtype\":1,\"name\":\"受伤人数\",\"StatisticsType\":[1,4,5],\"units\":[1],\"Mandated\":true,\"defaultValue\":\"9\",\"index\":0},{\"data\":\"9\",\"secondtype\":1,\"name\":\"死亡事故数\",\"StatisticsType\":[1,4,5],\"units\":[1],\"Mandated\":true,\"defaultValue\":\"9\",\"index\":0},{\"data\":\"9\",\"secondtype\":1,\"name\":\"死亡人数\",\"StatisticsType\":[1,4,5],\"units\":[1],\"Mandated\":true,\"defaultValue\":\"9\",\"index\":0}],\"hasSecondItems\":true,\"Name\":\"交通事故概况\",\"Mandated\":false,\"Deleted\":false,\"Comment\":\"\",\"units\":[1],\"inputtype\":1,\"StatisticsType\":[1],\"defaultValue\":\"\",\"tabletype\":\"每日交管动态汇报\",\"index\":98},{\"Content\":\"lskuhf\",\"secondlist\":[],\"hasSecondItems\":false,\"Name\":\"审核人\",\"Mandated\":true,\"Deleted\":false,\"Comment\":\"\",\"units\":[1],\"inputtype\":2,\"StatisticsType\":[3],\"defaultValue\":\"lskuhf\",\"tabletype\":\"每日交管动态汇报\",\"index\":93},{\"Content\":\"kahswdkih\",\"secondlist\":[],\"hasSecondItems\":false,\"Name\":\"撰写人\",\"Mandated\":true,\"Deleted\":false,\"Comment\":\"\",\"units\":[1],\"inputtype\":2,\"StatisticsType\":[4],\"defaultValue\":\"kahswdkih\",\"tabletype\":\"每日交管动态汇报\",\"index\":93},{\"Content\":\"\",\"secondlist\":[{\"data\":\"8\",\"secondtype\":2,\"name\":\"辖区天气\",\"StatisticsType\":[],\"units\":[1],\"Mandated\":false,\"defaultValue\":\"8\",\"index\":0},{\"data\":\"8\",\"secondtype\":1,\"name\":\"最高气温\",\"StatisticsType\":[],\"units\":[1],\"Mandated\":false,\"defaultValue\":\"8\",\"index\":0},{\"data\":\"8\",\"secondtype\":1,\"name\":\"最低气温\",\"StatisticsType\":[],\"units\":[1],\"Mandated\":false,\"defaultValue\":\"8\",\"index\":0},{\"data\":\"8\",\"secondtype\":2,\"name\":\"预警事件\",\"StatisticsType\":[],\"units\":[1],\"Mandated\":false,\"defaultValue\":\"8\",\"index\":0}],\"hasSecondItems\":true,\"Name\":\"交通事件统计\",\"Mandated\":false,\"Deleted\":false,\"Comment\":\"\",\"units\":[1],\"inputtype\":0,\"StatisticsType\":[],\"defaultValue\":\"\",\"tabletype\":\"每日交管动态汇报\",\"index\":95},{\"Content\":\"kjdah d\",\"secondlist\":[],\"hasSecondItems\":false,\"Name\":\"工作动态\",\"Mandated\":true,\"Deleted\":false,\"Comment\":\"\",\"units\":[1],\"inputtype\":3,\"StatisticsType\":[4],\"defaultValue\":\"kjdah d\",\"tabletype\":\"每日交管动态汇报\",\"index\":94},{\"Content\":\"1.daiuhwdoi\\n2.faiuewhfiu\",\"secondlist\":[],\"hasSecondItems\":false,\"Name\":\"指挥调度概况\",\"Mandated\":false,\"Deleted\":false,\"Comment\":\"\",\"units\":[1],\"inputtype\":3,\"StatisticsType\":[4],\"defaultValue\":\"1.daiuhwdoi\\n2.faiuewhfiu\",\"tabletype\":\"每日交管动态汇报\",\"index\":96}],\"draft\":0}',0,'2017-11-18 14:09:05',NULL,0,NULL,'2017-11-18 14:09:05','每日交管动态汇报'),('2017-11-14','three','{\"date\":\"2017-11-14\",\"reportname\":\"每日交管动态汇报\",\"datalist\":[{\"Content\":\"\",\"secondlist\":[{\"data\":\"8\",\"secondtype\":1,\"name\":\"出警次数\",\"StatisticsType\":[1,4,5],\"units\":[1],\"Mandated\":true,\"defaultValue\":\"8\",\"index\":0},{\"data\":\"8\",\"secondtype\":1,\"name\":\"警车数\",\"StatisticsType\":[1,4,5],\"units\":[1],\"Mandated\":true,\"defaultValue\":\"8\",\"index\":0},{\"data\":\"8\",\"secondtype\":1,\"name\":\"现场执法数\",\"StatisticsType\":[1,4,5],\"units\":[1],\"Mandated\":true,\"defaultValue\":\"8\",\"index\":0}],\"hasSecondItems\":true,\"Name\":\"勤务动态\",\"Mandated\":false,\"Deleted\":false,\"Comment\":\"\",\"units\":[1],\"inputtype\":1,\"StatisticsType\":[1],\"defaultValue\":\"\",\"tabletype\":\"每日交管动态汇报\",\"index\":99},{\"Content\":\"1.dkhjabghldkh\\n2.ajdflihauw\\n3.akjhsdfkaiuh\\n4.kzasgdfkj\",\"secondlist\":[],\"hasSecondItems\":false,\"Name\":\"道路交通设施概况\",\"Mandated\":false,\"Deleted\":false,\"Comment\":\"\",\"units\":[2,3,4,5],\"inputtype\":3,\"StatisticsType\":[4],\"defaultValue\":\"1.dkhjabghldkh\\n2.ajdflihauw\\n3.akjhsdfkaiuh\\n4.kzasgdfkj\",\"tabletype\":\"每日交管动态汇报\",\"index\":97},{\"Content\":\"1.jhfgaug\\n2.wdiahu]\\n3.adhskajh\\n4.ifalwiuh\",\"secondlist\":[],\"hasSecondItems\":false,\"Name\":\"市区路网交通运行评价\",\"Mandated\":false,\"Deleted\":false,\"Comment\":\"\",\"units\":[1],\"inputtype\":3,\"StatisticsType\":[4],\"defaultValue\":\"1.jhfgaug\\n2.wdiahu]\\n3.adhskajh\\n4.ifalwiuh\",\"tabletype\":\"每日交管动态汇报\",\"index\":96},{\"Content\":\"\",\"secondlist\":[{\"data\":\"8\",\"secondtype\":1,\"name\":\"交通事故数\",\"StatisticsType\":[1,4,5],\"units\":[1],\"Mandated\":true,\"defaultValue\":\"8\",\"index\":0},{\"data\":\"8\",\"secondtype\":1,\"name\":\"受伤事故数\",\"StatisticsType\":[1,4,5],\"units\":[1],\"Mandated\":true,\"defaultValue\":\"8\",\"index\":0},{\"data\":\"8\",\"secondtype\":1,\"name\":\"受伤人数\",\"StatisticsType\":[1,4,5],\"units\":[1],\"Mandated\":true,\"defaultValue\":\"8\",\"index\":0},{\"data\":\"8\",\"secondtype\":1,\"name\":\"死亡事故数\",\"StatisticsType\":[1,4,5],\"units\":[1],\"Mandated\":true,\"defaultValue\":\"8\",\"index\":0},{\"data\":\"8\",\"secondtype\":1,\"name\":\"死亡人数\",\"StatisticsType\":[1,4,5],\"units\":[1],\"Mandated\":true,\"defaultValue\":\"8\",\"index\":0}],\"hasSecondItems\":true,\"Name\":\"交通事故概况\",\"Mandated\":false,\"Deleted\":false,\"Comment\":\"\",\"units\":[1],\"inputtype\":1,\"StatisticsType\":[1],\"defaultValue\":\"\",\"tabletype\":\"每日交管动态汇报\",\"index\":98},{\"Content\":\"awdauiywgde\",\"secondlist\":[],\"hasSecondItems\":false,\"Name\":\"审核人\",\"Mandated\":true,\"Deleted\":false,\"Comment\":\"\",\"units\":[1],\"inputtype\":2,\"StatisticsType\":[3],\"defaultValue\":\"awdauiywgde\",\"tabletype\":\"每日交管动态汇报\",\"index\":93},{\"Content\":\"wdawdeyug\",\"secondlist\":[],\"hasSecondItems\":false,\"Name\":\"撰写人\",\"Mandated\":true,\"Deleted\":false,\"Comment\":\"\",\"units\":[1],\"inputtype\":2,\"StatisticsType\":[4],\"defaultValue\":\"wdawdeyug\",\"tabletype\":\"每日交管动态汇报\",\"index\":93},{\"Content\":\"\",\"secondlist\":[{\"data\":\"8\",\"secondtype\":2,\"name\":\"辖区天气\",\"StatisticsType\":[],\"units\":[1],\"Mandated\":false,\"defaultValue\":\"8\",\"index\":0},{\"data\":\"8\",\"secondtype\":1,\"name\":\"最高气温\",\"StatisticsType\":[],\"units\":[1],\"Mandated\":false,\"defaultValue\":\"8\",\"index\":0},{\"data\":\"8\",\"secondtype\":1,\"name\":\"最低气温\",\"StatisticsType\":[],\"units\":[1],\"Mandated\":false,\"defaultValue\":\"8\",\"index\":0},{\"data\":\"8\",\"secondtype\":2,\"name\":\"预警事件\",\"StatisticsType\":[],\"units\":[1],\"Mandated\":false,\"defaultValue\":\"8\",\"index\":0}],\"hasSecondItems\":true,\"Name\":\"交通事件统计\",\"Mandated\":false,\"Deleted\":false,\"Comment\":\"\",\"units\":[1],\"inputtype\":0,\"StatisticsType\":[],\"defaultValue\":\"\",\"tabletype\":\"每日交管动态汇报\",\"index\":95},{\"Content\":\"dhaiuh\",\"secondlist\":[],\"hasSecondItems\":false,\"Name\":\"工作动态\",\"Mandated\":true,\"Deleted\":false,\"Comment\":\"\",\"units\":[1],\"inputtype\":3,\"StatisticsType\":[4],\"defaultValue\":\"dhaiuh\",\"tabletype\":\"每日交管动态汇报\",\"index\":94},{\"Content\":\"idschfaksj\",\"secondlist\":[],\"hasSecondItems\":false,\"Name\":\"指挥调度概况\",\"Mandated\":false,\"Deleted\":false,\"Comment\":\"\",\"units\":[1],\"inputtype\":3,\"StatisticsType\":[4],\"defaultValue\":\"idschfaksj\",\"tabletype\":\"每日交管动态汇报\",\"index\":96}],\"draft\":0}',0,'2017-11-18 14:10:06',NULL,0,NULL,'2017-11-18 14:10:06','每日交管动态汇报'),('2017-11-14','zhaoyuan','{\"date\":\"2017-11-14\",\"reportname\":\"每日交管动态汇报\",\"datalist\":[{\"Content\":\"\",\"secondlist\":[{\"data\":\"0\",\"secondtype\":1,\"name\":\"出警次数\",\"StatisticsType\":[1,4,5],\"units\":[1],\"Mandated\":true,\"defaultValue\":\"0\",\"index\":0},{\"data\":\"0\",\"secondtype\":1,\"name\":\"警车数\",\"StatisticsType\":[1,4,5],\"units\":[1],\"Mandated\":true,\"defaultValue\":\"0\",\"index\":0},{\"data\":\"0\",\"secondtype\":1,\"name\":\"现场执法数\",\"StatisticsType\":[1,4,5],\"units\":[1],\"Mandated\":true,\"defaultValue\":\"0\",\"index\":0}],\"hasSecondItems\":true,\"Name\":\"勤务动态\",\"Mandated\":false,\"Deleted\":false,\"Comment\":\"\",\"units\":[1],\"inputtype\":1,\"StatisticsType\":[1],\"defaultValue\":\"\",\"tabletype\":\"每日交管动态汇报\",\"index\":99},{\"Content\":\"无\",\"secondlist\":[],\"hasSecondItems\":false,\"Name\":\"市区路网交通运行评价\",\"Mandated\":false,\"Deleted\":false,\"Comment\":\"\",\"units\":[1],\"inputtype\":3,\"StatisticsType\":[4],\"defaultValue\":\"无\",\"tabletype\":\"每日交管动态汇报\",\"index\":96},{\"Content\":\"\",\"secondlist\":[{\"data\":\"0\",\"secondtype\":1,\"name\":\"交通事故数\",\"StatisticsType\":[1,4,5],\"units\":[1],\"Mandated\":true,\"defaultValue\":\"0\",\"index\":0},{\"data\":\"0\",\"secondtype\":1,\"name\":\"受伤事故数\",\"StatisticsType\":[1,4,5],\"units\":[1],\"Mandated\":true,\"defaultValue\":\"0\",\"index\":0},{\"data\":\"0\",\"secondtype\":1,\"name\":\"受伤人数\",\"StatisticsType\":[1,4,5],\"units\":[1],\"Mandated\":true,\"defaultValue\":\"0\",\"index\":0},{\"data\":\"0\",\"secondtype\":1,\"name\":\"死亡事故数\",\"StatisticsType\":[1,4,5],\"units\":[1],\"Mandated\":true,\"defaultValue\":\"0\",\"index\":0},{\"data\":\"0\",\"secondtype\":1,\"name\":\"死亡人数\",\"StatisticsType\":[1,4,5],\"units\":[1],\"Mandated\":true,\"defaultValue\":\"0\",\"index\":0}],\"hasSecondItems\":true,\"Name\":\"交通事故概况\",\"Mandated\":false,\"Deleted\":false,\"Comment\":\"\",\"units\":[1],\"inputtype\":1,\"StatisticsType\":[1],\"defaultValue\":\"\",\"tabletype\":\"每日交管动态汇报\",\"index\":98},{\"Content\":\"阿达\",\"secondlist\":[],\"hasSecondItems\":false,\"Name\":\"审核人\",\"Mandated\":true,\"Deleted\":false,\"Comment\":\"\",\"units\":[1],\"inputtype\":2,\"StatisticsType\":[],\"defaultValue\":\"阿达\",\"tabletype\":\"每日交管动态汇报\",\"index\":93},{\"Content\":\"阿达\",\"secondlist\":[],\"hasSecondItems\":false,\"Name\":\"撰写人\",\"Mandated\":true,\"Deleted\":false,\"Comment\":\"\",\"units\":[1],\"inputtype\":2,\"StatisticsType\":[],\"defaultValue\":\"阿达\",\"tabletype\":\"每日交管动态汇报\",\"index\":93},{\"Content\":\"\",\"secondlist\":[{\"data\":\"\",\"secondtype\":2,\"name\":\"辖区天气\",\"StatisticsType\":[],\"units\":[1],\"Mandated\":false,\"defaultValue\":\"\",\"index\":0},{\"data\":\"\",\"secondtype\":1,\"name\":\"最高气温\",\"StatisticsType\":[],\"units\":[1],\"Mandated\":false,\"defaultValue\":\"\",\"index\":0},{\"data\":\"\",\"secondtype\":1,\"name\":\"最低气温\",\"StatisticsType\":[],\"units\":[1],\"Mandated\":false,\"defaultValue\":\"\",\"index\":0},{\"data\":null,\"secondtype\":2,\"name\":\"预警事件\",\"StatisticsType\":[],\"units\":[1],\"Mandated\":false,\"defaultValue\":null,\"index\":0}],\"hasSecondItems\":true,\"Name\":\"交通事件统计\",\"Mandated\":false,\"Deleted\":false,\"Comment\":\"\",\"units\":[1],\"inputtype\":0,\"StatisticsType\":[],\"defaultValue\":\"\",\"tabletype\":\"每日交管动态汇报\",\"index\":95},{\"Content\":\"无\",\"secondlist\":[],\"hasSecondItems\":false,\"Name\":\"工作动态\",\"Mandated\":true,\"Deleted\":false,\"Comment\":\"\",\"units\":[1],\"inputtype\":3,\"StatisticsType\":[4],\"defaultValue\":\"无\",\"tabletype\":\"每日交管动态汇报\",\"index\":94},{\"Content\":\"无\",\"secondlist\":[],\"hasSecondItems\":false,\"Name\":\"指挥调度概况\",\"Mandated\":false,\"Deleted\":false,\"Comment\":\"\",\"units\":[1],\"inputtype\":3,\"StatisticsType\":[4],\"defaultValue\":\"无\",\"tabletype\":\"每日交管动态汇报\",\"index\":96}],\"draft\":0}',0,'2017-11-18 15:17:23',NULL,0,NULL,'2017-11-18 15:17:23','每日交管动态汇报'),('2017-11-15','zhaoyuan','{\"date\":\"2017-11-15\",\"reportname\":\"每日交管动态汇报\",\"datalist\":[{\"Content\":\"\",\"secondlist\":[{\"data\":\"0\",\"secondtype\":1,\"name\":\"出警次数\",\"StatisticsType\":[1,4,5],\"units\":[1],\"Mandated\":true,\"defaultValue\":\"0\",\"index\":0},{\"data\":\"0\",\"secondtype\":1,\"name\":\"警车数\",\"StatisticsType\":[1,4,5],\"units\":[1],\"Mandated\":true,\"defaultValue\":\"0\",\"index\":0},{\"data\":\"0\",\"secondtype\":1,\"name\":\"现场执法数\",\"StatisticsType\":[1,4,5],\"units\":[1],\"Mandated\":true,\"defaultValue\":\"0\",\"index\":0}],\"hasSecondItems\":true,\"Name\":\"勤务动态\",\"Mandated\":false,\"Deleted\":false,\"Comment\":\"\",\"units\":[1],\"inputtype\":1,\"StatisticsType\":[1],\"defaultValue\":\"\",\"tabletype\":\"每日交管动态汇报\",\"index\":99},{\"Content\":\"1、无的沙发斯蒂芬三份\\n2、啊但是发沙发上f\\n3、阿什顿发顺丰的a\",\"secondlist\":[],\"hasSecondItems\":false,\"Name\":\"市区路网交通运行评价\",\"Mandated\":false,\"Deleted\":false,\"Comment\":\"\",\"units\":[1],\"inputtype\":3,\"StatisticsType\":[4],\"defaultValue\":\"1、无的沙发斯蒂芬三份\\n2、啊但是发沙发上f\\n3、阿什顿发顺丰的a\",\"tabletype\":\"每日交管动态汇报\",\"index\":96},{\"Content\":\"\",\"secondlist\":[{\"data\":\"0\",\"secondtype\":1,\"name\":\"交通事故数\",\"StatisticsType\":[1,4,5],\"units\":[1],\"Mandated\":true,\"defaultValue\":\"0\",\"index\":0},{\"data\":\"0\",\"secondtype\":1,\"name\":\"受伤事故数\",\"StatisticsType\":[1,4,5],\"units\":[1],\"Mandated\":true,\"defaultValue\":\"0\",\"index\":0},{\"data\":\"0\",\"secondtype\":1,\"name\":\"受伤人数\",\"StatisticsType\":[1,4,5],\"units\":[1],\"Mandated\":true,\"defaultValue\":\"0\",\"index\":0},{\"data\":\"0\",\"secondtype\":1,\"name\":\"死亡事故数\",\"StatisticsType\":[1,4,5],\"units\":[1],\"Mandated\":true,\"defaultValue\":\"0\",\"index\":0},{\"data\":\"0\",\"secondtype\":1,\"name\":\"死亡人数\",\"StatisticsType\":[1,4,5],\"units\":[1],\"Mandated\":true,\"defaultValue\":\"0\",\"index\":0}],\"hasSecondItems\":true,\"Name\":\"交通事故概况\",\"Mandated\":false,\"Deleted\":false,\"Comment\":\"\",\"units\":[1],\"inputtype\":1,\"StatisticsType\":[1],\"defaultValue\":\"\",\"tabletype\":\"每日交管动态汇报\",\"index\":98},{\"Content\":\"张三\",\"secondlist\":[],\"hasSecondItems\":false,\"Name\":\"审核人\",\"Mandated\":true,\"Deleted\":false,\"Comment\":\"\",\"units\":[1],\"inputtype\":2,\"StatisticsType\":[3],\"defaultValue\":\"张三\",\"tabletype\":\"每日交管动态汇报\",\"index\":93},{\"Content\":\"张三\",\"secondlist\":[],\"hasSecondItems\":false,\"Name\":\"撰写人\",\"Mandated\":true,\"Deleted\":false,\"Comment\":\"\",\"units\":[1],\"inputtype\":2,\"StatisticsType\":[4],\"defaultValue\":\"张三\",\"tabletype\":\"每日交管动态汇报\",\"index\":93},{\"Content\":\"\",\"secondlist\":[{\"data\":\"\",\"secondtype\":2,\"name\":\"辖区天气\",\"StatisticsType\":[],\"units\":[1],\"Mandated\":false,\"defaultValue\":\"\",\"index\":0},{\"data\":\"\",\"secondtype\":1,\"name\":\"最高气温\",\"StatisticsType\":[],\"units\":[1],\"Mandated\":false,\"defaultValue\":\"\",\"index\":0},{\"data\":\"\",\"secondtype\":1,\"name\":\"最低气温\",\"StatisticsType\":[],\"units\":[1],\"Mandated\":false,\"defaultValue\":\"\",\"index\":0},{\"data\":null,\"secondtype\":2,\"name\":\"预警事件\",\"StatisticsType\":[],\"units\":[1],\"Mandated\":false,\"defaultValue\":null,\"index\":0}],\"hasSecondItems\":true,\"Name\":\"交通事件统计\",\"Mandated\":false,\"Deleted\":false,\"Comment\":\"\",\"units\":[1],\"inputtype\":0,\"StatisticsType\":[],\"defaultValue\":\"\",\"tabletype\":\"每日交管动态汇报\",\"index\":95},{\"Content\":\"无\",\"secondlist\":[],\"hasSecondItems\":false,\"Name\":\"工作动态\",\"Mandated\":true,\"Deleted\":false,\"Comment\":\"\",\"units\":[1],\"inputtype\":3,\"StatisticsType\":[4],\"defaultValue\":\"无\",\"tabletype\":\"每日交管动态汇报\",\"index\":94},{\"Content\":\"1、无\\n2、阿什顿发达算法 \",\"secondlist\":[],\"hasSecondItems\":false,\"Name\":\"指挥调度概况\",\"Mandated\":false,\"Deleted\":false,\"Comment\":\"\",\"units\":[1],\"inputtype\":3,\"StatisticsType\":[4],\"defaultValue\":\"1、无\\n2、阿什顿发达算法 \",\"tabletype\":\"每日交管动态汇报\",\"index\":96}],\"draft\":0}',3,'2017-11-18 14:00:33',NULL,0,NULL,'2017-11-18 14:05:02','每日交管动态汇报'),('2017-11-16','zhaoyuan','{\"date\":\"2017-11-16\",\"reportname\":\"每日交管动态汇报\",\"datalist\":[{\"Content\":\"\",\"secondlist\":[{\"data\":\"1\",\"secondtype\":1,\"name\":\"出警次数\",\"StatisticsType\":[1,4,5],\"units\":[1],\"Mandated\":true,\"defaultValue\":\"1\",\"index\":0},{\"data\":\"2\",\"secondtype\":1,\"name\":\"警车数\",\"StatisticsType\":[1,4,5],\"units\":[1],\"Mandated\":true,\"defaultValue\":\"2\",\"index\":0},{\"data\":\"3\",\"secondtype\":1,\"name\":\"现场执法数\",\"StatisticsType\":[1,4,5],\"units\":[1],\"Mandated\":true,\"defaultValue\":\"3\",\"index\":0}],\"hasSecondItems\":true,\"Name\":\"勤务动态\",\"Mandated\":false,\"Deleted\":false,\"Comment\":\"\",\"units\":[1],\"inputtype\":1,\"StatisticsType\":[1],\"defaultValue\":\"\",\"tabletype\":\"每日交管动态汇报\",\"index\":99},{\"Content\":\"无9\",\"secondlist\":[],\"hasSecondItems\":false,\"Name\":\"市区路网交通运行评价\",\"Mandated\":false,\"Deleted\":false,\"Comment\":\"\",\"units\":[1],\"inputtype\":3,\"StatisticsType\":[4],\"defaultValue\":\"无9\",\"tabletype\":\"每日交管动态汇报\",\"index\":96},{\"Content\":\"\",\"secondlist\":[{\"data\":\"4\",\"secondtype\":1,\"name\":\"交通事故数\",\"StatisticsType\":[1,4,5],\"units\":[1],\"Mandated\":true,\"defaultValue\":\"4\",\"index\":0},{\"data\":\"5\",\"secondtype\":1,\"name\":\"受伤事故数\",\"StatisticsType\":[1,4,5],\"units\":[1],\"Mandated\":true,\"defaultValue\":\"5\",\"index\":0},{\"data\":\"6\",\"secondtype\":1,\"name\":\"受伤人数\",\"StatisticsType\":[1,4,5],\"units\":[1],\"Mandated\":true,\"defaultValue\":\"6\",\"index\":0},{\"data\":\"7\",\"secondtype\":1,\"name\":\"死亡事故数\",\"StatisticsType\":[1,4,5],\"units\":[1],\"Mandated\":true,\"defaultValue\":\"7\",\"index\":0},{\"data\":\"8\",\"secondtype\":1,\"name\":\"死亡人数\",\"StatisticsType\":[1,4,5],\"units\":[1],\"Mandated\":true,\"defaultValue\":\"8\",\"index\":0}],\"hasSecondItems\":true,\"Name\":\"交通事故概况\",\"Mandated\":false,\"Deleted\":false,\"Comment\":\"\",\"units\":[1],\"inputtype\":1,\"StatisticsType\":[1],\"defaultValue\":\"\",\"tabletype\":\"每日交管动态汇报\",\"index\":98},{\"Content\":\"7\",\"secondlist\":[],\"hasSecondItems\":false,\"Name\":\"审核人\",\"Mandated\":true,\"Deleted\":false,\"Comment\":\"\",\"units\":[1],\"inputtype\":2,\"StatisticsType\":[3],\"defaultValue\":\"7\",\"tabletype\":\"每日交管动态汇报\",\"index\":93},{\"Content\":\"8\",\"secondlist\":[],\"hasSecondItems\":false,\"Name\":\"撰写人\",\"Mandated\":true,\"Deleted\":false,\"Comment\":\"\",\"units\":[1],\"inputtype\":2,\"StatisticsType\":[4],\"defaultValue\":\"8\",\"tabletype\":\"每日交管动态汇报\",\"index\":93},{\"Content\":\"\",\"secondlist\":[{\"data\":\"2\",\"secondtype\":2,\"name\":\"辖区天气\",\"StatisticsType\":[],\"units\":[1],\"Mandated\":false,\"defaultValue\":\"2\",\"index\":0},{\"data\":\"3\",\"secondtype\":1,\"name\":\"最高气温\",\"StatisticsType\":[],\"units\":[1],\"Mandated\":false,\"defaultValue\":\"3\",\"index\":0},{\"data\":\"4\",\"secondtype\":1,\"name\":\"最低气温\",\"StatisticsType\":[],\"units\":[1],\"Mandated\":false,\"defaultValue\":\"4\",\"index\":0},{\"data\":\"5\",\"secondtype\":2,\"name\":\"预警事件\",\"StatisticsType\":[],\"units\":[1],\"Mandated\":false,\"defaultValue\":\"5\",\"index\":0}],\"hasSecondItems\":true,\"Name\":\"交通事件统计\",\"Mandated\":false,\"Deleted\":false,\"Comment\":\"\",\"units\":[1],\"inputtype\":0,\"StatisticsType\":[],\"defaultValue\":\"\",\"tabletype\":\"每日交管动态汇报\",\"index\":95},{\"Content\":\"无6\",\"secondlist\":[],\"hasSecondItems\":false,\"Name\":\"工作动态\",\"Mandated\":true,\"Deleted\":false,\"Comment\":\"\",\"units\":[1],\"inputtype\":3,\"StatisticsType\":[4],\"defaultValue\":\"无6\",\"tabletype\":\"每日交管动态汇报\",\"index\":94},{\"Content\":\"无大法师打发1\",\"secondlist\":[],\"hasSecondItems\":false,\"Name\":\"指挥调度概况\",\"Mandated\":false,\"Deleted\":false,\"Comment\":\"\",\"units\":[1],\"inputtype\":3,\"StatisticsType\":[4],\"defaultValue\":\"无大法师打发1\",\"tabletype\":\"每日交管动态汇报\",\"index\":96}],\"draft\":0}',0,'2017-11-18 12:00:51',NULL,0,'没写清楚','2017-11-18 12:07:05','每日交管动态汇报'),('2017-11-17','longkou','{\"date\":\"2017-11-17\",\"reportname\":\"每日交管动态汇报\",\"datalist\":[{\"Content\":\"\",\"secondlist\":[{\"data\":\"5\",\"secondtype\":1,\"name\":\"出警次数\",\"StatisticsType\":[1,4,5],\"units\":[1],\"Mandated\":true,\"defaultValue\":\"5\",\"index\":0},{\"data\":\"5\",\"secondtype\":1,\"name\":\"警车数\",\"StatisticsType\":[1,4,5],\"units\":[1],\"Mandated\":true,\"defaultValue\":\"5\",\"index\":0},{\"data\":\"5\",\"secondtype\":1,\"name\":\"现场执法数\",\"StatisticsType\":[1,4,5],\"units\":[1],\"Mandated\":true,\"defaultValue\":\"5\",\"index\":0}],\"hasSecondItems\":true,\"Name\":\"勤务动态\",\"Mandated\":false,\"Deleted\":false,\"Comment\":\"\",\"units\":[1],\"inputtype\":1,\"StatisticsType\":[1],\"defaultValue\":\"\",\"tabletype\":\"每日交管动态汇报\",\"index\":99},{\"Content\":\"无\",\"secondlist\":[],\"hasSecondItems\":false,\"Name\":\"市区路网交通运行评价\",\"Mandated\":false,\"Deleted\":false,\"Comment\":\"\",\"units\":[1],\"inputtype\":3,\"StatisticsType\":[4],\"defaultValue\":\"无\",\"tabletype\":\"每日交管动态汇报\",\"index\":96},{\"Content\":\"\",\"secondlist\":[{\"data\":\"5\",\"secondtype\":1,\"name\":\"交通事故数\",\"StatisticsType\":[1,4,5],\"units\":[1],\"Mandated\":true,\"defaultValue\":\"5\",\"index\":0},{\"data\":\"5\",\"secondtype\":1,\"name\":\"受伤事故数\",\"StatisticsType\":[1,4,5],\"units\":[1],\"Mandated\":true,\"defaultValue\":\"5\",\"index\":0},{\"data\":\"0\",\"secondtype\":1,\"name\":\"受伤人数\",\"StatisticsType\":[1,4,5],\"units\":[1],\"Mandated\":true,\"defaultValue\":\"0\",\"index\":0},{\"data\":\"5\",\"secondtype\":1,\"name\":\"死亡事故数\",\"StatisticsType\":[1,4,5],\"units\":[1],\"Mandated\":true,\"defaultValue\":\"5\",\"index\":0},{\"data\":\"0\",\"secondtype\":1,\"name\":\"死亡人数\",\"StatisticsType\":[1,4,5],\"units\":[1],\"Mandated\":true,\"defaultValue\":\"0\",\"index\":0}],\"hasSecondItems\":true,\"Name\":\"交通事故概况\",\"Mandated\":false,\"Deleted\":false,\"Comment\":\"\",\"units\":[1],\"inputtype\":1,\"StatisticsType\":[1],\"defaultValue\":\"\",\"tabletype\":\"每日交管动态汇报\",\"index\":98},{\"Content\":\"55\",\"secondlist\":[],\"hasSecondItems\":false,\"Name\":\"审核人\",\"Mandated\":true,\"Deleted\":false,\"Comment\":\"\",\"units\":[1],\"inputtype\":2,\"StatisticsType\":[3],\"defaultValue\":\"55\",\"tabletype\":\"每日交管动态汇报\",\"index\":93},{\"Content\":\"55\",\"secondlist\":[],\"hasSecondItems\":false,\"Name\":\"撰写人\",\"Mandated\":true,\"Deleted\":false,\"Comment\":\"\",\"units\":[1],\"inputtype\":2,\"StatisticsType\":[4],\"defaultValue\":\"55\",\"tabletype\":\"每日交管动态汇报\",\"index\":93},{\"Content\":\"\",\"secondlist\":[{\"data\":\"\",\"secondtype\":2,\"name\":\"辖区天气\",\"StatisticsType\":[],\"units\":[1],\"Mandated\":false,\"defaultValue\":\"\",\"index\":0},{\"data\":\"\",\"secondtype\":1,\"name\":\"最高气温\",\"StatisticsType\":[],\"units\":[1],\"Mandated\":false,\"defaultValue\":\"\",\"index\":0},{\"data\":\"\",\"secondtype\":1,\"name\":\"最低气温\",\"StatisticsType\":[],\"units\":[1],\"Mandated\":false,\"defaultValue\":\"\",\"index\":0},{\"data\":null,\"secondtype\":2,\"name\":\"预警事件\",\"StatisticsType\":[],\"units\":[1],\"Mandated\":false,\"defaultValue\":null,\"index\":0}],\"hasSecondItems\":true,\"Name\":\"交通事件统计\",\"Mandated\":false,\"Deleted\":false,\"Comment\":\"\",\"units\":[1],\"inputtype\":0,\"StatisticsType\":[],\"defaultValue\":\"\",\"tabletype\":\"每日交管动态汇报\",\"index\":95},{\"Content\":\"无\",\"secondlist\":[],\"hasSecondItems\":false,\"Name\":\"工作动态\",\"Mandated\":true,\"Deleted\":false,\"Comment\":\"\",\"units\":[1],\"inputtype\":3,\"StatisticsType\":[4],\"defaultValue\":\"无\",\"tabletype\":\"每日交管动态汇报\",\"index\":94},{\"Content\":\"无\",\"secondlist\":[],\"hasSecondItems\":false,\"Name\":\"指挥调度概况\",\"Mandated\":false,\"Deleted\":false,\"Comment\":\"\",\"units\":[1],\"inputtype\":3,\"StatisticsType\":[4],\"defaultValue\":\"无\",\"tabletype\":\"每日交管动态汇报\",\"index\":96}],\"draft\":0}',3,'2017-11-18 11:20:11',NULL,0,NULL,'2017-11-18 11:20:11','每日交管动态汇报'),('2017-11-17','qixia','{\"date\":\"2017-11-17\",\"reportname\":\"每日交管动态汇报\",\"datalist\":[{\"Content\":\"\",\"secondlist\":[{\"data\":\"28\",\"secondtype\":1,\"name\":\"出警次数\",\"StatisticsType\":[1,4,5],\"units\":[1],\"Mandated\":true,\"defaultValue\":\"28\",\"index\":0},{\"data\":\"28\",\"secondtype\":1,\"name\":\"警车数\",\"StatisticsType\":[1,4,5],\"units\":[1],\"Mandated\":true,\"defaultValue\":\"28\",\"index\":0},{\"data\":\"28\",\"secondtype\":1,\"name\":\"现场执法数\",\"StatisticsType\":[1,4,5],\"units\":[1],\"Mandated\":true,\"defaultValue\":\"28\",\"index\":0}],\"hasSecondItems\":true,\"Name\":\"勤务动态\",\"Mandated\":false,\"Deleted\":false,\"Comment\":\"\",\"units\":[1],\"inputtype\":1,\"StatisticsType\":[1],\"defaultValue\":\"\",\"tabletype\":\"每日交管动态汇报\",\"index\":99},{\"Content\":\"市区路网交通运行\\n是的法定\\n啊是打发打发发打发打发打发\",\"secondlist\":[],\"hasSecondItems\":false,\"Name\":\"市区路网交通运行评价\",\"Mandated\":false,\"Deleted\":false,\"Comment\":\"\",\"units\":[1],\"inputtype\":3,\"StatisticsType\":[4],\"defaultValue\":\"市区路网交通运行\\n是的法定\\n啊是打发打发发打发打发打发\",\"tabletype\":\"每日交管动态汇报\",\"index\":96},{\"Content\":\"\",\"secondlist\":[{\"data\":\"28\",\"secondtype\":1,\"name\":\"交通事故数\",\"StatisticsType\":[1,4,5],\"units\":[1],\"Mandated\":true,\"defaultValue\":\"28\",\"index\":0},{\"data\":\"28\",\"secondtype\":1,\"name\":\"受伤事故数\",\"StatisticsType\":[1,4,5],\"units\":[1],\"Mandated\":true,\"defaultValue\":\"28\",\"index\":0},{\"data\":\"28\",\"secondtype\":1,\"name\":\"受伤人数\",\"StatisticsType\":[1,4,5],\"units\":[1],\"Mandated\":true,\"defaultValue\":\"28\",\"index\":0},{\"data\":\"28\",\"secondtype\":1,\"name\":\"死亡事故数\",\"StatisticsType\":[1,4,5],\"units\":[1],\"Mandated\":true,\"defaultValue\":\"28\",\"index\":0},{\"data\":\"28\",\"secondtype\":1,\"name\":\"死亡人数\",\"StatisticsType\":[1,4,5],\"units\":[1],\"Mandated\":true,\"defaultValue\":\"28\",\"index\":0}],\"hasSecondItems\":true,\"Name\":\"交通事故概况\",\"Mandated\":false,\"Deleted\":false,\"Comment\":\"\",\"units\":[1],\"inputtype\":1,\"StatisticsType\":[1],\"defaultValue\":\"\",\"tabletype\":\"每日交管动态汇报\",\"index\":98},{\"Content\":\"张三审核\",\"secondlist\":[],\"hasSecondItems\":false,\"Name\":\"审核人\",\"Mandated\":true,\"Deleted\":false,\"Comment\":\"\",\"units\":[1],\"inputtype\":2,\"StatisticsType\":[3],\"defaultValue\":\"张三审核\",\"tabletype\":\"每日交管动态汇报\",\"index\":93},{\"Content\":\"李四撰写\",\"secondlist\":[],\"hasSecondItems\":false,\"Name\":\"撰写人\",\"Mandated\":true,\"Deleted\":false,\"Comment\":\"\",\"units\":[1],\"inputtype\":2,\"StatisticsType\":[4],\"defaultValue\":\"李四撰写\",\"tabletype\":\"每日交管动态汇报\",\"index\":93},{\"Content\":\"\",\"secondlist\":[{\"data\":\"天气良好\",\"secondtype\":2,\"name\":\"辖区天气\",\"StatisticsType\":[],\"units\":[1],\"Mandated\":false,\"defaultValue\":\"天气良好\",\"index\":0},{\"data\":\"20\",\"secondtype\":1,\"name\":\"最高气温\",\"StatisticsType\":[],\"units\":[1],\"Mandated\":false,\"defaultValue\":\"20\",\"index\":0},{\"data\":\"10\",\"secondtype\":1,\"name\":\"最低气温\",\"StatisticsType\":[],\"units\":[1],\"Mandated\":false,\"defaultValue\":\"10\",\"index\":0},{\"data\":\"预警事件\",\"secondtype\":2,\"name\":\"预警事件\",\"StatisticsType\":[],\"units\":[1],\"Mandated\":false,\"defaultValue\":\"预警事件\",\"index\":0}],\"hasSecondItems\":true,\"Name\":\"交通事件统计\",\"Mandated\":false,\"Deleted\":false,\"Comment\":\"\",\"units\":[1],\"inputtype\":0,\"StatisticsType\":[],\"defaultValue\":\"\",\"tabletype\":\"每日交管动态汇报\",\"index\":95},{\"Content\":\"工作动态\\n阿什顿发发\\n\\n暗示法稍等发发啊\",\"secondlist\":[],\"hasSecondItems\":false,\"Name\":\"工作动态\",\"Mandated\":true,\"Deleted\":false,\"Comment\":\"\",\"units\":[1],\"inputtype\":3,\"StatisticsType\":[4],\"defaultValue\":\"工作动态\\n阿什顿发发\\n\\n暗示法稍等发发啊\",\"tabletype\":\"每日交管动态汇报\",\"index\":94},{\"Content\":\"指挥调度\\n阿萨德发发的撒发放大幅\\n啊但是发\",\"secondlist\":[],\"hasSecondItems\":false,\"Name\":\"指挥调度概况\",\"Mandated\":false,\"Deleted\":false,\"Comment\":\"\",\"units\":[1],\"inputtype\":3,\"StatisticsType\":[4],\"defaultValue\":\"指挥调度\\n阿萨德发发的撒发放大幅\\n啊但是发\",\"tabletype\":\"每日交管动态汇报\",\"index\":96}],\"draft\":0}',3,'2017-11-18 11:00:15',NULL,0,NULL,'2017-11-18 11:00:15','每日交管动态汇报'),('2017-11-17','zhaoyuan','{\"date\":\"2017-11-17\",\"reportname\":\"每日交管动态汇报\",\"datalist\":[{\"Content\":\"\",\"secondlist\":[{\"data\":\"15\",\"secondtype\":1,\"name\":\"出警次数\",\"StatisticsType\":[1,4,5],\"units\":[1],\"Mandated\":true,\"defaultValue\":\"15\",\"index\":0},{\"data\":\"15\",\"secondtype\":1,\"name\":\"警车数\",\"StatisticsType\":[1,4,5],\"units\":[1],\"Mandated\":true,\"defaultValue\":\"15\",\"index\":0},{\"data\":\"15\",\"secondtype\":1,\"name\":\"现场执法数\",\"StatisticsType\":[1,4,5],\"units\":[1],\"Mandated\":true,\"defaultValue\":\"15\",\"index\":0}],\"hasSecondItems\":true,\"Name\":\"勤务动态\",\"Mandated\":false,\"Deleted\":false,\"Comment\":\"\",\"units\":[1],\"inputtype\":1,\"StatisticsType\":[1],\"defaultValue\":\"\",\"tabletype\":\"每日交管动态汇报\",\"index\":99},{\"Content\":\"招远路网\",\"secondlist\":[],\"hasSecondItems\":false,\"Name\":\"市区路网交通运行评价\",\"Mandated\":false,\"Deleted\":false,\"Comment\":\"\",\"units\":[1],\"inputtype\":3,\"StatisticsType\":[4],\"defaultValue\":\"招远路网\",\"tabletype\":\"每日交管动态汇报\",\"index\":96},{\"Content\":\"\",\"secondlist\":[{\"data\":\"15\",\"secondtype\":1,\"name\":\"交通事故数\",\"StatisticsType\":[1,4,5],\"units\":[1],\"Mandated\":true,\"defaultValue\":\"15\",\"index\":0},{\"data\":\"15\",\"secondtype\":1,\"name\":\"受伤事故数\",\"StatisticsType\":[1,4,5],\"units\":[1],\"Mandated\":true,\"defaultValue\":\"15\",\"index\":0},{\"data\":\"15\",\"secondtype\":1,\"name\":\"受伤人数\",\"StatisticsType\":[1,4,5],\"units\":[1],\"Mandated\":true,\"defaultValue\":\"15\",\"index\":0},{\"data\":\"15\",\"secondtype\":1,\"name\":\"死亡事故数\",\"StatisticsType\":[1,4,5],\"units\":[1],\"Mandated\":true,\"defaultValue\":\"15\",\"index\":0},{\"data\":\"15\",\"secondtype\":1,\"name\":\"死亡人数\",\"StatisticsType\":[1,4,5],\"units\":[1],\"Mandated\":true,\"defaultValue\":\"15\",\"index\":0}],\"hasSecondItems\":true,\"Name\":\"交通事故概况\",\"Mandated\":false,\"Deleted\":false,\"Comment\":\"\",\"units\":[1],\"inputtype\":1,\"StatisticsType\":[1],\"defaultValue\":\"\",\"tabletype\":\"每日交管动态汇报\",\"index\":98},{\"Content\":\"王五审核\",\"secondlist\":[],\"hasSecondItems\":false,\"Name\":\"审核人\",\"Mandated\":true,\"Deleted\":false,\"Comment\":\"\",\"units\":[1],\"inputtype\":2,\"StatisticsType\":[3],\"defaultValue\":\"王五审核\",\"tabletype\":\"每日交管动态汇报\",\"index\":93},{\"Content\":\"赵六撰写\",\"secondlist\":[],\"hasSecondItems\":false,\"Name\":\"撰写人\",\"Mandated\":true,\"Deleted\":false,\"Comment\":\"\",\"units\":[1],\"inputtype\":2,\"StatisticsType\":[4],\"defaultValue\":\"赵六撰写\",\"tabletype\":\"每日交管动态汇报\",\"index\":93},{\"Content\":\"\",\"secondlist\":[{\"data\":\"招远天气\",\"secondtype\":2,\"name\":\"辖区天气\",\"StatisticsType\":[],\"units\":[1],\"Mandated\":false,\"defaultValue\":\"招远天气\",\"index\":0},{\"data\":\"22\",\"secondtype\":1,\"name\":\"最高气温\",\"StatisticsType\":[],\"units\":[1],\"Mandated\":false,\"defaultValue\":\"22\",\"index\":0},{\"data\":\"22\",\"secondtype\":1,\"name\":\"最低气温\",\"StatisticsType\":[],\"units\":[1],\"Mandated\":false,\"defaultValue\":\"22\",\"index\":0},{\"data\":null,\"secondtype\":2,\"name\":\"预警事件\",\"StatisticsType\":[],\"units\":[1],\"Mandated\":false,\"defaultValue\":null,\"index\":0}],\"hasSecondItems\":true,\"Name\":\"交通事件统计\",\"Mandated\":false,\"Deleted\":false,\"Comment\":\"\",\"units\":[1],\"inputtype\":0,\"StatisticsType\":[],\"defaultValue\":\"\",\"tabletype\":\"每日交管动态汇报\",\"index\":95},{\"Content\":\"招远工作动态\",\"secondlist\":[],\"hasSecondItems\":false,\"Name\":\"工作动态\",\"Mandated\":true,\"Deleted\":false,\"Comment\":\"\",\"units\":[1],\"inputtype\":3,\"StatisticsType\":[4],\"defaultValue\":\"招远工作动态\",\"tabletype\":\"每日交管动态汇报\",\"index\":94},{\"Content\":\"招远指挥调度\",\"secondlist\":[],\"hasSecondItems\":false,\"Name\":\"指挥调度概况\",\"Mandated\":false,\"Deleted\":false,\"Comment\":\"\",\"units\":[1],\"inputtype\":3,\"StatisticsType\":[4],\"defaultValue\":\"招远指挥调度\",\"tabletype\":\"每日交管动态汇报\",\"index\":96}],\"draft\":0}',3,'2017-11-18 11:02:29',NULL,0,NULL,'2017-11-18 11:02:29','每日交管动态汇报'),('2017-11-18','changdao','{\"date\":\"2017-11-18\",\"reportname\":\"每日交管动态汇报\",\"datalist\":[{\"Content\":\"\",\"secondlist\":[{\"data\":\"5\",\"secondtype\":1,\"name\":\"出警次数\",\"StatisticsType\":[1,4,5],\"units\":[1],\"Mandated\":true,\"defaultValue\":\"5\",\"index\":0},{\"data\":\"5\",\"secondtype\":1,\"name\":\"警车数\",\"StatisticsType\":[1,4,5],\"units\":[1],\"Mandated\":true,\"defaultValue\":\"5\",\"index\":0},{\"data\":\"5\",\"secondtype\":1,\"name\":\"现场执法数\",\"StatisticsType\":[1,4,5],\"units\":[1],\"Mandated\":true,\"defaultValue\":\"5\",\"index\":0}],\"hasSecondItems\":true,\"Name\":\"勤务动态\",\"Mandated\":false,\"Deleted\":false,\"Comment\":\"\",\"units\":[1],\"inputtype\":1,\"StatisticsType\":[1],\"defaultValue\":\"\",\"tabletype\":\"每日交管动态汇报\",\"index\":99},{\"Content\":\"长岛良好\",\"secondlist\":[],\"hasSecondItems\":false,\"Name\":\"市区路网交通运行评价\",\"Mandated\":false,\"Deleted\":false,\"Comment\":\"\",\"units\":[1],\"inputtype\":3,\"StatisticsType\":[4],\"defaultValue\":\"长岛良好\",\"tabletype\":\"每日交管动态汇报\",\"index\":96},{\"Content\":\"\",\"secondlist\":[{\"data\":\"2\",\"secondtype\":1,\"name\":\"交通事故数\",\"StatisticsType\":[1,4,5],\"units\":[1],\"Mandated\":true,\"defaultValue\":\"2\",\"index\":0},{\"data\":\"2\",\"secondtype\":1,\"name\":\"受伤事故数\",\"StatisticsType\":[1,4,5],\"units\":[1],\"Mandated\":true,\"defaultValue\":\"2\",\"index\":0},{\"data\":\"2\",\"secondtype\":1,\"name\":\"受伤人数\",\"StatisticsType\":[1,4,5],\"units\":[1],\"Mandated\":true,\"defaultValue\":\"2\",\"index\":0},{\"data\":\"2\",\"secondtype\":1,\"name\":\"死亡事故数\",\"StatisticsType\":[1,4,5],\"units\":[1],\"Mandated\":true,\"defaultValue\":\"2\",\"index\":0},{\"data\":\"2\",\"secondtype\":1,\"name\":\"死亡人数\",\"StatisticsType\":[1,4,5],\"units\":[1],\"Mandated\":true,\"defaultValue\":\"2\",\"index\":0}],\"hasSecondItems\":true,\"Name\":\"交通事故概况\",\"Mandated\":false,\"Deleted\":false,\"Comment\":\"\",\"units\":[1],\"inputtype\":1,\"StatisticsType\":[1],\"defaultValue\":\"\",\"tabletype\":\"每日交管动态汇报\",\"index\":98},{\"Content\":\"长岛\",\"secondlist\":[],\"hasSecondItems\":false,\"Name\":\"审核人\",\"Mandated\":true,\"Deleted\":false,\"Comment\":\"\",\"units\":[1],\"inputtype\":2,\"StatisticsType\":[3],\"defaultValue\":\"长岛\",\"tabletype\":\"每日交管动态汇报\",\"index\":93},{\"Content\":\"长岛\",\"secondlist\":[],\"hasSecondItems\":false,\"Name\":\"撰写人\",\"Mandated\":true,\"Deleted\":false,\"Comment\":\"\",\"units\":[1],\"inputtype\":2,\"StatisticsType\":[4],\"defaultValue\":\"长岛\",\"tabletype\":\"每日交管动态汇报\",\"index\":93},{\"Content\":\"\",\"secondlist\":[{\"data\":\"8\",\"secondtype\":2,\"name\":\"辖区天气\",\"StatisticsType\":[],\"units\":[1],\"Mandated\":false,\"defaultValue\":\"8\",\"index\":0},{\"data\":\"8\",\"secondtype\":1,\"name\":\"最高气温\",\"StatisticsType\":[],\"units\":[1],\"Mandated\":false,\"defaultValue\":\"8\",\"index\":0},{\"data\":\"8\",\"secondtype\":1,\"name\":\"最低气温\",\"StatisticsType\":[],\"units\":[1],\"Mandated\":false,\"defaultValue\":\"8\",\"index\":0},{\"data\":\"8\",\"secondtype\":2,\"name\":\"预警事件\",\"StatisticsType\":[],\"units\":[1],\"Mandated\":false,\"defaultValue\":\"8\",\"index\":0}],\"hasSecondItems\":true,\"Name\":\"交通事件统计\",\"Mandated\":false,\"Deleted\":false,\"Comment\":\"\",\"units\":[1],\"inputtype\":0,\"StatisticsType\":[],\"defaultValue\":\"\",\"tabletype\":\"每日交管动态汇报\",\"index\":95},{\"Content\":\"长岛\",\"secondlist\":[],\"hasSecondItems\":false,\"Name\":\"工作动态\",\"Mandated\":true,\"Deleted\":false,\"Comment\":\"\",\"units\":[1],\"inputtype\":3,\"StatisticsType\":[4],\"defaultValue\":\"长岛\",\"tabletype\":\"每日交管动态汇报\",\"index\":94},{\"Content\":\"无长岛良好\",\"secondlist\":[],\"hasSecondItems\":false,\"Name\":\"指挥调度概况\",\"Mandated\":false,\"Deleted\":false,\"Comment\":\"\",\"units\":[1],\"inputtype\":3,\"StatisticsType\":[4],\"defaultValue\":\"无长岛良好\",\"tabletype\":\"每日交管动态汇报\",\"index\":96}],\"draft\":0}',3,'2017-11-18 13:29:22',NULL,0,NULL,'2017-11-18 13:46:10','每日交管动态汇报'),('2017-11-18','changdao','{\"date\":\"2017-11-18\",\"reportname\":\"每日点名统计汇报\",\"datalist\":[{\"Content\":\"\",\"secondlist\":[],\"hasSecondItems\":false,\"Name\":\"汇报日期\",\"Mandated\":false,\"Deleted\":false,\"Comment\":\"\",\"units\":[1],\"inputtype\":4,\"StatisticsType\":[],\"defaultValue\":\"\",\"tabletype\":\"每日点名统计汇报\",\"index\":91},{\"Content\":\"\",\"secondlist\":[{\"data\":\"5\",\"secondtype\":1,\"name\":\"交通事故数\",\"StatisticsType\":[1,4,5],\"units\":[1],\"Mandated\":true,\"defaultValue\":\"5\",\"index\":0},{\"data\":\"5\",\"secondtype\":1,\"name\":\"受伤事故数\",\"StatisticsType\":[1,4,5],\"units\":[1],\"Mandated\":true,\"defaultValue\":\"5\",\"index\":0},{\"data\":\"5\",\"secondtype\":1,\"name\":\"受伤人数\",\"StatisticsType\":[1,4,5],\"units\":[1],\"Mandated\":true,\"defaultValue\":\"5\",\"index\":0},{\"data\":\"1\",\"secondtype\":1,\"name\":\"死亡事故数\",\"StatisticsType\":[1,4,5],\"units\":[1],\"Mandated\":true,\"defaultValue\":\"1\",\"index\":0},{\"data\":\"1\",\"secondtype\":1,\"name\":\"死亡人数\",\"StatisticsType\":[1,4,5],\"units\":[1],\"Mandated\":true,\"defaultValue\":\"1\",\"index\":0}],\"hasSecondItems\":true,\"Name\":\"交通事故概况\",\"Mandated\":false,\"Deleted\":false,\"Comment\":\"\",\"units\":[1],\"inputtype\":0,\"StatisticsType\":[],\"defaultValue\":\"\",\"tabletype\":\"每日点名统计汇报\",\"index\":98},{\"Content\":\"长岛堵\",\"secondlist\":[],\"hasSecondItems\":false,\"Name\":\"道路交通设施概况\",\"Mandated\":true,\"Deleted\":false,\"Comment\":\"\",\"units\":[1],\"inputtype\":3,\"StatisticsType\":[],\"defaultValue\":\"长岛堵\",\"tabletype\":\"每日点名统计汇报\",\"index\":97},{\"Content\":\"长岛无\",\"secondlist\":[],\"hasSecondItems\":false,\"Name\":\"指挥调度概况\",\"Mandated\":false,\"Deleted\":false,\"Comment\":\"\",\"units\":[1],\"inputtype\":3,\"StatisticsType\":[],\"defaultValue\":\"长岛无\",\"tabletype\":\"每日点名统计汇报\",\"index\":96},{\"Content\":\"长岛无\",\"secondlist\":[],\"hasSecondItems\":false,\"Name\":\"市区路网交通运行评价\",\"Mandated\":false,\"Deleted\":false,\"Comment\":\"\",\"units\":[1],\"inputtype\":3,\"StatisticsType\":[],\"defaultValue\":\"长岛无\",\"tabletype\":\"每日点名统计汇报\",\"index\":95},{\"Content\":\"CD\",\"secondlist\":[],\"hasSecondItems\":false,\"Name\":\"审核人\",\"Mandated\":true,\"Deleted\":false,\"Comment\":\"\",\"units\":[1],\"inputtype\":3,\"StatisticsType\":[],\"defaultValue\":\"CD\",\"tabletype\":\"每日点名统计汇报\",\"index\":92},{\"Content\":\"\",\"secondlist\":[{\"data\":\"12\",\"secondtype\":1,\"name\":\"辖区天气\",\"StatisticsType\":[],\"units\":[1],\"Mandated\":false,\"defaultValue\":\"12\",\"index\":0},{\"data\":\"5\",\"secondtype\":1,\"name\":\"最高气温\",\"StatisticsType\":[],\"units\":[1],\"Mandated\":false,\"defaultValue\":\"5\",\"index\":0},{\"data\":\"4\",\"secondtype\":1,\"name\":\"最低气温\",\"StatisticsType\":[],\"units\":[1],\"Mandated\":false,\"defaultValue\":\"4\",\"index\":0},{\"data\":\"4\",\"secondtype\":1,\"name\":\"预警事件\",\"StatisticsType\":[],\"units\":[1],\"Mandated\":false,\"defaultValue\":\"4\",\"index\":0}],\"hasSecondItems\":true,\"Name\":\"交通事件统计\",\"Mandated\":false,\"Deleted\":false,\"Comment\":\"\",\"units\":[1],\"inputtype\":0,\"StatisticsType\":[],\"defaultValue\":\"\",\"tabletype\":\"每日点名统计汇报\",\"index\":94},{\"Content\":\"长岛无\",\"secondlist\":[],\"hasSecondItems\":false,\"Name\":\"工作动态\",\"Mandated\":true,\"Deleted\":false,\"Comment\":\"\",\"units\":[1],\"inputtype\":3,\"StatisticsType\":[],\"defaultValue\":\"长岛无\",\"tabletype\":\"每日点名统计汇报\",\"index\":94},{\"Content\":\"\",\"secondlist\":[{\"data\":\"8\",\"secondtype\":1,\"name\":\"出警次数\",\"StatisticsType\":[1,4,5],\"units\":[1],\"Mandated\":true,\"defaultValue\":\"8\",\"index\":0},{\"data\":\"5\",\"secondtype\":1,\"name\":\"警车数\",\"StatisticsType\":[1,4,5],\"units\":[1],\"Mandated\":true,\"defaultValue\":\"5\",\"index\":0},{\"data\":\"2\",\"secondtype\":1,\"name\":\"现场执法\",\"StatisticsType\":[1,4,5],\"units\":[1],\"Mandated\":true,\"defaultValue\":\"2\",\"index\":0}],\"hasSecondItems\":true,\"Name\":\"勤务动态\",\"Mandated\":false,\"Deleted\":false,\"Comment\":\"此处填写警务动态\",\"units\":[1],\"inputtype\":0,\"StatisticsType\":[],\"defaultValue\":\"\",\"tabletype\":\"每日点名统计汇报\",\"index\":99},{\"Content\":\"CD\",\"secondlist\":[],\"hasSecondItems\":false,\"Name\":\"撰写人\",\"Mandated\":true,\"Deleted\":false,\"Comment\":\"\",\"units\":[1],\"inputtype\":3,\"StatisticsType\":[],\"defaultValue\":\"CD\",\"tabletype\":\"每日点名统计汇报\",\"index\":93}],\"draft\":0}',4,'2017-11-18 08:41:42','',3,NULL,'2017-11-18 08:41:42','每日点名统计汇报'),('2017-11-18','four','{\"date\":\"2017-11-18\",\"reportname\":\"每日交管动态汇报\",\"datalist\":[{\"Content\":\"\",\"secondlist\":[{\"data\":\"0\",\"secondtype\":1,\"name\":\"出警次数\",\"StatisticsType\":[1,4,5],\"units\":[1],\"Mandated\":true,\"defaultValue\":\"0\",\"index\":0},{\"data\":\"0\",\"secondtype\":1,\"name\":\"警车数\",\"StatisticsType\":[1,4,5],\"units\":[1],\"Mandated\":true,\"defaultValue\":\"0\",\"index\":0},{\"data\":\"0\",\"secondtype\":1,\"name\":\"现场执法数\",\"StatisticsType\":[1,4,5],\"units\":[1],\"Mandated\":true,\"defaultValue\":\"0\",\"index\":0}],\"hasSecondItems\":true,\"Name\":\"勤务动态\",\"Mandated\":false,\"Deleted\":false,\"Comment\":\"\",\"units\":[1],\"inputtype\":1,\"StatisticsType\":[1],\"defaultValue\":\"\",\"tabletype\":\"每日交管动态汇报\",\"index\":99},{\"Content\":\"无\",\"secondlist\":[],\"hasSecondItems\":false,\"Name\":\"道路交通设施概况\",\"Mandated\":false,\"Deleted\":false,\"Comment\":\"\",\"units\":[2,3,4,5],\"inputtype\":3,\"StatisticsType\":[4],\"defaultValue\":\"无\",\"tabletype\":\"每日交管动态汇报\",\"index\":97},{\"Content\":\"无\",\"secondlist\":[],\"hasSecondItems\":false,\"Name\":\"市区路网交通运行评价\",\"Mandated\":false,\"Deleted\":false,\"Comment\":\"\",\"units\":[1],\"inputtype\":3,\"StatisticsType\":[4],\"defaultValue\":\"无\",\"tabletype\":\"每日交管动态汇报\",\"index\":96},{\"Content\":\"\",\"secondlist\":[{\"data\":\"0\",\"secondtype\":1,\"name\":\"交通事故数\",\"StatisticsType\":[1,4,5],\"units\":[1],\"Mandated\":true,\"defaultValue\":\"0\",\"index\":0},{\"data\":\"0\",\"secondtype\":1,\"name\":\"受伤事故数\",\"StatisticsType\":[1,4,5],\"units\":[1],\"Mandated\":true,\"defaultValue\":\"0\",\"index\":0},{\"data\":\"0\",\"secondtype\":1,\"name\":\"受伤人数\",\"StatisticsType\":[1,4,5],\"units\":[1],\"Mandated\":true,\"defaultValue\":\"0\",\"index\":0},{\"data\":\"0\",\"secondtype\":1,\"name\":\"死亡事故数\",\"StatisticsType\":[1,4,5],\"units\":[1],\"Mandated\":true,\"defaultValue\":\"0\",\"index\":0},{\"data\":\"0\",\"secondtype\":1,\"name\":\"死亡人数\",\"StatisticsType\":[1,4,5],\"units\":[1],\"Mandated\":true,\"defaultValue\":\"0\",\"index\":0}],\"hasSecondItems\":true,\"Name\":\"交通事故概况\",\"Mandated\":false,\"Deleted\":false,\"Comment\":\"\",\"units\":[1],\"inputtype\":1,\"StatisticsType\":[1],\"defaultValue\":\"\",\"tabletype\":\"每日交管动态汇报\",\"index\":98},{\"Content\":\"四大队\",\"secondlist\":[],\"hasSecondItems\":false,\"Name\":\"审核人\",\"Mandated\":true,\"Deleted\":false,\"Comment\":\"\",\"units\":[1],\"inputtype\":2,\"StatisticsType\":[3],\"defaultValue\":\"四大队\",\"tabletype\":\"每日交管动态汇报\",\"index\":93},{\"Content\":\"四大队\",\"secondlist\":[],\"hasSecondItems\":false,\"Name\":\"撰写人\",\"Mandated\":true,\"Deleted\":false,\"Comment\":\"\",\"units\":[1],\"inputtype\":2,\"StatisticsType\":[4],\"defaultValue\":\"四大队\",\"tabletype\":\"每日交管动态汇报\",\"index\":93},{\"Content\":\"\",\"secondlist\":[{\"data\":\"\",\"secondtype\":2,\"name\":\"辖区天气\",\"StatisticsType\":[],\"units\":[1],\"Mandated\":false,\"defaultValue\":\"\",\"index\":0},{\"data\":\"\",\"secondtype\":1,\"name\":\"最高气温\",\"StatisticsType\":[],\"units\":[1],\"Mandated\":false,\"defaultValue\":\"\",\"index\":0},{\"data\":\"\",\"secondtype\":1,\"name\":\"最低气温\",\"StatisticsType\":[],\"units\":[1],\"Mandated\":false,\"defaultValue\":\"\",\"index\":0},{\"data\":null,\"secondtype\":2,\"name\":\"预警事件\",\"StatisticsType\":[],\"units\":[1],\"Mandated\":false,\"defaultValue\":null,\"index\":0}],\"hasSecondItems\":true,\"Name\":\"交通事件统计\",\"Mandated\":false,\"Deleted\":false,\"Comment\":\"\",\"units\":[1],\"inputtype\":0,\"StatisticsType\":[],\"defaultValue\":\"\",\"tabletype\":\"每日交管动态汇报\",\"index\":95},{\"Content\":\"四大队\",\"secondlist\":[],\"hasSecondItems\":false,\"Name\":\"工作动态\",\"Mandated\":true,\"Deleted\":false,\"Comment\":\"\",\"units\":[1],\"inputtype\":3,\"StatisticsType\":[4],\"defaultValue\":\"四大队\",\"tabletype\":\"每日交管动态汇报\",\"index\":94},{\"Content\":\"无\",\"secondlist\":[],\"hasSecondItems\":false,\"Name\":\"指挥调度概况\",\"Mandated\":false,\"Deleted\":false,\"Comment\":\"\",\"units\":[1],\"inputtype\":3,\"StatisticsType\":[4],\"defaultValue\":\"无\",\"tabletype\":\"每日交管动态汇报\",\"index\":96}],\"draft\":0}',3,'2017-11-18 13:42:37',NULL,0,NULL,'2017-11-18 13:42:44','每日交管动态汇报'),('2017-11-18','four','{\"date\":\"2017-11-18\",\"reportname\":\"每日点名统计汇报\",\"datalist\":[{\"Content\":\"\",\"secondlist\":[],\"hasSecondItems\":false,\"Name\":\"汇报日期\",\"Mandated\":false,\"Deleted\":false,\"Comment\":\"\",\"units\":[1],\"inputtype\":4,\"StatisticsType\":[3,4],\"defaultValue\":\"\",\"tabletype\":\"每日点名统计汇报\",\"index\":91},{\"Content\":\"\",\"secondlist\":[{\"data\":\"8\",\"secondtype\":1,\"name\":\"交通事故数\",\"StatisticsType\":[1,4,5],\"units\":[1],\"Mandated\":true,\"defaultValue\":\"8\",\"index\":0},{\"data\":\"8\",\"secondtype\":1,\"name\":\"受伤事故数\",\"StatisticsType\":[1,4,5],\"units\":[1],\"Mandated\":true,\"defaultValue\":\"8\",\"index\":0},{\"data\":\"8\",\"secondtype\":1,\"name\":\"受伤人数\",\"StatisticsType\":[1,4,5],\"units\":[1],\"Mandated\":true,\"defaultValue\":\"8\",\"index\":0},{\"data\":\"8\",\"secondtype\":1,\"name\":\"死亡事故数\",\"StatisticsType\":[1,4,5],\"units\":[1],\"Mandated\":true,\"defaultValue\":\"8\",\"index\":0},{\"data\":\"8\",\"secondtype\":1,\"name\":\"死亡人数\",\"StatisticsType\":[1,4,5],\"units\":[1],\"Mandated\":true,\"defaultValue\":\"8\",\"index\":0}],\"hasSecondItems\":true,\"Name\":\"交通事故概况\",\"Mandated\":false,\"Deleted\":false,\"Comment\":\"\",\"units\":[1],\"inputtype\":0,\"StatisticsType\":[],\"defaultValue\":\"\",\"tabletype\":\"每日点名统计汇报\",\"index\":98},{\"Content\":\"四大队\",\"secondlist\":[],\"hasSecondItems\":false,\"Name\":\"道路交通设施概况\",\"Mandated\":true,\"Deleted\":false,\"Comment\":\"\",\"units\":[1],\"inputtype\":3,\"StatisticsType\":[4],\"defaultValue\":\"四大队\",\"tabletype\":\"每日点名统计汇报\",\"index\":97},{\"Content\":\"四大队\",\"secondlist\":[],\"hasSecondItems\":false,\"Name\":\"指挥调度概况\",\"Mandated\":false,\"Deleted\":false,\"Comment\":\"\",\"units\":[1],\"inputtype\":3,\"StatisticsType\":[4],\"defaultValue\":\"四大队\",\"tabletype\":\"每日点名统计汇报\",\"index\":96},{\"Content\":\"四大队\",\"secondlist\":[],\"hasSecondItems\":false,\"Name\":\"市区路网交通运行评价\",\"Mandated\":false,\"Deleted\":false,\"Comment\":\"\",\"units\":[1],\"inputtype\":3,\"StatisticsType\":[4],\"defaultValue\":\"四大队\",\"tabletype\":\"每日点名统计汇报\",\"index\":95},{\"Content\":\"四大队\",\"secondlist\":[],\"hasSecondItems\":false,\"Name\":\"审核人\",\"Mandated\":true,\"Deleted\":false,\"Comment\":\"\",\"units\":[1],\"inputtype\":3,\"StatisticsType\":[4],\"defaultValue\":\"四大队\",\"tabletype\":\"每日点名统计汇报\",\"index\":92},{\"Content\":\"\",\"secondlist\":[{\"data\":\"8\",\"secondtype\":2,\"name\":\"辖区天气\",\"StatisticsType\":[],\"units\":[1],\"Mandated\":false,\"defaultValue\":\"8\",\"index\":0},{\"data\":\"8\",\"secondtype\":1,\"name\":\"最高气温\",\"StatisticsType\":[],\"units\":[1],\"Mandated\":false,\"defaultValue\":\"8\",\"index\":0},{\"data\":\"8\",\"secondtype\":1,\"name\":\"最低气温\",\"StatisticsType\":[],\"units\":[1],\"Mandated\":false,\"defaultValue\":\"8\",\"index\":0},{\"data\":\"88\",\"secondtype\":2,\"name\":\"预警事件\",\"StatisticsType\":[],\"units\":[1],\"Mandated\":false,\"defaultValue\":\"88\",\"index\":0}],\"hasSecondItems\":true,\"Name\":\"交通事件统计\",\"Mandated\":false,\"Deleted\":false,\"Comment\":\"\",\"units\":[1],\"inputtype\":0,\"StatisticsType\":[],\"defaultValue\":\"\",\"tabletype\":\"每日点名统计汇报\",\"index\":94},{\"Content\":\"四大队\",\"secondlist\":[],\"hasSecondItems\":false,\"Name\":\"工作动态\",\"Mandated\":true,\"Deleted\":false,\"Comment\":\"\",\"units\":[1],\"inputtype\":3,\"StatisticsType\":[4],\"defaultValue\":\"四大队\",\"tabletype\":\"每日点名统计汇报\",\"index\":94},{\"Content\":\"\",\"secondlist\":[{\"data\":\"8\",\"secondtype\":1,\"name\":\"出警次数\",\"StatisticsType\":[1,4,5],\"units\":[1],\"Mandated\":true,\"defaultValue\":\"8\",\"index\":0},{\"data\":\"8\",\"secondtype\":1,\"name\":\"警车数\",\"StatisticsType\":[1,4,5],\"units\":[1],\"Mandated\":true,\"defaultValue\":\"8\",\"index\":0},{\"data\":\"8\",\"secondtype\":1,\"name\":\"现场执法\",\"StatisticsType\":[1,4,5],\"units\":[1],\"Mandated\":true,\"defaultValue\":\"8\",\"index\":0}],\"hasSecondItems\":true,\"Name\":\"勤务动态\",\"Mandated\":false,\"Deleted\":false,\"Comment\":\"此处填写警务动态\",\"units\":[1],\"inputtype\":0,\"StatisticsType\":[],\"defaultValue\":\"\",\"tabletype\":\"每日点名统计汇报\",\"index\":99},{\"Content\":\"四大队\",\"secondlist\":[],\"hasSecondItems\":false,\"Name\":\"撰写人\",\"Mandated\":true,\"Deleted\":false,\"Comment\":\"\",\"units\":[1],\"inputtype\":3,\"StatisticsType\":[4],\"defaultValue\":\"四大队\",\"tabletype\":\"每日点名统计汇报\",\"index\":93}],\"draft\":0}',4,'2017-11-18 08:47:31','',2,'现场执法','2017-11-18 13:35:50','每日点名统计汇报'),('2017-11-18','fushan','{\"date\":\"2017-11-18\",\"reportname\":\"每日交管动态汇报\",\"datalist\":[{\"Content\":\"\",\"secondlist\":[{\"data\":\"8\",\"secondtype\":1,\"name\":\"出警次数\",\"StatisticsType\":[1,4,5],\"units\":[1],\"Mandated\":true,\"defaultValue\":\"8\",\"index\":0},{\"data\":\"1\",\"secondtype\":1,\"name\":\"警车数\",\"StatisticsType\":[1,4,5],\"units\":[1],\"Mandated\":true,\"defaultValue\":\"1\",\"index\":0},{\"data\":\"1\",\"secondtype\":1,\"name\":\"现场执法数\",\"StatisticsType\":[1,4,5],\"units\":[1],\"Mandated\":true,\"defaultValue\":\"1\",\"index\":0}],\"hasSecondItems\":true,\"Name\":\"勤务动态\",\"Mandated\":false,\"Deleted\":false,\"Comment\":\"\",\"units\":[1],\"inputtype\":1,\"StatisticsType\":[1],\"defaultValue\":\"\",\"tabletype\":\"每日交管动态汇报\",\"index\":99},{\"Content\":\"福山良好\",\"secondlist\":[],\"hasSecondItems\":false,\"Name\":\"市区路网交通运行评价\",\"Mandated\":false,\"Deleted\":false,\"Comment\":\"\",\"units\":[1],\"inputtype\":3,\"StatisticsType\":[4],\"defaultValue\":\"福山良好\",\"tabletype\":\"每日交管动态汇报\",\"index\":96},{\"Content\":\"\",\"secondlist\":[{\"data\":\"1\",\"secondtype\":1,\"name\":\"交通事故数\",\"StatisticsType\":[1,4,5],\"units\":[1],\"Mandated\":true,\"defaultValue\":\"1\",\"index\":0},{\"data\":\"1\",\"secondtype\":1,\"name\":\"受伤事故数\",\"StatisticsType\":[1,4,5],\"units\":[1],\"Mandated\":true,\"defaultValue\":\"1\",\"index\":0},{\"data\":\"1\",\"secondtype\":1,\"name\":\"受伤人数\",\"StatisticsType\":[1,4,5],\"units\":[1],\"Mandated\":true,\"defaultValue\":\"1\",\"index\":0},{\"data\":\"1\",\"secondtype\":1,\"name\":\"死亡事故数\",\"StatisticsType\":[1,4,5],\"units\":[1],\"Mandated\":true,\"defaultValue\":\"1\",\"index\":0},{\"data\":\"1\",\"secondtype\":1,\"name\":\"死亡人数\",\"StatisticsType\":[1,4,5],\"units\":[1],\"Mandated\":true,\"defaultValue\":\"1\",\"index\":0}],\"hasSecondItems\":true,\"Name\":\"交通事故概况\",\"Mandated\":false,\"Deleted\":false,\"Comment\":\"\",\"units\":[1],\"inputtype\":1,\"StatisticsType\":[1],\"defaultValue\":\"\",\"tabletype\":\"每日交管动态汇报\",\"index\":98},{\"Content\":\"福山\",\"secondlist\":[],\"hasSecondItems\":false,\"Name\":\"审核人\",\"Mandated\":true,\"Deleted\":false,\"Comment\":\"\",\"units\":[1],\"inputtype\":2,\"StatisticsType\":[3],\"defaultValue\":\"福山\",\"tabletype\":\"每日交管动态汇报\",\"index\":93},{\"Content\":\"福山\",\"secondlist\":[],\"hasSecondItems\":false,\"Name\":\"撰写人\",\"Mandated\":true,\"Deleted\":false,\"Comment\":\"\",\"units\":[1],\"inputtype\":2,\"StatisticsType\":[4],\"defaultValue\":\"福山\",\"tabletype\":\"每日交管动态汇报\",\"index\":93},{\"Content\":\"\",\"secondlist\":[{\"data\":\"8\",\"secondtype\":2,\"name\":\"辖区天气\",\"StatisticsType\":[],\"units\":[1],\"Mandated\":false,\"defaultValue\":\"8\",\"index\":0},{\"data\":\"15\",\"secondtype\":1,\"name\":\"最高气温\",\"StatisticsType\":[],\"units\":[1],\"Mandated\":false,\"defaultValue\":\"15\",\"index\":0},{\"data\":\"1\",\"secondtype\":1,\"name\":\"最低气温\",\"StatisticsType\":[],\"units\":[1],\"Mandated\":false,\"defaultValue\":\"1\",\"index\":0},{\"data\":\"1\",\"secondtype\":2,\"name\":\"预警事件\",\"StatisticsType\":[],\"units\":[1],\"Mandated\":false,\"defaultValue\":\"1\",\"index\":0}],\"hasSecondItems\":true,\"Name\":\"交通事件统计\",\"Mandated\":false,\"Deleted\":false,\"Comment\":\"\",\"units\":[1],\"inputtype\":0,\"StatisticsType\":[],\"defaultValue\":\"\",\"tabletype\":\"每日交管动态汇报\",\"index\":95},{\"Content\":\"福山工作\",\"secondlist\":[],\"hasSecondItems\":false,\"Name\":\"工作动态\",\"Mandated\":true,\"Deleted\":false,\"Comment\":\"\",\"units\":[1],\"inputtype\":3,\"StatisticsType\":[4],\"defaultValue\":\"福山工作\",\"tabletype\":\"每日交管动态汇报\",\"index\":94},{\"Content\":\"福山无\",\"secondlist\":[],\"hasSecondItems\":false,\"Name\":\"指挥调度概况\",\"Mandated\":false,\"Deleted\":false,\"Comment\":\"\",\"units\":[1],\"inputtype\":3,\"StatisticsType\":[4],\"defaultValue\":\"福山无\",\"tabletype\":\"每日交管动态汇报\",\"index\":96}],\"draft\":0}',3,'2017-11-18 13:21:08',NULL,0,NULL,'2017-11-18 13:21:48','每日交管动态汇报'),('2017-11-18','fushan','{\"date\":\"2017-11-18\",\"reportname\":\"每日点名统计汇报\",\"datalist\":[{\"Content\":\"\",\"secondlist\":[],\"hasSecondItems\":false,\"Name\":\"汇报日期\",\"Mandated\":false,\"Deleted\":false,\"Comment\":\"\",\"units\":[1],\"inputtype\":4,\"StatisticsType\":[],\"defaultValue\":\"\",\"tabletype\":\"每日点名统计汇报\",\"index\":91},{\"Content\":\"\",\"secondlist\":[{\"data\":\"7\",\"secondtype\":1,\"name\":\"交通事故数\",\"StatisticsType\":[1,4,5],\"units\":[1],\"Mandated\":true,\"defaultValue\":\"7\",\"index\":0},{\"data\":\"1\",\"secondtype\":1,\"name\":\"受伤事故数\",\"StatisticsType\":[1,4,5],\"units\":[1],\"Mandated\":true,\"defaultValue\":\"1\",\"index\":0},{\"data\":\"1\",\"secondtype\":1,\"name\":\"受伤人数\",\"StatisticsType\":[1,4,5],\"units\":[1],\"Mandated\":true,\"defaultValue\":\"1\",\"index\":0},{\"data\":\"1\",\"secondtype\":1,\"name\":\"死亡事故数\",\"StatisticsType\":[1,4,5],\"units\":[1],\"Mandated\":true,\"defaultValue\":\"1\",\"index\":0},{\"data\":\"1\",\"secondtype\":1,\"name\":\"死亡人数\",\"StatisticsType\":[1,4,5],\"units\":[1],\"Mandated\":true,\"defaultValue\":\"1\",\"index\":0}],\"hasSecondItems\":true,\"Name\":\"交通事故概况\",\"Mandated\":false,\"Deleted\":false,\"Comment\":\"\",\"units\":[1],\"inputtype\":0,\"StatisticsType\":[],\"defaultValue\":\"\",\"tabletype\":\"每日点名统计汇报\",\"index\":98},{\"Content\":\"福山良好\",\"secondlist\":[],\"hasSecondItems\":false,\"Name\":\"道路交通设施概况\",\"Mandated\":true,\"Deleted\":false,\"Comment\":\"\",\"units\":[1],\"inputtype\":3,\"StatisticsType\":[],\"defaultValue\":\"福山良好\",\"tabletype\":\"每日点名统计汇报\",\"index\":97},{\"Content\":\"福山暂无\",\"secondlist\":[],\"hasSecondItems\":false,\"Name\":\"指挥调度概况\",\"Mandated\":false,\"Deleted\":false,\"Comment\":\"\",\"units\":[1],\"inputtype\":3,\"StatisticsType\":[],\"defaultValue\":\"福山暂无\",\"tabletype\":\"每日点名统计汇报\",\"index\":96},{\"Content\":\"福山良好\",\"secondlist\":[],\"hasSecondItems\":false,\"Name\":\"市区路网交通运行评价\",\"Mandated\":false,\"Deleted\":false,\"Comment\":\"\",\"units\":[1],\"inputtype\":3,\"StatisticsType\":[],\"defaultValue\":\"福山良好\",\"tabletype\":\"每日点名统计汇报\",\"index\":95},{\"Content\":\"FS\",\"secondlist\":[],\"hasSecondItems\":false,\"Name\":\"审核人\",\"Mandated\":true,\"Deleted\":false,\"Comment\":\"\",\"units\":[1],\"inputtype\":3,\"StatisticsType\":[],\"defaultValue\":\"FS\",\"tabletype\":\"每日点名统计汇报\",\"index\":92},{\"Content\":\"\",\"secondlist\":[{\"data\":\"1\",\"secondtype\":1,\"name\":\"辖区天气\",\"StatisticsType\":[],\"units\":[1],\"Mandated\":false,\"defaultValue\":\"1\",\"index\":0},{\"data\":\"12\",\"secondtype\":1,\"name\":\"最高气温\",\"StatisticsType\":[],\"units\":[1],\"Mandated\":false,\"defaultValue\":\"12\",\"index\":0},{\"data\":\"1\",\"secondtype\":1,\"name\":\"最低气温\",\"StatisticsType\":[],\"units\":[1],\"Mandated\":false,\"defaultValue\":\"1\",\"index\":0},{\"data\":\"1\",\"secondtype\":1,\"name\":\"预警事件\",\"StatisticsType\":[],\"units\":[1],\"Mandated\":false,\"defaultValue\":\"1\",\"index\":0}],\"hasSecondItems\":true,\"Name\":\"交通事件统计\",\"Mandated\":false,\"Deleted\":false,\"Comment\":\"\",\"units\":[1],\"inputtype\":0,\"StatisticsType\":[],\"defaultValue\":\"\",\"tabletype\":\"每日点名统计汇报\",\"index\":94},{\"Content\":\"福山\",\"secondlist\":[],\"hasSecondItems\":false,\"Name\":\"工作动态\",\"Mandated\":true,\"Deleted\":false,\"Comment\":\"\",\"units\":[1],\"inputtype\":3,\"StatisticsType\":[],\"defaultValue\":\"福山\",\"tabletype\":\"每日点名统计汇报\",\"index\":94},{\"Content\":\"\",\"secondlist\":[{\"data\":\"5\",\"secondtype\":1,\"name\":\"出警次数\",\"StatisticsType\":[1,4,5],\"units\":[1],\"Mandated\":true,\"defaultValue\":\"5\",\"index\":0},{\"data\":\"1\",\"secondtype\":1,\"name\":\"警车数\",\"StatisticsType\":[1,4,5],\"units\":[1],\"Mandated\":true,\"defaultValue\":\"1\",\"index\":0},{\"data\":\"3\",\"secondtype\":1,\"name\":\"现场执法\",\"StatisticsType\":[1,4,5],\"units\":[1],\"Mandated\":true,\"defaultValue\":\"3\",\"index\":0}],\"hasSecondItems\":true,\"Name\":\"勤务动态\",\"Mandated\":false,\"Deleted\":false,\"Comment\":\"此处填写警务动态\",\"units\":[1],\"inputtype\":0,\"StatisticsType\":[],\"defaultValue\":\"\",\"tabletype\":\"每日点名统计汇报\",\"index\":99},{\"Content\":\"FS\",\"secondlist\":[],\"hasSecondItems\":false,\"Name\":\"撰写人\",\"Mandated\":true,\"Deleted\":false,\"Comment\":\"\",\"units\":[1],\"inputtype\":3,\"StatisticsType\":[],\"defaultValue\":\"FS\",\"tabletype\":\"每日点名统计汇报\",\"index\":93}],\"draft\":0}',4,'2017-11-18 08:34:14','',5,NULL,'2017-11-18 08:34:14','每日点名统计汇报'),('2017-11-18','haiyang','{\"date\":\"2017-11-18\",\"reportname\":\"每日交管动态汇报\",\"datalist\":[{\"Content\":\"\",\"secondlist\":[{\"data\":\"7\",\"secondtype\":1,\"name\":\"出警次数\",\"StatisticsType\":[1,4,5],\"units\":[1],\"Mandated\":true,\"defaultValue\":\"7\",\"index\":0},{\"data\":\"7\",\"secondtype\":1,\"name\":\"警车数\",\"StatisticsType\":[1,4,5],\"units\":[1],\"Mandated\":true,\"defaultValue\":\"7\",\"index\":0},{\"data\":\"1\",\"secondtype\":1,\"name\":\"现场执法数\",\"StatisticsType\":[1,4,5],\"units\":[1],\"Mandated\":true,\"defaultValue\":\"1\",\"index\":0}],\"hasSecondItems\":true,\"Name\":\"勤务动态\",\"Mandated\":false,\"Deleted\":false,\"Comment\":\"\",\"units\":[1],\"inputtype\":1,\"StatisticsType\":[1],\"defaultValue\":\"\",\"tabletype\":\"每日交管动态汇报\",\"index\":99},{\"Content\":\"海阳良好\",\"secondlist\":[],\"hasSecondItems\":false,\"Name\":\"市区路网交通运行评价\",\"Mandated\":false,\"Deleted\":false,\"Comment\":\"\",\"units\":[1],\"inputtype\":3,\"StatisticsType\":[],\"defaultValue\":\"海阳良好\",\"tabletype\":\"每日交管动态汇报\",\"index\":96},{\"Content\":\"\",\"secondlist\":[{\"data\":\"6\",\"secondtype\":1,\"name\":\"交通事故数\",\"StatisticsType\":[1,4,5],\"units\":[1],\"Mandated\":true,\"defaultValue\":\"6\",\"index\":0},{\"data\":\"1\",\"secondtype\":1,\"name\":\"受伤事故数\",\"StatisticsType\":[1,4,5],\"units\":[1],\"Mandated\":true,\"defaultValue\":\"1\",\"index\":0},{\"data\":\"1\",\"secondtype\":1,\"name\":\"受伤人数\",\"StatisticsType\":[1,4,5],\"units\":[1],\"Mandated\":true,\"defaultValue\":\"1\",\"index\":0},{\"data\":\"1\",\"secondtype\":1,\"name\":\"死亡事故数\",\"StatisticsType\":[1,4,5],\"units\":[1],\"Mandated\":true,\"defaultValue\":\"1\",\"index\":0},{\"data\":\"1\",\"secondtype\":1,\"name\":\"死亡人数\",\"StatisticsType\":[1,4,5],\"units\":[1],\"Mandated\":true,\"defaultValue\":\"1\",\"index\":0}],\"hasSecondItems\":true,\"Name\":\"交通事故概况\",\"Mandated\":false,\"Deleted\":false,\"Comment\":\"\",\"units\":[1],\"inputtype\":1,\"StatisticsType\":[1],\"defaultValue\":\"\",\"tabletype\":\"每日交管动态汇报\",\"index\":98},{\"Content\":\"HY\",\"secondlist\":[],\"hasSecondItems\":false,\"Name\":\"审核人\",\"Mandated\":true,\"Deleted\":false,\"Comment\":\"\",\"units\":[1],\"inputtype\":2,\"StatisticsType\":[],\"defaultValue\":\"HY\",\"tabletype\":\"每日交管动态汇报\",\"index\":93},{\"Content\":\"HY\",\"secondlist\":[],\"hasSecondItems\":false,\"Name\":\"撰写人\",\"Mandated\":true,\"Deleted\":false,\"Comment\":\"\",\"units\":[1],\"inputtype\":2,\"StatisticsType\":[],\"defaultValue\":\"HY\",\"tabletype\":\"每日交管动态汇报\",\"index\":93},{\"Content\":\"\",\"secondlist\":[{\"data\":\"1\",\"secondtype\":1,\"name\":\"辖区天气\",\"StatisticsType\":[],\"units\":[1],\"Mandated\":false,\"defaultValue\":\"1\",\"index\":0},{\"data\":\"12\",\"secondtype\":1,\"name\":\"最高气温\",\"StatisticsType\":[],\"units\":[1],\"Mandated\":false,\"defaultValue\":\"12\",\"index\":0},{\"data\":\"1\",\"secondtype\":1,\"name\":\"最低气温\",\"StatisticsType\":[],\"units\":[1],\"Mandated\":false,\"defaultValue\":\"1\",\"index\":0},{\"data\":\"1\",\"secondtype\":1,\"name\":\"预警事件\",\"StatisticsType\":[],\"units\":[1],\"Mandated\":false,\"defaultValue\":\"1\",\"index\":0}],\"hasSecondItems\":true,\"Name\":\"交通事件统计\",\"Mandated\":false,\"Deleted\":false,\"Comment\":\"\",\"units\":[1],\"inputtype\":0,\"StatisticsType\":[],\"defaultValue\":\"\",\"tabletype\":\"每日交管动态汇报\",\"index\":95},{\"Content\":\"海阳\",\"secondlist\":[],\"hasSecondItems\":false,\"Name\":\"工作动态\",\"Mandated\":true,\"Deleted\":false,\"Comment\":\"\",\"units\":[1],\"inputtype\":3,\"StatisticsType\":[4],\"defaultValue\":\"海阳\",\"tabletype\":\"每日交管动态汇报\",\"index\":94},{\"Content\":\"海阳无\",\"secondlist\":[],\"hasSecondItems\":false,\"Name\":\"指挥调度概况\",\"Mandated\":false,\"Deleted\":false,\"Comment\":\"\",\"units\":[1],\"inputtype\":3,\"StatisticsType\":[4],\"defaultValue\":\"海阳无\",\"tabletype\":\"每日交管动态汇报\",\"index\":96}],\"draft\":0}',3,'2017-11-18 08:37:33',NULL,0,NULL,'2017-11-18 08:37:33','每日交管动态汇报'),('2017-11-18','haiyang','{\"date\":\"2017-11-18\",\"reportname\":\"每日点名统计汇报\",\"datalist\":[{\"Content\":\"\",\"secondlist\":[],\"hasSecondItems\":false,\"Name\":\"汇报日期\",\"Mandated\":false,\"Deleted\":false,\"Comment\":\"\",\"units\":[1],\"inputtype\":4,\"StatisticsType\":[],\"defaultValue\":\"\",\"tabletype\":\"每日点名统计汇报\",\"index\":91},{\"Content\":\"\",\"secondlist\":[{\"data\":\"1\",\"secondtype\":1,\"name\":\"交通事故数\",\"StatisticsType\":[1,4,5],\"units\":[1],\"Mandated\":true,\"defaultValue\":\"1\",\"index\":0},{\"data\":\"1\",\"secondtype\":1,\"name\":\"受伤事故数\",\"StatisticsType\":[1,4,5],\"units\":[1],\"Mandated\":true,\"defaultValue\":\"1\",\"index\":0},{\"data\":\"1\",\"secondtype\":1,\"name\":\"受伤人数\",\"StatisticsType\":[1,4,5],\"units\":[1],\"Mandated\":true,\"defaultValue\":\"1\",\"index\":0},{\"data\":\"1\",\"secondtype\":1,\"name\":\"死亡事故数\",\"StatisticsType\":[1,4,5],\"units\":[1],\"Mandated\":true,\"defaultValue\":\"1\",\"index\":0},{\"data\":\"1\",\"secondtype\":1,\"name\":\"死亡人数\",\"StatisticsType\":[1,4,5],\"units\":[1],\"Mandated\":true,\"defaultValue\":\"1\",\"index\":0}],\"hasSecondItems\":true,\"Name\":\"交通事故概况\",\"Mandated\":false,\"Deleted\":false,\"Comment\":\"\",\"units\":[1],\"inputtype\":0,\"StatisticsType\":[],\"defaultValue\":\"\",\"tabletype\":\"每日点名统计汇报\",\"index\":98},{\"Content\":\"无\",\"secondlist\":[],\"hasSecondItems\":false,\"Name\":\"道路交通设施概况\",\"Mandated\":true,\"Deleted\":false,\"Comment\":\"\",\"units\":[1],\"inputtype\":3,\"StatisticsType\":[],\"defaultValue\":\"无\",\"tabletype\":\"每日点名统计汇报\",\"index\":97},{\"Content\":\"无\",\"secondlist\":[],\"hasSecondItems\":false,\"Name\":\"指挥调度概况\",\"Mandated\":false,\"Deleted\":false,\"Comment\":\"\",\"units\":[1],\"inputtype\":3,\"StatisticsType\":[],\"defaultValue\":\"无\",\"tabletype\":\"每日点名统计汇报\",\"index\":96},{\"Content\":\"无\",\"secondlist\":[],\"hasSecondItems\":false,\"Name\":\"市区路网交通运行评价\",\"Mandated\":false,\"Deleted\":false,\"Comment\":\"\",\"units\":[1],\"inputtype\":3,\"StatisticsType\":[],\"defaultValue\":\"无\",\"tabletype\":\"每日点名统计汇报\",\"index\":95},{\"Content\":\"无\",\"secondlist\":[],\"hasSecondItems\":false,\"Name\":\"审核人\",\"Mandated\":true,\"Deleted\":false,\"Comment\":\"\",\"units\":[1],\"inputtype\":3,\"StatisticsType\":[],\"defaultValue\":\"无\",\"tabletype\":\"每日点名统计汇报\",\"index\":92},{\"Content\":\"\",\"secondlist\":[{\"data\":\"1\",\"secondtype\":1,\"name\":\"辖区天气\",\"StatisticsType\":[],\"units\":[1],\"Mandated\":false,\"defaultValue\":\"1\",\"index\":0},{\"data\":\"1\",\"secondtype\":1,\"name\":\"最高气温\",\"StatisticsType\":[],\"units\":[1],\"Mandated\":false,\"defaultValue\":\"1\",\"index\":0},{\"data\":\"1\",\"secondtype\":1,\"name\":\"最低气温\",\"StatisticsType\":[],\"units\":[1],\"Mandated\":false,\"defaultValue\":\"1\",\"index\":0},{\"data\":\"1\",\"secondtype\":1,\"name\":\"预警事件\",\"StatisticsType\":[],\"units\":[1],\"Mandated\":false,\"defaultValue\":\"1\",\"index\":0}],\"hasSecondItems\":true,\"Name\":\"交通事件统计\",\"Mandated\":false,\"Deleted\":false,\"Comment\":\"\",\"units\":[1],\"inputtype\":0,\"StatisticsType\":[],\"defaultValue\":\"\",\"tabletype\":\"每日点名统计汇报\",\"index\":94},{\"Content\":\"无\",\"secondlist\":[],\"hasSecondItems\":false,\"Name\":\"工作动态\",\"Mandated\":true,\"Deleted\":false,\"Comment\":\"\",\"units\":[1],\"inputtype\":3,\"StatisticsType\":[],\"defaultValue\":\"无\",\"tabletype\":\"每日点名统计汇报\",\"index\":94},{\"Content\":\"\",\"secondlist\":[{\"data\":\"1\",\"secondtype\":1,\"name\":\"出警次数\",\"StatisticsType\":[1,4,5],\"units\":[1],\"Mandated\":true,\"defaultValue\":\"1\",\"index\":0},{\"data\":\"1\",\"secondtype\":1,\"name\":\"警车数\",\"StatisticsType\":[1,4,5],\"units\":[1],\"Mandated\":true,\"defaultValue\":\"1\",\"index\":0},{\"data\":\"1\",\"secondtype\":1,\"name\":\"现场执法\",\"StatisticsType\":[1,4,5],\"units\":[1],\"Mandated\":true,\"defaultValue\":\"1\",\"index\":0}],\"hasSecondItems\":true,\"Name\":\"勤务动态\",\"Mandated\":false,\"Deleted\":false,\"Comment\":\"此处填写警务动态\",\"units\":[1],\"inputtype\":0,\"StatisticsType\":[],\"defaultValue\":\"\",\"tabletype\":\"每日点名统计汇报\",\"index\":99},{\"Content\":\"无\",\"secondlist\":[],\"hasSecondItems\":false,\"Name\":\"撰写人\",\"Mandated\":true,\"Deleted\":false,\"Comment\":\"\",\"units\":[1],\"inputtype\":3,\"StatisticsType\":[],\"defaultValue\":\"无\",\"tabletype\":\"每日点名统计汇报\",\"index\":93}],\"draft\":0}',4,'2017-11-18 09:11:33','',2,NULL,'2017-11-18 09:11:33','每日点名统计汇报'),('2017-11-18','jichang','{\"date\":\"2017-11-18\",\"reportname\":\"每日交管动态汇报\",\"datalist\":[{\"Content\":\"\",\"secondlist\":[{\"data\":\"0\",\"secondtype\":1,\"name\":\"出警次数\",\"StatisticsType\":[1,4,5],\"units\":[1],\"Mandated\":true,\"defaultValue\":\"0\",\"index\":0},{\"data\":\"6\",\"secondtype\":1,\"name\":\"警车数\",\"StatisticsType\":[1,4,5],\"units\":[1],\"Mandated\":true,\"defaultValue\":\"6\",\"index\":0},{\"data\":\"6\",\"secondtype\":1,\"name\":\"现场执法数\",\"StatisticsType\":[1,4,5],\"units\":[1],\"Mandated\":true,\"defaultValue\":\"6\",\"index\":0}],\"hasSecondItems\":true,\"Name\":\"勤务动态\",\"Mandated\":false,\"Deleted\":false,\"Comment\":\"\",\"units\":[1],\"inputtype\":1,\"StatisticsType\":[1],\"defaultValue\":\"\",\"tabletype\":\"每日交管动态汇报\",\"index\":99},{\"Content\":\"机场大队良好\",\"secondlist\":[],\"hasSecondItems\":false,\"Name\":\"市区路网交通运行评价\",\"Mandated\":false,\"Deleted\":false,\"Comment\":\"\",\"units\":[1],\"inputtype\":3,\"StatisticsType\":[4],\"defaultValue\":\"机场大队良好\",\"tabletype\":\"每日交管动态汇报\",\"index\":96},{\"Content\":\"\",\"secondlist\":[{\"data\":\"6\",\"secondtype\":1,\"name\":\"交通事故数\",\"StatisticsType\":[1,4,5],\"units\":[1],\"Mandated\":true,\"defaultValue\":\"6\",\"index\":0},{\"data\":\"6\",\"secondtype\":1,\"name\":\"受伤事故数\",\"StatisticsType\":[1,4,5],\"units\":[1],\"Mandated\":true,\"defaultValue\":\"6\",\"index\":0},{\"data\":\"6\",\"secondtype\":1,\"name\":\"受伤人数\",\"StatisticsType\":[1,4,5],\"units\":[1],\"Mandated\":true,\"defaultValue\":\"6\",\"index\":0},{\"data\":\"6\",\"secondtype\":1,\"name\":\"死亡事故数\",\"StatisticsType\":[1,4,5],\"units\":[1],\"Mandated\":true,\"defaultValue\":\"6\",\"index\":0},{\"data\":\"6\",\"secondtype\":1,\"name\":\"死亡人数\",\"StatisticsType\":[1,4,5],\"units\":[1],\"Mandated\":true,\"defaultValue\":\"6\",\"index\":0}],\"hasSecondItems\":true,\"Name\":\"交通事故概况\",\"Mandated\":false,\"Deleted\":false,\"Comment\":\"\",\"units\":[1],\"inputtype\":1,\"StatisticsType\":[1],\"defaultValue\":\"\",\"tabletype\":\"每日交管动态汇报\",\"index\":98},{\"Content\":\"机场\",\"secondlist\":[],\"hasSecondItems\":false,\"Name\":\"审核人\",\"Mandated\":true,\"Deleted\":false,\"Comment\":\"\",\"units\":[1],\"inputtype\":2,\"StatisticsType\":[3],\"defaultValue\":\"机场\",\"tabletype\":\"每日交管动态汇报\",\"index\":93},{\"Content\":\"机场\",\"secondlist\":[],\"hasSecondItems\":false,\"Name\":\"撰写人\",\"Mandated\":true,\"Deleted\":false,\"Comment\":\"\",\"units\":[1],\"inputtype\":2,\"StatisticsType\":[4],\"defaultValue\":\"机场\",\"tabletype\":\"每日交管动态汇报\",\"index\":93},{\"Content\":\"\",\"secondlist\":[{\"data\":\"\",\"secondtype\":2,\"name\":\"辖区天气\",\"StatisticsType\":[],\"units\":[1],\"Mandated\":false,\"defaultValue\":\"\",\"index\":0},{\"data\":\"0\",\"secondtype\":1,\"name\":\"最高气温\",\"StatisticsType\":[],\"units\":[1],\"Mandated\":false,\"defaultValue\":\"0\",\"index\":0},{\"data\":\"0\",\"secondtype\":1,\"name\":\"最低气温\",\"StatisticsType\":[],\"units\":[1],\"Mandated\":false,\"defaultValue\":\"0\",\"index\":0},{\"data\":\"0\",\"secondtype\":2,\"name\":\"预警事件\",\"StatisticsType\":[],\"units\":[1],\"Mandated\":false,\"defaultValue\":\"0\",\"index\":0}],\"hasSecondItems\":true,\"Name\":\"交通事件统计\",\"Mandated\":false,\"Deleted\":false,\"Comment\":\"\",\"units\":[1],\"inputtype\":0,\"StatisticsType\":[],\"defaultValue\":\"\",\"tabletype\":\"每日交管动态汇报\",\"index\":95},{\"Content\":\"机场\",\"secondlist\":[],\"hasSecondItems\":false,\"Name\":\"工作动态\",\"Mandated\":true,\"Deleted\":false,\"Comment\":\"\",\"units\":[1],\"inputtype\":3,\"StatisticsType\":[4],\"defaultValue\":\"机场\",\"tabletype\":\"每日交管动态汇报\",\"index\":94},{\"Content\":\"机场\",\"secondlist\":[],\"hasSecondItems\":false,\"Name\":\"指挥调度概况\",\"Mandated\":false,\"Deleted\":false,\"Comment\":\"\",\"units\":[1],\"inputtype\":3,\"StatisticsType\":[4],\"defaultValue\":\"机场\",\"tabletype\":\"每日交管动态汇报\",\"index\":96}],\"draft\":0}',3,'2017-11-18 13:32:56',NULL,0,NULL,'2017-11-18 13:32:56','每日交管动态汇报'),('2017-11-18','jichang','{\"date\":\"2017-11-18\",\"reportname\":\"每日点名统计汇报\",\"datalist\":[{\"Content\":\"\",\"secondlist\":[],\"hasSecondItems\":false,\"Name\":\"汇报日期\",\"Mandated\":false,\"Deleted\":false,\"Comment\":\"\",\"units\":[1],\"inputtype\":4,\"StatisticsType\":[],\"defaultValue\":\"\",\"tabletype\":\"每日点名统计汇报\",\"index\":91},{\"Content\":\"\",\"secondlist\":[{\"data\":\"4\",\"secondtype\":1,\"name\":\"交通事故数\",\"StatisticsType\":[1,4,5],\"units\":[1],\"Mandated\":true,\"defaultValue\":\"4\",\"index\":0},{\"data\":\"4\",\"secondtype\":1,\"name\":\"受伤事故数\",\"StatisticsType\":[1,4,5],\"units\":[1],\"Mandated\":true,\"defaultValue\":\"4\",\"index\":0},{\"data\":\"41\",\"secondtype\":1,\"name\":\"受伤人数\",\"StatisticsType\":[1,4,5],\"units\":[1],\"Mandated\":true,\"defaultValue\":\"41\",\"index\":0},{\"data\":\"1\",\"secondtype\":1,\"name\":\"死亡事故数\",\"StatisticsType\":[1,4,5],\"units\":[1],\"Mandated\":true,\"defaultValue\":\"1\",\"index\":0},{\"data\":\"1\",\"secondtype\":1,\"name\":\"死亡人数\",\"StatisticsType\":[1,4,5],\"units\":[1],\"Mandated\":true,\"defaultValue\":\"1\",\"index\":0}],\"hasSecondItems\":true,\"Name\":\"交通事故概况\",\"Mandated\":false,\"Deleted\":false,\"Comment\":\"\",\"units\":[1],\"inputtype\":0,\"StatisticsType\":[],\"defaultValue\":\"\",\"tabletype\":\"每日点名统计汇报\",\"index\":98},{\"Content\":\"机场良好\",\"secondlist\":[],\"hasSecondItems\":false,\"Name\":\"道路交通设施概况\",\"Mandated\":true,\"Deleted\":false,\"Comment\":\"\",\"units\":[1],\"inputtype\":3,\"StatisticsType\":[],\"defaultValue\":\"机场良好\",\"tabletype\":\"每日点名统计汇报\",\"index\":97},{\"Content\":\"机场\",\"secondlist\":[],\"hasSecondItems\":false,\"Name\":\"指挥调度概况\",\"Mandated\":false,\"Deleted\":false,\"Comment\":\"\",\"units\":[1],\"inputtype\":3,\"StatisticsType\":[],\"defaultValue\":\"机场\",\"tabletype\":\"每日点名统计汇报\",\"index\":96},{\"Content\":\"机场\",\"secondlist\":[],\"hasSecondItems\":false,\"Name\":\"市区路网交通运行评价\",\"Mandated\":false,\"Deleted\":false,\"Comment\":\"\",\"units\":[1],\"inputtype\":3,\"StatisticsType\":[],\"defaultValue\":\"机场\",\"tabletype\":\"每日点名统计汇报\",\"index\":95},{\"Content\":\"无JC\",\"secondlist\":[],\"hasSecondItems\":false,\"Name\":\"审核人\",\"Mandated\":true,\"Deleted\":false,\"Comment\":\"\",\"units\":[1],\"inputtype\":3,\"StatisticsType\":[],\"defaultValue\":\"无JC\",\"tabletype\":\"每日点名统计汇报\",\"index\":92},{\"Content\":\"\",\"secondlist\":[{\"data\":\"5\",\"secondtype\":1,\"name\":\"辖区天气\",\"StatisticsType\":[],\"units\":[1],\"Mandated\":false,\"defaultValue\":\"5\",\"index\":0},{\"data\":\"4\",\"secondtype\":1,\"name\":\"最高气温\",\"StatisticsType\":[],\"units\":[1],\"Mandated\":false,\"defaultValue\":\"4\",\"index\":0},{\"data\":\"4\",\"secondtype\":1,\"name\":\"最低气温\",\"StatisticsType\":[],\"units\":[1],\"Mandated\":false,\"defaultValue\":\"4\",\"index\":0},{\"data\":\"1\",\"secondtype\":1,\"name\":\"预警事件\",\"StatisticsType\":[],\"units\":[1],\"Mandated\":false,\"defaultValue\":\"1\",\"index\":0}],\"hasSecondItems\":true,\"Name\":\"交通事件统计\",\"Mandated\":false,\"Deleted\":false,\"Comment\":\"\",\"units\":[1],\"inputtype\":0,\"StatisticsType\":[],\"defaultValue\":\"\",\"tabletype\":\"每日点名统计汇报\",\"index\":94},{\"Content\":\"JC\",\"secondlist\":[],\"hasSecondItems\":false,\"Name\":\"工作动态\",\"Mandated\":true,\"Deleted\":false,\"Comment\":\"\",\"units\":[1],\"inputtype\":3,\"StatisticsType\":[],\"defaultValue\":\"JC\",\"tabletype\":\"每日点名统计汇报\",\"index\":94},{\"Content\":\"\",\"secondlist\":[{\"data\":\"6\",\"secondtype\":1,\"name\":\"出警次数\",\"StatisticsType\":[1,4,5],\"units\":[1],\"Mandated\":true,\"defaultValue\":\"6\",\"index\":0},{\"data\":\"6\",\"secondtype\":1,\"name\":\"警车数\",\"StatisticsType\":[1,4,5],\"units\":[1],\"Mandated\":true,\"defaultValue\":\"6\",\"index\":0},{\"data\":\"5\",\"secondtype\":1,\"name\":\"现场执法\",\"StatisticsType\":[1,4,5],\"units\":[1],\"Mandated\":true,\"defaultValue\":\"5\",\"index\":0}],\"hasSecondItems\":true,\"Name\":\"勤务动态\",\"Mandated\":false,\"Deleted\":false,\"Comment\":\"此处填写警务动态\",\"units\":[1],\"inputtype\":0,\"StatisticsType\":[],\"defaultValue\":\"\",\"tabletype\":\"每日点名统计汇报\",\"index\":99},{\"Content\":\"无JC\",\"secondlist\":[],\"hasSecondItems\":false,\"Name\":\"撰写人\",\"Mandated\":true,\"Deleted\":false,\"Comment\":\"\",\"units\":[1],\"inputtype\":3,\"StatisticsType\":[],\"defaultValue\":\"无JC\",\"tabletype\":\"每日点名统计汇报\",\"index\":93}],\"draft\":0}',4,'2017-11-18 08:45:27','',4,NULL,'2017-11-18 08:45:27','每日点名统计汇报'),('2017-11-18','kaifaqu','{\"date\":\"2017-11-18\",\"reportname\":\"每日交管动态汇报\",\"datalist\":[{\"Content\":\"\",\"secondlist\":[{\"data\":\"5\",\"secondtype\":1,\"name\":\"出警次数\",\"StatisticsType\":[1,4,5],\"units\":[1],\"Mandated\":true,\"defaultValue\":\"5\",\"index\":0},{\"data\":\"5\",\"secondtype\":1,\"name\":\"警车数\",\"StatisticsType\":[1,4,5],\"units\":[1],\"Mandated\":true,\"defaultValue\":\"5\",\"index\":0},{\"data\":\"5\",\"secondtype\":1,\"name\":\"现场执法数\",\"StatisticsType\":[1,4,5],\"units\":[1],\"Mandated\":true,\"defaultValue\":\"5\",\"index\":0}],\"hasSecondItems\":true,\"Name\":\"勤务动态\",\"Mandated\":false,\"Deleted\":false,\"Comment\":\"\",\"units\":[1],\"inputtype\":1,\"StatisticsType\":[1],\"defaultValue\":\"\",\"tabletype\":\"每日交管动态汇报\",\"index\":99},{\"Content\":\"无\",\"secondlist\":[],\"hasSecondItems\":false,\"Name\":\"市区路网交通运行评价\",\"Mandated\":false,\"Deleted\":false,\"Comment\":\"\",\"units\":[1],\"inputtype\":3,\"StatisticsType\":[4],\"defaultValue\":\"无\",\"tabletype\":\"每日交管动态汇报\",\"index\":96},{\"Content\":\"\",\"secondlist\":[{\"data\":\"5\",\"secondtype\":1,\"name\":\"交通事故数\",\"StatisticsType\":[1,4,5],\"units\":[1],\"Mandated\":true,\"defaultValue\":\"5\",\"index\":0},{\"data\":\"5\",\"secondtype\":1,\"name\":\"受伤事故数\",\"StatisticsType\":[1,4,5],\"units\":[1],\"Mandated\":true,\"defaultValue\":\"5\",\"index\":0},{\"data\":\"5\",\"secondtype\":1,\"name\":\"受伤人数\",\"StatisticsType\":[1,4,5],\"units\":[1],\"Mandated\":true,\"defaultValue\":\"5\",\"index\":0},{\"data\":\"5\",\"secondtype\":1,\"name\":\"死亡事故数\",\"StatisticsType\":[1,4,5],\"units\":[1],\"Mandated\":true,\"defaultValue\":\"5\",\"index\":0},{\"data\":\"5\",\"secondtype\":1,\"name\":\"死亡人数\",\"StatisticsType\":[1,4,5],\"units\":[1],\"Mandated\":true,\"defaultValue\":\"5\",\"index\":0}],\"hasSecondItems\":true,\"Name\":\"交通事故概况\",\"Mandated\":false,\"Deleted\":false,\"Comment\":\"\",\"units\":[1],\"inputtype\":1,\"StatisticsType\":[1],\"defaultValue\":\"\",\"tabletype\":\"每日交管动态汇报\",\"index\":98},{\"Content\":\"5\",\"secondlist\":[],\"hasSecondItems\":false,\"Name\":\"审核人\",\"Mandated\":true,\"Deleted\":false,\"Comment\":\"\",\"units\":[1],\"inputtype\":2,\"StatisticsType\":[3],\"defaultValue\":\"5\",\"tabletype\":\"每日交管动态汇报\",\"index\":93},{\"Content\":\"5\",\"secondlist\":[],\"hasSecondItems\":false,\"Name\":\"撰写人\",\"Mandated\":true,\"Deleted\":false,\"Comment\":\"\",\"units\":[1],\"inputtype\":2,\"StatisticsType\":[4],\"defaultValue\":\"5\",\"tabletype\":\"每日交管动态汇报\",\"index\":93},{\"Content\":\"\",\"secondlist\":[{\"data\":\"\",\"secondtype\":2,\"name\":\"辖区天气\",\"StatisticsType\":[],\"units\":[1],\"Mandated\":false,\"defaultValue\":\"\",\"index\":0},{\"data\":\"\",\"secondtype\":1,\"name\":\"最高气温\",\"StatisticsType\":[],\"units\":[1],\"Mandated\":false,\"defaultValue\":\"\",\"index\":0},{\"data\":\"\",\"secondtype\":1,\"name\":\"最低气温\",\"StatisticsType\":[],\"units\":[1],\"Mandated\":false,\"defaultValue\":\"\",\"index\":0},{\"data\":null,\"secondtype\":2,\"name\":\"预警事件\",\"StatisticsType\":[],\"units\":[1],\"Mandated\":false,\"defaultValue\":null,\"index\":0}],\"hasSecondItems\":true,\"Name\":\"交通事件统计\",\"Mandated\":false,\"Deleted\":false,\"Comment\":\"\",\"units\":[1],\"inputtype\":0,\"StatisticsType\":[],\"defaultValue\":\"\",\"tabletype\":\"每日交管动态汇报\",\"index\":95},{\"Content\":\"无\",\"secondlist\":[],\"hasSecondItems\":false,\"Name\":\"工作动态\",\"Mandated\":true,\"Deleted\":false,\"Comment\":\"\",\"units\":[1],\"inputtype\":3,\"StatisticsType\":[4],\"defaultValue\":\"无\",\"tabletype\":\"每日交管动态汇报\",\"index\":94},{\"Content\":\"无\",\"secondlist\":[],\"hasSecondItems\":false,\"Name\":\"指挥调度概况\",\"Mandated\":false,\"Deleted\":false,\"Comment\":\"\",\"units\":[1],\"inputtype\":3,\"StatisticsType\":[4],\"defaultValue\":\"无\",\"tabletype\":\"每日交管动态汇报\",\"index\":96}],\"draft\":0}',3,'2017-11-18 11:21:58',NULL,0,NULL,'2017-11-18 11:21:58','每日交管动态汇报'),('2017-11-18','kaifaqu','{\"date\":\"2017-11-18\",\"reportname\":\"每日点名统计汇报\",\"datalist\":[{\"Content\":\"\",\"secondlist\":[],\"hasSecondItems\":false,\"Name\":\"汇报日期\",\"Mandated\":false,\"Deleted\":false,\"Comment\":\"\",\"units\":[1],\"inputtype\":4,\"StatisticsType\":[],\"defaultValue\":\"\",\"tabletype\":\"每日点名统计汇报\",\"index\":91},{\"Content\":\"\",\"secondlist\":[{\"data\":\"4\",\"secondtype\":1,\"name\":\"交通事故数\",\"StatisticsType\":[1,4,5],\"units\":[1],\"Mandated\":true,\"defaultValue\":\"4\",\"index\":0},{\"data\":\"4\",\"secondtype\":1,\"name\":\"受伤事故数\",\"StatisticsType\":[1,4,5],\"units\":[1],\"Mandated\":true,\"defaultValue\":\"4\",\"index\":0},{\"data\":\"4\",\"secondtype\":1,\"name\":\"受伤人数\",\"StatisticsType\":[1,4,5],\"units\":[1],\"Mandated\":true,\"defaultValue\":\"4\",\"index\":0},{\"data\":\"4\",\"secondtype\":1,\"name\":\"死亡事故数\",\"StatisticsType\":[1,4,5],\"units\":[1],\"Mandated\":true,\"defaultValue\":\"4\",\"index\":0},{\"data\":\"5\",\"secondtype\":1,\"name\":\"死亡人数\",\"StatisticsType\":[1,4,5],\"units\":[1],\"Mandated\":true,\"defaultValue\":\"5\",\"index\":0}],\"hasSecondItems\":true,\"Name\":\"交通事故概况\",\"Mandated\":false,\"Deleted\":false,\"Comment\":\"\",\"units\":[1],\"inputtype\":0,\"StatisticsType\":[],\"defaultValue\":\"\",\"tabletype\":\"每日点名统计汇报\",\"index\":98},{\"Content\":\"开发区良好\",\"secondlist\":[],\"hasSecondItems\":false,\"Name\":\"道路交通设施概况\",\"Mandated\":true,\"Deleted\":false,\"Comment\":\"\",\"units\":[1],\"inputtype\":3,\"StatisticsType\":[],\"defaultValue\":\"开发区良好\",\"tabletype\":\"每日点名统计汇报\",\"index\":97},{\"Content\":\"开发区\",\"secondlist\":[],\"hasSecondItems\":false,\"Name\":\"指挥调度概况\",\"Mandated\":false,\"Deleted\":false,\"Comment\":\"\",\"units\":[1],\"inputtype\":3,\"StatisticsType\":[],\"defaultValue\":\"开发区\",\"tabletype\":\"每日点名统计汇报\",\"index\":96},{\"Content\":\"无开发区无\",\"secondlist\":[],\"hasSecondItems\":false,\"Name\":\"市区路网交通运行评价\",\"Mandated\":false,\"Deleted\":false,\"Comment\":\"\",\"units\":[1],\"inputtype\":3,\"StatisticsType\":[],\"defaultValue\":\"无开发区无\",\"tabletype\":\"每日点名统计汇报\",\"index\":95},{\"Content\":\"无KFQ\",\"secondlist\":[],\"hasSecondItems\":false,\"Name\":\"审核人\",\"Mandated\":true,\"Deleted\":false,\"Comment\":\"\",\"units\":[1],\"inputtype\":3,\"StatisticsType\":[],\"defaultValue\":\"无KFQ\",\"tabletype\":\"每日点名统计汇报\",\"index\":92},{\"Content\":\"\",\"secondlist\":[{\"data\":\"1245\",\"secondtype\":1,\"name\":\"辖区天气\",\"StatisticsType\":[],\"units\":[1],\"Mandated\":false,\"defaultValue\":\"1245\",\"index\":0},{\"data\":\"1\",\"secondtype\":1,\"name\":\"最高气温\",\"StatisticsType\":[],\"units\":[1],\"Mandated\":false,\"defaultValue\":\"1\",\"index\":0},{\"data\":\"2\",\"secondtype\":1,\"name\":\"最低气温\",\"StatisticsType\":[],\"units\":[1],\"Mandated\":false,\"defaultValue\":\"2\",\"index\":0},{\"data\":\"45\",\"secondtype\":1,\"name\":\"预警事件\",\"StatisticsType\":[],\"units\":[1],\"Mandated\":false,\"defaultValue\":\"45\",\"index\":0}],\"hasSecondItems\":true,\"Name\":\"交通事件统计\",\"Mandated\":false,\"Deleted\":false,\"Comment\":\"\",\"units\":[1],\"inputtype\":0,\"StatisticsType\":[],\"defaultValue\":\"\",\"tabletype\":\"每日点名统计汇报\",\"index\":94},{\"Content\":\"KFQ\",\"secondlist\":[],\"hasSecondItems\":false,\"Name\":\"工作动态\",\"Mandated\":true,\"Deleted\":false,\"Comment\":\"\",\"units\":[1],\"inputtype\":3,\"StatisticsType\":[],\"defaultValue\":\"KFQ\",\"tabletype\":\"每日点名统计汇报\",\"index\":94},{\"Content\":\"\",\"secondlist\":[{\"data\":\"9\",\"secondtype\":1,\"name\":\"出警次数\",\"StatisticsType\":[1,4,5],\"units\":[1],\"Mandated\":true,\"defaultValue\":\"9\",\"index\":0},{\"data\":\"8\",\"secondtype\":1,\"name\":\"警车数\",\"StatisticsType\":[1,4,5],\"units\":[1],\"Mandated\":true,\"defaultValue\":\"8\",\"index\":0},{\"data\":\"54\",\"secondtype\":1,\"name\":\"现场执法\",\"StatisticsType\":[1,4,5],\"units\":[1],\"Mandated\":true,\"defaultValue\":\"54\",\"index\":0}],\"hasSecondItems\":true,\"Name\":\"勤务动态\",\"Mandated\":false,\"Deleted\":false,\"Comment\":\"此处填写警务动态\",\"units\":[1],\"inputtype\":0,\"StatisticsType\":[],\"defaultValue\":\"\",\"tabletype\":\"每日点名统计汇报\",\"index\":99},{\"Content\":\"无KFQ\",\"secondlist\":[],\"hasSecondItems\":false,\"Name\":\"撰写人\",\"Mandated\":true,\"Deleted\":false,\"Comment\":\"\",\"units\":[1],\"inputtype\":3,\"StatisticsType\":[],\"defaultValue\":\"无KFQ\",\"tabletype\":\"每日点名统计汇报\",\"index\":93}],\"draft\":0}',4,'2017-11-18 08:44:01','',2,NULL,'2017-11-18 08:44:01','每日点名统计汇报'),('2017-11-18','laiyang','{\"date\":\"2017-11-18\",\"reportname\":\"每日交管动态汇报\",\"datalist\":[{\"Content\":\"\",\"secondlist\":[{\"data\":\"9\",\"secondtype\":1,\"name\":\"出警次数\",\"StatisticsType\":[1,4,5],\"units\":[1],\"Mandated\":true,\"defaultValue\":\"9\",\"index\":0},{\"data\":\"8\",\"secondtype\":1,\"name\":\"警车数\",\"StatisticsType\":[1,4,5],\"units\":[1],\"Mandated\":true,\"defaultValue\":\"8\",\"index\":0},{\"data\":\"7\",\"secondtype\":1,\"name\":\"现场执法数\",\"StatisticsType\":[1,4,5],\"units\":[1],\"Mandated\":true,\"defaultValue\":\"7\",\"index\":0}],\"hasSecondItems\":true,\"Name\":\"勤务动态\",\"Mandated\":false,\"Deleted\":false,\"Comment\":\"\",\"units\":[1],\"inputtype\":1,\"StatisticsType\":[1],\"defaultValue\":\"\",\"tabletype\":\"每日交管动态汇报\",\"index\":99},{\"Content\":\"莱阳良好\",\"secondlist\":[],\"hasSecondItems\":false,\"Name\":\"市区路网交通运行评价\",\"Mandated\":false,\"Deleted\":false,\"Comment\":\"\",\"units\":[1],\"inputtype\":3,\"StatisticsType\":[],\"defaultValue\":\"莱阳良好\",\"tabletype\":\"每日交管动态汇报\",\"index\":96},{\"Content\":\"\",\"secondlist\":[{\"data\":\"6\",\"secondtype\":1,\"name\":\"交通事故数\",\"StatisticsType\":[1,4,5],\"units\":[1],\"Mandated\":true,\"defaultValue\":\"6\",\"index\":0},{\"data\":\"5\",\"secondtype\":1,\"name\":\"受伤事故数\",\"StatisticsType\":[1,4,5],\"units\":[1],\"Mandated\":true,\"defaultValue\":\"5\",\"index\":0},{\"data\":\"4\",\"secondtype\":1,\"name\":\"受伤人数\",\"StatisticsType\":[1,4,5],\"units\":[1],\"Mandated\":true,\"defaultValue\":\"4\",\"index\":0},{\"data\":\"3\",\"secondtype\":1,\"name\":\"死亡事故数\",\"StatisticsType\":[1,4,5],\"units\":[1],\"Mandated\":true,\"defaultValue\":\"3\",\"index\":0},{\"data\":\"2\",\"secondtype\":1,\"name\":\"死亡人数\",\"StatisticsType\":[1,4,5],\"units\":[1],\"Mandated\":true,\"defaultValue\":\"2\",\"index\":0}],\"hasSecondItems\":true,\"Name\":\"交通事故概况\",\"Mandated\":false,\"Deleted\":false,\"Comment\":\"\",\"units\":[1],\"inputtype\":1,\"StatisticsType\":[1],\"defaultValue\":\"\",\"tabletype\":\"每日交管动态汇报\",\"index\":98},{\"Content\":\"LY\",\"secondlist\":[],\"hasSecondItems\":false,\"Name\":\"审核人\",\"Mandated\":true,\"Deleted\":false,\"Comment\":\"\",\"units\":[1],\"inputtype\":2,\"StatisticsType\":[],\"defaultValue\":\"LY\",\"tabletype\":\"每日交管动态汇报\",\"index\":93},{\"Content\":\"LY\",\"secondlist\":[],\"hasSecondItems\":false,\"Name\":\"撰写人\",\"Mandated\":true,\"Deleted\":false,\"Comment\":\"\",\"units\":[1],\"inputtype\":2,\"StatisticsType\":[],\"defaultValue\":\"LY\",\"tabletype\":\"每日交管动态汇报\",\"index\":93},{\"Content\":\"\",\"secondlist\":[{\"data\":\"7\",\"secondtype\":1,\"name\":\"辖区天气\",\"StatisticsType\":[],\"units\":[1],\"Mandated\":false,\"defaultValue\":\"7\",\"index\":0},{\"data\":\"12\",\"secondtype\":1,\"name\":\"最高气温\",\"StatisticsType\":[],\"units\":[1],\"Mandated\":false,\"defaultValue\":\"12\",\"index\":0},{\"data\":\"1\",\"secondtype\":1,\"name\":\"最低气温\",\"StatisticsType\":[],\"units\":[1],\"Mandated\":false,\"defaultValue\":\"1\",\"index\":0},{\"data\":\"11\",\"secondtype\":1,\"name\":\"预警事件\",\"StatisticsType\":[],\"units\":[1],\"Mandated\":false,\"defaultValue\":\"11\",\"index\":0}],\"hasSecondItems\":true,\"Name\":\"交通事件统计\",\"Mandated\":false,\"Deleted\":false,\"Comment\":\"\",\"units\":[1],\"inputtype\":0,\"StatisticsType\":[],\"defaultValue\":\"\",\"tabletype\":\"每日交管动态汇报\",\"index\":95},{\"Content\":\"莱阳\",\"secondlist\":[],\"hasSecondItems\":false,\"Name\":\"工作动态\",\"Mandated\":true,\"Deleted\":false,\"Comment\":\"\",\"units\":[1],\"inputtype\":3,\"StatisticsType\":[4],\"defaultValue\":\"莱阳\",\"tabletype\":\"每日交管动态汇报\",\"index\":94},{\"Content\":\"无莱阳\",\"secondlist\":[],\"hasSecondItems\":false,\"Name\":\"指挥调度概况\",\"Mandated\":false,\"Deleted\":false,\"Comment\":\"\",\"units\":[1],\"inputtype\":3,\"StatisticsType\":[4],\"defaultValue\":\"无莱阳\",\"tabletype\":\"每日交管动态汇报\",\"index\":96}],\"draft\":0}',3,'2017-11-18 08:38:12',NULL,0,NULL,'2017-11-18 08:38:12','每日交管动态汇报'),('2017-11-18','laiyang','{\"date\":\"2017-11-18\",\"reportname\":\"每日点名统计汇报\",\"datalist\":[{\"Content\":\"\",\"secondlist\":[],\"hasSecondItems\":false,\"Name\":\"汇报日期\",\"Mandated\":false,\"Deleted\":false,\"Comment\":\"\",\"units\":[1],\"inputtype\":4,\"StatisticsType\":[],\"defaultValue\":\"\",\"tabletype\":\"每日点名统计汇报\",\"index\":91},{\"Content\":\"\",\"secondlist\":[{\"data\":\"1\",\"secondtype\":1,\"name\":\"交通事故数\",\"StatisticsType\":[1,4,5],\"units\":[1],\"Mandated\":true,\"defaultValue\":\"1\",\"index\":0},{\"data\":\"1\",\"secondtype\":1,\"name\":\"受伤事故数\",\"StatisticsType\":[1,4,5],\"units\":[1],\"Mandated\":true,\"defaultValue\":\"1\",\"index\":0},{\"data\":\"1\",\"secondtype\":1,\"name\":\"受伤人数\",\"StatisticsType\":[1,4,5],\"units\":[1],\"Mandated\":true,\"defaultValue\":\"1\",\"index\":0},{\"data\":\"1\",\"secondtype\":1,\"name\":\"死亡事故数\",\"StatisticsType\":[1,4,5],\"units\":[1],\"Mandated\":true,\"defaultValue\":\"1\",\"index\":0},{\"data\":\"1\",\"secondtype\":1,\"name\":\"死亡人数\",\"StatisticsType\":[1,4,5],\"units\":[1],\"Mandated\":true,\"defaultValue\":\"1\",\"index\":0}],\"hasSecondItems\":true,\"Name\":\"交通事故概况\",\"Mandated\":false,\"Deleted\":false,\"Comment\":\"\",\"units\":[1],\"inputtype\":0,\"StatisticsType\":[],\"defaultValue\":\"\",\"tabletype\":\"每日点名统计汇报\",\"index\":98},{\"Content\":\"无1\",\"secondlist\":[],\"hasSecondItems\":false,\"Name\":\"道路交通设施概况\",\"Mandated\":true,\"Deleted\":false,\"Comment\":\"\",\"units\":[1],\"inputtype\":3,\"StatisticsType\":[],\"defaultValue\":\"无1\",\"tabletype\":\"每日点名统计汇报\",\"index\":97},{\"Content\":\"无1\",\"secondlist\":[],\"hasSecondItems\":false,\"Name\":\"指挥调度概况\",\"Mandated\":false,\"Deleted\":false,\"Comment\":\"\",\"units\":[1],\"inputtype\":3,\"StatisticsType\":[],\"defaultValue\":\"无1\",\"tabletype\":\"每日点名统计汇报\",\"index\":96},{\"Content\":\"无1\",\"secondlist\":[],\"hasSecondItems\":false,\"Name\":\"市区路网交通运行评价\",\"Mandated\":false,\"Deleted\":false,\"Comment\":\"\",\"units\":[1],\"inputtype\":3,\"StatisticsType\":[],\"defaultValue\":\"无1\",\"tabletype\":\"每日点名统计汇报\",\"index\":95},{\"Content\":\"无\",\"secondlist\":[],\"hasSecondItems\":false,\"Name\":\"审核人\",\"Mandated\":true,\"Deleted\":false,\"Comment\":\"\",\"units\":[1],\"inputtype\":3,\"StatisticsType\":[],\"defaultValue\":\"无\",\"tabletype\":\"每日点名统计汇报\",\"index\":92},{\"Content\":\"\",\"secondlist\":[{\"data\":\"1\",\"secondtype\":1,\"name\":\"辖区天气\",\"StatisticsType\":[],\"units\":[1],\"Mandated\":false,\"defaultValue\":\"1\",\"index\":0},{\"data\":\"1\",\"secondtype\":1,\"name\":\"最高气温\",\"StatisticsType\":[],\"units\":[1],\"Mandated\":false,\"defaultValue\":\"1\",\"index\":0},{\"data\":\"1\",\"secondtype\":1,\"name\":\"最低气温\",\"StatisticsType\":[],\"units\":[1],\"Mandated\":false,\"defaultValue\":\"1\",\"index\":0},{\"data\":\"1\",\"secondtype\":1,\"name\":\"预警事件\",\"StatisticsType\":[],\"units\":[1],\"Mandated\":false,\"defaultValue\":\"1\",\"index\":0}],\"hasSecondItems\":true,\"Name\":\"交通事件统计\",\"Mandated\":false,\"Deleted\":false,\"Comment\":\"\",\"units\":[1],\"inputtype\":0,\"StatisticsType\":[],\"defaultValue\":\"\",\"tabletype\":\"每日点名统计汇报\",\"index\":94},{\"Content\":\"无1\",\"secondlist\":[],\"hasSecondItems\":false,\"Name\":\"工作动态\",\"Mandated\":true,\"Deleted\":false,\"Comment\":\"\",\"units\":[1],\"inputtype\":3,\"StatisticsType\":[],\"defaultValue\":\"无1\",\"tabletype\":\"每日点名统计汇报\",\"index\":94},{\"Content\":\"\",\"secondlist\":[{\"data\":\"1\",\"secondtype\":1,\"name\":\"出警次数\",\"StatisticsType\":[1,4,5],\"units\":[1],\"Mandated\":true,\"defaultValue\":\"1\",\"index\":0},{\"data\":\"1\",\"secondtype\":1,\"name\":\"警车数\",\"StatisticsType\":[1,4,5],\"units\":[1],\"Mandated\":true,\"defaultValue\":\"1\",\"index\":0},{\"data\":\"1\",\"secondtype\":1,\"name\":\"现场执法\",\"StatisticsType\":[1,4,5],\"units\":[1],\"Mandated\":true,\"defaultValue\":\"1\",\"index\":0}],\"hasSecondItems\":true,\"Name\":\"勤务动态\",\"Mandated\":false,\"Deleted\":false,\"Comment\":\"此处填写警务动态\",\"units\":[1],\"inputtype\":0,\"StatisticsType\":[],\"defaultValue\":\"\",\"tabletype\":\"每日点名统计汇报\",\"index\":99},{\"Content\":\"无\",\"secondlist\":[],\"hasSecondItems\":false,\"Name\":\"撰写人\",\"Mandated\":true,\"Deleted\":false,\"Comment\":\"\",\"units\":[1],\"inputtype\":3,\"StatisticsType\":[],\"defaultValue\":\"无\",\"tabletype\":\"每日点名统计汇报\",\"index\":93}],\"draft\":0}',4,'2017-11-18 09:13:20','',5,NULL,'2017-11-18 09:13:20','每日点名统计汇报'),('2017-11-18','laizhou','',4,'2017-11-18 09:15:19','',5,NULL,'2222-02-02 00:00:00','每日点名统计汇报'),('2017-11-18','longkou','{\"date\":\"2017-11-18\",\"reportname\":\"每日交管动态汇报\",\"datalist\":[{\"Content\":\"\",\"secondlist\":[{\"data\":\"6\",\"secondtype\":1,\"name\":\"出警次数\",\"StatisticsType\":[1,4,5],\"units\":[1],\"Mandated\":true,\"defaultValue\":\"6\",\"index\":0},{\"data\":\"8\",\"secondtype\":1,\"name\":\"警车数\",\"StatisticsType\":[1,4,5],\"units\":[1],\"Mandated\":true,\"defaultValue\":\"8\",\"index\":0},{\"data\":\"4\",\"secondtype\":1,\"name\":\"现场执法数\",\"StatisticsType\":[1,4,5],\"units\":[1],\"Mandated\":true,\"defaultValue\":\"4\",\"index\":0}],\"hasSecondItems\":true,\"Name\":\"勤务动态\",\"Mandated\":false,\"Deleted\":false,\"Comment\":\"\",\"units\":[1],\"inputtype\":1,\"StatisticsType\":[1],\"defaultValue\":\"\",\"tabletype\":\"每日交管动态汇报\",\"index\":99},{\"Content\":\"龙口堵\",\"secondlist\":[],\"hasSecondItems\":false,\"Name\":\"市区路网交通运行评价\",\"Mandated\":false,\"Deleted\":false,\"Comment\":\"\",\"units\":[1],\"inputtype\":3,\"StatisticsType\":[],\"defaultValue\":\"龙口堵\",\"tabletype\":\"每日交管动态汇报\",\"index\":96},{\"Content\":\"\",\"secondlist\":[{\"data\":\"4\",\"secondtype\":1,\"name\":\"交通事故数\",\"StatisticsType\":[1,4,5],\"units\":[1],\"Mandated\":true,\"defaultValue\":\"4\",\"index\":0},{\"data\":\"4\",\"secondtype\":1,\"name\":\"受伤事故数\",\"StatisticsType\":[1,4,5],\"units\":[1],\"Mandated\":true,\"defaultValue\":\"4\",\"index\":0},{\"data\":\"4\",\"secondtype\":1,\"name\":\"受伤人数\",\"StatisticsType\":[1,4,5],\"units\":[1],\"Mandated\":true,\"defaultValue\":\"4\",\"index\":0},{\"data\":\"4\",\"secondtype\":1,\"name\":\"死亡事故数\",\"StatisticsType\":[1,4,5],\"units\":[1],\"Mandated\":true,\"defaultValue\":\"4\",\"index\":0},{\"data\":\"4\",\"secondtype\":1,\"name\":\"死亡人数\",\"StatisticsType\":[1,4,5],\"units\":[1],\"Mandated\":true,\"defaultValue\":\"4\",\"index\":0}],\"hasSecondItems\":true,\"Name\":\"交通事故概况\",\"Mandated\":false,\"Deleted\":false,\"Comment\":\"\",\"units\":[1],\"inputtype\":1,\"StatisticsType\":[1],\"defaultValue\":\"\",\"tabletype\":\"每日交管动态汇报\",\"index\":98},{\"Content\":\"LK\",\"secondlist\":[],\"hasSecondItems\":false,\"Name\":\"审核人\",\"Mandated\":true,\"Deleted\":false,\"Comment\":\"\",\"units\":[1],\"inputtype\":2,\"StatisticsType\":[],\"defaultValue\":\"LK\",\"tabletype\":\"每日交管动态汇报\",\"index\":93},{\"Content\":\"LK\",\"secondlist\":[],\"hasSecondItems\":false,\"Name\":\"撰写人\",\"Mandated\":true,\"Deleted\":false,\"Comment\":\"\",\"units\":[1],\"inputtype\":2,\"StatisticsType\":[],\"defaultValue\":\"LK\",\"tabletype\":\"每日交管动态汇报\",\"index\":93},{\"Content\":\"\",\"secondlist\":[{\"data\":\"4\",\"secondtype\":1,\"name\":\"辖区天气\",\"StatisticsType\":[],\"units\":[1],\"Mandated\":false,\"defaultValue\":\"4\",\"index\":0},{\"data\":\"4\",\"secondtype\":1,\"name\":\"最高气温\",\"StatisticsType\":[],\"units\":[1],\"Mandated\":false,\"defaultValue\":\"4\",\"index\":0},{\"data\":\"4\",\"secondtype\":1,\"name\":\"最低气温\",\"StatisticsType\":[],\"units\":[1],\"Mandated\":false,\"defaultValue\":\"4\",\"index\":0},{\"data\":\"4\",\"secondtype\":1,\"name\":\"预警事件\",\"StatisticsType\":[],\"units\":[1],\"Mandated\":false,\"defaultValue\":\"4\",\"index\":0}],\"hasSecondItems\":true,\"Name\":\"交通事件统计\",\"Mandated\":false,\"Deleted\":false,\"Comment\":\"\",\"units\":[1],\"inputtype\":0,\"StatisticsType\":[],\"defaultValue\":\"\",\"tabletype\":\"每日交管动态汇报\",\"index\":95},{\"Content\":\"LK\",\"secondlist\":[],\"hasSecondItems\":false,\"Name\":\"工作动态\",\"Mandated\":true,\"Deleted\":false,\"Comment\":\"\",\"units\":[1],\"inputtype\":3,\"StatisticsType\":[4],\"defaultValue\":\"LK\",\"tabletype\":\"每日交管动态汇报\",\"index\":94},{\"Content\":\"龙无\",\"secondlist\":[],\"hasSecondItems\":false,\"Name\":\"指挥调度概况\",\"Mandated\":false,\"Deleted\":false,\"Comment\":\"\",\"units\":[1],\"inputtype\":3,\"StatisticsType\":[4],\"defaultValue\":\"龙无\",\"tabletype\":\"每日交管动态汇报\",\"index\":96}],\"draft\":0}',3,'2017-11-18 08:42:35',NULL,0,NULL,'2017-11-18 08:42:35','每日交管动态汇报'),('2017-11-18','longkou','{\"date\":\"2017-11-18\",\"reportname\":\"每日点名统计汇报\",\"datalist\":[{\"Content\":\"\",\"secondlist\":[],\"hasSecondItems\":false,\"Name\":\"汇报日期\",\"Mandated\":false,\"Deleted\":false,\"Comment\":\"\",\"units\":[1],\"inputtype\":4,\"StatisticsType\":[],\"defaultValue\":\"\",\"tabletype\":\"每日点名统计汇报\",\"index\":91},{\"Content\":\"\",\"secondlist\":[{\"data\":\"1\",\"secondtype\":1,\"name\":\"交通事故数\",\"StatisticsType\":[1,4,5],\"units\":[1],\"Mandated\":true,\"defaultValue\":\"1\",\"index\":0},{\"data\":\"1\",\"secondtype\":1,\"name\":\"受伤事故数\",\"StatisticsType\":[1,4,5],\"units\":[1],\"Mandated\":true,\"defaultValue\":\"1\",\"index\":0},{\"data\":\"1\",\"secondtype\":1,\"name\":\"受伤人数\",\"StatisticsType\":[1,4,5],\"units\":[1],\"Mandated\":true,\"defaultValue\":\"1\",\"index\":0},{\"data\":\"1\",\"secondtype\":1,\"name\":\"死亡事故数\",\"StatisticsType\":[1,4,5],\"units\":[1],\"Mandated\":true,\"defaultValue\":\"1\",\"index\":0},{\"data\":\"1\",\"secondtype\":1,\"name\":\"死亡人数\",\"StatisticsType\":[1,4,5],\"units\":[1],\"Mandated\":true,\"defaultValue\":\"1\",\"index\":0}],\"hasSecondItems\":true,\"Name\":\"交通事故概况\",\"Mandated\":false,\"Deleted\":false,\"Comment\":\"\",\"units\":[1],\"inputtype\":0,\"StatisticsType\":[],\"defaultValue\":\"\",\"tabletype\":\"每日点名统计汇报\",\"index\":98},{\"Content\":\"无\",\"secondlist\":[],\"hasSecondItems\":false,\"Name\":\"道路交通设施概况\",\"Mandated\":true,\"Deleted\":false,\"Comment\":\"\",\"units\":[1],\"inputtype\":3,\"StatisticsType\":[],\"defaultValue\":\"无\",\"tabletype\":\"每日点名统计汇报\",\"index\":97},{\"Content\":\"无\",\"secondlist\":[],\"hasSecondItems\":false,\"Name\":\"指挥调度概况\",\"Mandated\":false,\"Deleted\":false,\"Comment\":\"\",\"units\":[1],\"inputtype\":3,\"StatisticsType\":[],\"defaultValue\":\"无\",\"tabletype\":\"每日点名统计汇报\",\"index\":96},{\"Content\":\"无\",\"secondlist\":[],\"hasSecondItems\":false,\"Name\":\"市区路网交通运行评价\",\"Mandated\":false,\"Deleted\":false,\"Comment\":\"\",\"units\":[1],\"inputtype\":3,\"StatisticsType\":[],\"defaultValue\":\"无\",\"tabletype\":\"每日点名统计汇报\",\"index\":95},{\"Content\":\"无\",\"secondlist\":[],\"hasSecondItems\":false,\"Name\":\"审核人\",\"Mandated\":true,\"Deleted\":false,\"Comment\":\"\",\"units\":[1],\"inputtype\":3,\"StatisticsType\":[],\"defaultValue\":\"无\",\"tabletype\":\"每日点名统计汇报\",\"index\":92},{\"Content\":\"\",\"secondlist\":[{\"data\":\"1\",\"secondtype\":1,\"name\":\"辖区天气\",\"StatisticsType\":[],\"units\":[1],\"Mandated\":false,\"defaultValue\":\"1\",\"index\":0},{\"data\":\"1\",\"secondtype\":1,\"name\":\"最高气温\",\"StatisticsType\":[],\"units\":[1],\"Mandated\":false,\"defaultValue\":\"1\",\"index\":0},{\"data\":\"1\",\"secondtype\":1,\"name\":\"最低气温\",\"StatisticsType\":[],\"units\":[1],\"Mandated\":false,\"defaultValue\":\"1\",\"index\":0},{\"data\":\"1\",\"secondtype\":1,\"name\":\"预警事件\",\"StatisticsType\":[],\"units\":[1],\"Mandated\":false,\"defaultValue\":\"1\",\"index\":0}],\"hasSecondItems\":true,\"Name\":\"交通事件统计\",\"Mandated\":false,\"Deleted\":false,\"Comment\":\"\",\"units\":[1],\"inputtype\":0,\"StatisticsType\":[],\"defaultValue\":\"\",\"tabletype\":\"每日点名统计汇报\",\"index\":94},{\"Content\":\"无\",\"secondlist\":[],\"hasSecondItems\":false,\"Name\":\"工作动态\",\"Mandated\":true,\"Deleted\":false,\"Comment\":\"\",\"units\":[1],\"inputtype\":3,\"StatisticsType\":[],\"defaultValue\":\"无\",\"tabletype\":\"每日点名统计汇报\",\"index\":94},{\"Content\":\"\",\"secondlist\":[{\"data\":\"1\",\"secondtype\":1,\"name\":\"出警次数\",\"StatisticsType\":[1,4,5],\"units\":[1],\"Mandated\":true,\"defaultValue\":\"1\",\"index\":0},{\"data\":\"1\",\"secondtype\":1,\"name\":\"警车数\",\"StatisticsType\":[1,4,5],\"units\":[1],\"Mandated\":true,\"defaultValue\":\"1\",\"index\":0},{\"data\":\"1\",\"secondtype\":1,\"name\":\"现场执法\",\"StatisticsType\":[1,4,5],\"units\":[1],\"Mandated\":true,\"defaultValue\":\"1\",\"index\":0}],\"hasSecondItems\":true,\"Name\":\"勤务动态\",\"Mandated\":false,\"Deleted\":false,\"Comment\":\"此处填写警务动态\",\"units\":[1],\"inputtype\":0,\"StatisticsType\":[],\"defaultValue\":\"\",\"tabletype\":\"每日点名统计汇报\",\"index\":99},{\"Content\":\"无\",\"secondlist\":[],\"hasSecondItems\":false,\"Name\":\"撰写人\",\"Mandated\":true,\"Deleted\":false,\"Comment\":\"\",\"units\":[1],\"inputtype\":3,\"StatisticsType\":[],\"defaultValue\":\"无\",\"tabletype\":\"每日点名统计汇报\",\"index\":93}],\"draft\":0}',4,'2017-11-18 09:12:48','',2,NULL,'2017-11-18 09:12:48','每日点名统计汇报'),('2017-11-18','muping','{\"date\":\"2017-11-18\",\"reportname\":\"每日交管动态汇报\",\"datalist\":[{\"Content\":\"\",\"secondlist\":[{\"data\":\"6\",\"secondtype\":1,\"name\":\"出警次数\",\"StatisticsType\":[1,4,5],\"units\":[1],\"Mandated\":true,\"defaultValue\":\"6\",\"index\":0},{\"data\":\"4\",\"secondtype\":1,\"name\":\"警车数\",\"StatisticsType\":[1,4,5],\"units\":[1],\"Mandated\":true,\"defaultValue\":\"4\",\"index\":0},{\"data\":\"2\",\"secondtype\":1,\"name\":\"现场执法数\",\"StatisticsType\":[1,4,5],\"units\":[1],\"Mandated\":true,\"defaultValue\":\"2\",\"index\":0}],\"hasSecondItems\":true,\"Name\":\"勤务动态\",\"Mandated\":false,\"Deleted\":false,\"Comment\":\"\",\"units\":[1],\"inputtype\":1,\"StatisticsType\":[1],\"defaultValue\":\"\",\"tabletype\":\"每日交管动态汇报\",\"index\":99},{\"Content\":\"牟平良哈\",\"secondlist\":[],\"hasSecondItems\":false,\"Name\":\"市区路网交通运行评价\",\"Mandated\":false,\"Deleted\":false,\"Comment\":\"\",\"units\":[1],\"inputtype\":3,\"StatisticsType\":[4],\"defaultValue\":\"牟平良哈\",\"tabletype\":\"每日交管动态汇报\",\"index\":96},{\"Content\":\"\",\"secondlist\":[{\"data\":\"2\",\"secondtype\":1,\"name\":\"交通事故数\",\"StatisticsType\":[1,4,5],\"units\":[1],\"Mandated\":true,\"defaultValue\":\"2\",\"index\":0},{\"data\":\"2\",\"secondtype\":1,\"name\":\"受伤事故数\",\"StatisticsType\":[1,4,5],\"units\":[1],\"Mandated\":true,\"defaultValue\":\"2\",\"index\":0},{\"data\":\"2\",\"secondtype\":1,\"name\":\"受伤人数\",\"StatisticsType\":[1,4,5],\"units\":[1],\"Mandated\":true,\"defaultValue\":\"2\",\"index\":0},{\"data\":\"2\",\"secondtype\":1,\"name\":\"死亡事故数\",\"StatisticsType\":[1,4,5],\"units\":[1],\"Mandated\":true,\"defaultValue\":\"2\",\"index\":0},{\"data\":\"2\",\"secondtype\":1,\"name\":\"死亡人数\",\"StatisticsType\":[1,4,5],\"units\":[1],\"Mandated\":true,\"defaultValue\":\"2\",\"index\":0}],\"hasSecondItems\":true,\"Name\":\"交通事故概况\",\"Mandated\":false,\"Deleted\":false,\"Comment\":\"\",\"units\":[1],\"inputtype\":1,\"StatisticsType\":[1],\"defaultValue\":\"\",\"tabletype\":\"每日交管动态汇报\",\"index\":98},{\"Content\":\"牟平\",\"secondlist\":[],\"hasSecondItems\":false,\"Name\":\"审核人\",\"Mandated\":true,\"Deleted\":false,\"Comment\":\"\",\"units\":[1],\"inputtype\":2,\"StatisticsType\":[3],\"defaultValue\":\"牟平\",\"tabletype\":\"每日交管动态汇报\",\"index\":93},{\"Content\":\"牟平\",\"secondlist\":[],\"hasSecondItems\":false,\"Name\":\"撰写人\",\"Mandated\":true,\"Deleted\":false,\"Comment\":\"\",\"units\":[1],\"inputtype\":2,\"StatisticsType\":[4],\"defaultValue\":\"牟平\",\"tabletype\":\"每日交管动态汇报\",\"index\":93},{\"Content\":\"\",\"secondlist\":[{\"data\":\"15\",\"secondtype\":2,\"name\":\"辖区天气\",\"StatisticsType\":[],\"units\":[1],\"Mandated\":false,\"defaultValue\":\"15\",\"index\":0},{\"data\":\"44\",\"secondtype\":1,\"name\":\"最高气温\",\"StatisticsType\":[],\"units\":[1],\"Mandated\":false,\"defaultValue\":\"44\",\"index\":0},{\"data\":\"12\",\"secondtype\":1,\"name\":\"最低气温\",\"StatisticsType\":[],\"units\":[1],\"Mandated\":false,\"defaultValue\":\"12\",\"index\":0},{\"data\":\"1\",\"secondtype\":2,\"name\":\"预警事件\",\"StatisticsType\":[],\"units\":[1],\"Mandated\":false,\"defaultValue\":\"1\",\"index\":0}],\"hasSecondItems\":true,\"Name\":\"交通事件统计\",\"Mandated\":false,\"Deleted\":false,\"Comment\":\"\",\"units\":[1],\"inputtype\":0,\"StatisticsType\":[],\"defaultValue\":\"\",\"tabletype\":\"每日交管动态汇报\",\"index\":95},{\"Content\":\"牟平工作\",\"secondlist\":[],\"hasSecondItems\":false,\"Name\":\"工作动态\",\"Mandated\":true,\"Deleted\":false,\"Comment\":\"\",\"units\":[1],\"inputtype\":3,\"StatisticsType\":[4],\"defaultValue\":\"牟平工作\",\"tabletype\":\"每日交管动态汇报\",\"index\":94},{\"Content\":\"牟平无\",\"secondlist\":[],\"hasSecondItems\":false,\"Name\":\"指挥调度概况\",\"Mandated\":false,\"Deleted\":false,\"Comment\":\"\",\"units\":[1],\"inputtype\":3,\"StatisticsType\":[4],\"defaultValue\":\"牟平无\",\"tabletype\":\"每日交管动态汇报\",\"index\":96}],\"draft\":0}',3,'2017-11-18 13:22:43',NULL,0,NULL,'2017-11-18 13:22:43','每日交管动态汇报'),('2017-11-18','muping','{\"date\":\"2017-11-18\",\"reportname\":\"每日点名统计汇报\",\"datalist\":[{\"Content\":\"\",\"secondlist\":[],\"hasSecondItems\":false,\"Name\":\"汇报日期\",\"Mandated\":false,\"Deleted\":false,\"Comment\":\"\",\"units\":[1],\"inputtype\":4,\"StatisticsType\":[],\"defaultValue\":\"\",\"tabletype\":\"每日点名统计汇报\",\"index\":91},{\"Content\":\"\",\"secondlist\":[{\"data\":\"6\",\"secondtype\":1,\"name\":\"交通事故数\",\"StatisticsType\":[1,4,5],\"units\":[1],\"Mandated\":true,\"defaultValue\":\"6\",\"index\":0},{\"data\":\"3\",\"secondtype\":1,\"name\":\"受伤事故数\",\"StatisticsType\":[1,4,5],\"units\":[1],\"Mandated\":true,\"defaultValue\":\"3\",\"index\":0},{\"data\":\"3\",\"secondtype\":1,\"name\":\"受伤人数\",\"StatisticsType\":[1,4,5],\"units\":[1],\"Mandated\":true,\"defaultValue\":\"3\",\"index\":0},{\"data\":\"3\",\"secondtype\":1,\"name\":\"死亡事故数\",\"StatisticsType\":[1,4,5],\"units\":[1],\"Mandated\":true,\"defaultValue\":\"3\",\"index\":0},{\"data\":\"3\",\"secondtype\":1,\"name\":\"死亡人数\",\"StatisticsType\":[1,4,5],\"units\":[1],\"Mandated\":true,\"defaultValue\":\"3\",\"index\":0}],\"hasSecondItems\":true,\"Name\":\"交通事故概况\",\"Mandated\":false,\"Deleted\":false,\"Comment\":\"\",\"units\":[1],\"inputtype\":0,\"StatisticsType\":[],\"defaultValue\":\"\",\"tabletype\":\"每日点名统计汇报\",\"index\":98},{\"Content\":\"牟平良好\",\"secondlist\":[],\"hasSecondItems\":false,\"Name\":\"道路交通设施概况\",\"Mandated\":true,\"Deleted\":false,\"Comment\":\"\",\"units\":[1],\"inputtype\":3,\"StatisticsType\":[],\"defaultValue\":\"牟平良好\",\"tabletype\":\"每日点名统计汇报\",\"index\":97},{\"Content\":\"牟平\",\"secondlist\":[],\"hasSecondItems\":false,\"Name\":\"指挥调度概况\",\"Mandated\":false,\"Deleted\":false,\"Comment\":\"\",\"units\":[1],\"inputtype\":3,\"StatisticsType\":[],\"defaultValue\":\"牟平\",\"tabletype\":\"每日点名统计汇报\",\"index\":96},{\"Content\":\"牟平\",\"secondlist\":[],\"hasSecondItems\":false,\"Name\":\"市区路网交通运行评价\",\"Mandated\":false,\"Deleted\":false,\"Comment\":\"\",\"units\":[1],\"inputtype\":3,\"StatisticsType\":[],\"defaultValue\":\"牟平\",\"tabletype\":\"每日点名统计汇报\",\"index\":95},{\"Content\":\"MP\",\"secondlist\":[],\"hasSecondItems\":false,\"Name\":\"审核人\",\"Mandated\":true,\"Deleted\":false,\"Comment\":\"\",\"units\":[1],\"inputtype\":3,\"StatisticsType\":[],\"defaultValue\":\"MP\",\"tabletype\":\"每日点名统计汇报\",\"index\":92},{\"Content\":\"\",\"secondlist\":[{\"data\":\"2\",\"secondtype\":1,\"name\":\"辖区天气\",\"StatisticsType\":[],\"units\":[1],\"Mandated\":false,\"defaultValue\":\"2\",\"index\":0},{\"data\":\"12\",\"secondtype\":1,\"name\":\"最高气温\",\"StatisticsType\":[],\"units\":[1],\"Mandated\":false,\"defaultValue\":\"12\",\"index\":0},{\"data\":\"2\",\"secondtype\":1,\"name\":\"最低气温\",\"StatisticsType\":[],\"units\":[1],\"Mandated\":false,\"defaultValue\":\"2\",\"index\":0},{\"data\":\"2\",\"secondtype\":1,\"name\":\"预警事件\",\"StatisticsType\":[],\"units\":[1],\"Mandated\":false,\"defaultValue\":\"2\",\"index\":0}],\"hasSecondItems\":true,\"Name\":\"交通事件统计\",\"Mandated\":false,\"Deleted\":false,\"Comment\":\"\",\"units\":[1],\"inputtype\":0,\"StatisticsType\":[],\"defaultValue\":\"\",\"tabletype\":\"每日点名统计汇报\",\"index\":94},{\"Content\":\"牟平无\",\"secondlist\":[],\"hasSecondItems\":false,\"Name\":\"工作动态\",\"Mandated\":true,\"Deleted\":false,\"Comment\":\"\",\"units\":[1],\"inputtype\":3,\"StatisticsType\":[],\"defaultValue\":\"牟平无\",\"tabletype\":\"每日点名统计汇报\",\"index\":94},{\"Content\":\"\",\"secondlist\":[{\"data\":\"7\",\"secondtype\":1,\"name\":\"出警次数\",\"StatisticsType\":[1,4,5],\"units\":[1],\"Mandated\":true,\"defaultValue\":\"7\",\"index\":0},{\"data\":\"1\",\"secondtype\":1,\"name\":\"警车数\",\"StatisticsType\":[1,4,5],\"units\":[1],\"Mandated\":true,\"defaultValue\":\"1\",\"index\":0},{\"data\":\"1\",\"secondtype\":1,\"name\":\"现场执法\",\"StatisticsType\":[1,4,5],\"units\":[1],\"Mandated\":true,\"defaultValue\":\"1\",\"index\":0}],\"hasSecondItems\":true,\"Name\":\"勤务动态\",\"Mandated\":false,\"Deleted\":false,\"Comment\":\"此处填写警务动态\",\"units\":[1],\"inputtype\":0,\"StatisticsType\":[],\"defaultValue\":\"\",\"tabletype\":\"每日点名统计汇报\",\"index\":99},{\"Content\":\"MP\",\"secondlist\":[],\"hasSecondItems\":false,\"Name\":\"撰写人\",\"Mandated\":true,\"Deleted\":false,\"Comment\":\"\",\"units\":[1],\"inputtype\":3,\"StatisticsType\":[],\"defaultValue\":\"MP\",\"tabletype\":\"每日点名统计汇报\",\"index\":93}],\"draft\":0}',4,'2017-11-18 08:36:43','',2,NULL,'2017-11-18 08:36:43','每日点名统计汇报'),('2017-11-18','one','{\"date\":\"2017-11-18\",\"reportname\":\"每日交管动态汇报\",\"datalist\":[{\"Content\":\"\",\"secondlist\":[{\"data\":\"2\",\"secondtype\":1,\"name\":\"出警次数\",\"StatisticsType\":[1,4,5],\"units\":[1],\"Mandated\":true,\"defaultValue\":\"2\",\"index\":0},{\"data\":\"2\",\"secondtype\":1,\"name\":\"警车数\",\"StatisticsType\":[1,4,5],\"units\":[1],\"Mandated\":true,\"defaultValue\":\"2\",\"index\":0},{\"data\":\"2\",\"secondtype\":1,\"name\":\"现场执法数\",\"StatisticsType\":[1,4,5],\"units\":[1],\"Mandated\":true,\"defaultValue\":\"2\",\"index\":0}],\"hasSecondItems\":true,\"Name\":\"勤务动态\",\"Mandated\":false,\"Deleted\":false,\"Comment\":\"\",\"units\":[1],\"inputtype\":1,\"StatisticsType\":[1],\"defaultValue\":\"\",\"tabletype\":\"每日交管动态汇报\",\"index\":99},{\"Content\":\"一大队\",\"secondlist\":[],\"hasSecondItems\":false,\"Name\":\"道路交通设施概况\",\"Mandated\":false,\"Deleted\":false,\"Comment\":\"\",\"units\":[2,3,4,5],\"inputtype\":3,\"StatisticsType\":[4],\"defaultValue\":\"一大队\",\"tabletype\":\"每日交管动态汇报\",\"index\":97},{\"Content\":\"一大队\",\"secondlist\":[],\"hasSecondItems\":false,\"Name\":\"市区路网交通运行评价\",\"Mandated\":false,\"Deleted\":false,\"Comment\":\"\",\"units\":[1],\"inputtype\":3,\"StatisticsType\":[4],\"defaultValue\":\"一大队\",\"tabletype\":\"每日交管动态汇报\",\"index\":96},{\"Content\":\"\",\"secondlist\":[{\"data\":\"2\",\"secondtype\":1,\"name\":\"交通事故数\",\"StatisticsType\":[1,4,5],\"units\":[1],\"Mandated\":true,\"defaultValue\":\"2\",\"index\":0},{\"data\":\"2\",\"secondtype\":1,\"name\":\"受伤事故数\",\"StatisticsType\":[1,4,5],\"units\":[1],\"Mandated\":true,\"defaultValue\":\"2\",\"index\":0},{\"data\":\"2\",\"secondtype\":1,\"name\":\"受伤人数\",\"StatisticsType\":[1,4,5],\"units\":[1],\"Mandated\":true,\"defaultValue\":\"2\",\"index\":0},{\"data\":\"2\",\"secondtype\":1,\"name\":\"死亡事故数\",\"StatisticsType\":[1,4,5],\"units\":[1],\"Mandated\":true,\"defaultValue\":\"2\",\"index\":0},{\"data\":\"2\",\"secondtype\":1,\"name\":\"死亡人数\",\"StatisticsType\":[1,4,5],\"units\":[1],\"Mandated\":true,\"defaultValue\":\"2\",\"index\":0}],\"hasSecondItems\":true,\"Name\":\"交通事故概况\",\"Mandated\":false,\"Deleted\":false,\"Comment\":\"\",\"units\":[1],\"inputtype\":1,\"StatisticsType\":[1],\"defaultValue\":\"\",\"tabletype\":\"每日交管动态汇报\",\"index\":98},{\"Content\":\"一大队\",\"secondlist\":[],\"hasSecondItems\":false,\"Name\":\"审核人\",\"Mandated\":true,\"Deleted\":false,\"Comment\":\"\",\"units\":[1],\"inputtype\":2,\"StatisticsType\":[3],\"defaultValue\":\"一大队\",\"tabletype\":\"每日交管动态汇报\",\"index\":93},{\"Content\":\"一大队\",\"secondlist\":[],\"hasSecondItems\":false,\"Name\":\"撰写人\",\"Mandated\":true,\"Deleted\":false,\"Comment\":\"\",\"units\":[1],\"inputtype\":2,\"StatisticsType\":[4],\"defaultValue\":\"一大队\",\"tabletype\":\"每日交管动态汇报\",\"index\":93},{\"Content\":\"\",\"secondlist\":[{\"data\":\"8\",\"secondtype\":2,\"name\":\"辖区天气\",\"StatisticsType\":[],\"units\":[1],\"Mandated\":false,\"defaultValue\":\"8\",\"index\":0},{\"data\":\"8\",\"secondtype\":1,\"name\":\"最高气温\",\"StatisticsType\":[],\"units\":[1],\"Mandated\":false,\"defaultValue\":\"8\",\"index\":0},{\"data\":\"8\",\"secondtype\":1,\"name\":\"最低气温\",\"StatisticsType\":[],\"units\":[1],\"Mandated\":false,\"defaultValue\":\"8\",\"index\":0},{\"data\":\"8\",\"secondtype\":2,\"name\":\"预警事件\",\"StatisticsType\":[],\"units\":[1],\"Mandated\":false,\"defaultValue\":\"8\",\"index\":0}],\"hasSecondItems\":true,\"Name\":\"交通事件统计\",\"Mandated\":false,\"Deleted\":false,\"Comment\":\"\",\"units\":[1],\"inputtype\":0,\"StatisticsType\":[],\"defaultValue\":\"\",\"tabletype\":\"每日交管动态汇报\",\"index\":95},{\"Content\":\"一大队\",\"secondlist\":[],\"hasSecondItems\":false,\"Name\":\"工作动态\",\"Mandated\":true,\"Deleted\":false,\"Comment\":\"\",\"units\":[1],\"inputtype\":3,\"StatisticsType\":[4],\"defaultValue\":\"一大队\",\"tabletype\":\"每日交管动态汇报\",\"index\":94},{\"Content\":\"一大队\",\"secondlist\":[],\"hasSecondItems\":false,\"Name\":\"指挥调度概况\",\"Mandated\":false,\"Deleted\":false,\"Comment\":\"\",\"units\":[1],\"inputtype\":3,\"StatisticsType\":[4],\"defaultValue\":\"一大队\",\"tabletype\":\"每日交管动态汇报\",\"index\":96}],\"draft\":0}',3,'2017-11-18 13:33:56',NULL,0,NULL,'2017-11-18 13:33:56','每日交管动态汇报'),('2017-11-18','one','{\"date\":\"2017-11-18\",\"reportname\":\"每日点名统计汇报\",\"datalist\":[{\"Content\":\"\",\"secondlist\":[],\"hasSecondItems\":false,\"Name\":\"汇报日期\",\"Mandated\":false,\"Deleted\":false,\"Comment\":\"\",\"units\":[1],\"inputtype\":4,\"StatisticsType\":[],\"defaultValue\":\"\",\"tabletype\":\"每日点名统计汇报\",\"index\":91},{\"Content\":\"\",\"secondlist\":[{\"data\":\"1\",\"secondtype\":1,\"name\":\"交通事故数\",\"StatisticsType\":[1,4,5],\"units\":[1],\"Mandated\":true,\"defaultValue\":\"1\",\"index\":0},{\"data\":\"1\",\"secondtype\":1,\"name\":\"受伤事故数\",\"StatisticsType\":[1,4,5],\"units\":[1],\"Mandated\":true,\"defaultValue\":\"1\",\"index\":0},{\"data\":\"1\",\"secondtype\":1,\"name\":\"受伤人数\",\"StatisticsType\":[1,4,5],\"units\":[1],\"Mandated\":true,\"defaultValue\":\"1\",\"index\":0},{\"data\":\"1\",\"secondtype\":1,\"name\":\"死亡事故数\",\"StatisticsType\":[1,4,5],\"units\":[1],\"Mandated\":true,\"defaultValue\":\"1\",\"index\":0},{\"data\":\"1\",\"secondtype\":1,\"name\":\"死亡人数\",\"StatisticsType\":[1,4,5],\"units\":[1],\"Mandated\":true,\"defaultValue\":\"1\",\"index\":0}],\"hasSecondItems\":true,\"Name\":\"交通事故概况\",\"Mandated\":false,\"Deleted\":false,\"Comment\":\"\",\"units\":[1],\"inputtype\":0,\"StatisticsType\":[],\"defaultValue\":\"\",\"tabletype\":\"每日点名统计汇报\",\"index\":98},{\"Content\":\"无1\",\"secondlist\":[],\"hasSecondItems\":false,\"Name\":\"道路交通设施概况\",\"Mandated\":true,\"Deleted\":false,\"Comment\":\"\",\"units\":[1],\"inputtype\":3,\"StatisticsType\":[],\"defaultValue\":\"无1\",\"tabletype\":\"每日点名统计汇报\",\"index\":97},{\"Content\":\"无1\",\"secondlist\":[],\"hasSecondItems\":false,\"Name\":\"指挥调度概况\",\"Mandated\":false,\"Deleted\":false,\"Comment\":\"\",\"units\":[1],\"inputtype\":3,\"StatisticsType\":[],\"defaultValue\":\"无1\",\"tabletype\":\"每日点名统计汇报\",\"index\":96},{\"Content\":\"无1\",\"secondlist\":[],\"hasSecondItems\":false,\"Name\":\"市区路网交通运行评价\",\"Mandated\":false,\"Deleted\":false,\"Comment\":\"\",\"units\":[1],\"inputtype\":3,\"StatisticsType\":[],\"defaultValue\":\"无1\",\"tabletype\":\"每日点名统计汇报\",\"index\":95},{\"Content\":\"无1\",\"secondlist\":[],\"hasSecondItems\":false,\"Name\":\"审核人\",\"Mandated\":true,\"Deleted\":false,\"Comment\":\"\",\"units\":[1],\"inputtype\":3,\"StatisticsType\":[],\"defaultValue\":\"无1\",\"tabletype\":\"每日点名统计汇报\",\"index\":92},{\"Content\":\"\",\"secondlist\":[{\"data\":\"1\",\"secondtype\":1,\"name\":\"辖区天气\",\"StatisticsType\":[],\"units\":[1],\"Mandated\":false,\"defaultValue\":\"1\",\"index\":0},{\"data\":\"1\",\"secondtype\":1,\"name\":\"最高气温\",\"StatisticsType\":[],\"units\":[1],\"Mandated\":false,\"defaultValue\":\"1\",\"index\":0},{\"data\":\"1\",\"secondtype\":1,\"name\":\"最低气温\",\"StatisticsType\":[],\"units\":[1],\"Mandated\":false,\"defaultValue\":\"1\",\"index\":0},{\"data\":\"1\",\"secondtype\":1,\"name\":\"预警事件\",\"StatisticsType\":[],\"units\":[1],\"Mandated\":false,\"defaultValue\":\"1\",\"index\":0}],\"hasSecondItems\":true,\"Name\":\"交通事件统计\",\"Mandated\":false,\"Deleted\":false,\"Comment\":\"\",\"units\":[1],\"inputtype\":0,\"StatisticsType\":[],\"defaultValue\":\"\",\"tabletype\":\"每日点名统计汇报\",\"index\":94},{\"Content\":\"无1\",\"secondlist\":[],\"hasSecondItems\":false,\"Name\":\"工作动态\",\"Mandated\":true,\"Deleted\":false,\"Comment\":\"\",\"units\":[1],\"inputtype\":3,\"StatisticsType\":[],\"defaultValue\":\"无1\",\"tabletype\":\"每日点名统计汇报\",\"index\":94},{\"Content\":\"\",\"secondlist\":[{\"data\":\"1\",\"secondtype\":1,\"name\":\"出警次数\",\"StatisticsType\":[1,4,5],\"units\":[1],\"Mandated\":true,\"defaultValue\":\"1\",\"index\":0},{\"data\":\"1\",\"secondtype\":1,\"name\":\"警车数\",\"StatisticsType\":[1,4,5],\"units\":[1],\"Mandated\":true,\"defaultValue\":\"1\",\"index\":0},{\"data\":\"1\",\"secondtype\":1,\"name\":\"现场执法\",\"StatisticsType\":[1,4,5],\"units\":[1],\"Mandated\":true,\"defaultValue\":\"1\",\"index\":0}],\"hasSecondItems\":true,\"Name\":\"勤务动态\",\"Mandated\":false,\"Deleted\":false,\"Comment\":\"此处填写警务动态\",\"units\":[1],\"inputtype\":0,\"StatisticsType\":[],\"defaultValue\":\"\",\"tabletype\":\"每日点名统计汇报\",\"index\":99},{\"Content\":\"无1\",\"secondlist\":[],\"hasSecondItems\":false,\"Name\":\"撰写人\",\"Mandated\":true,\"Deleted\":false,\"Comment\":\"\",\"units\":[1],\"inputtype\":3,\"StatisticsType\":[],\"defaultValue\":\"无1\",\"tabletype\":\"每日点名统计汇报\",\"index\":93}],\"draft\":0}',4,'2017-11-18 08:45:40','',4,NULL,'2017-11-18 08:45:40','每日点名统计汇报'),('2017-11-18','penglai','{\"date\":\"2017-11-18\",\"reportname\":\"每日交管动态汇报\",\"datalist\":[{\"Content\":\"\",\"secondlist\":[{\"data\":\"8\",\"secondtype\":1,\"name\":\"出警次数\",\"StatisticsType\":[1,4,5],\"units\":[1],\"Mandated\":true,\"defaultValue\":\"8\",\"index\":0},{\"data\":\"8\",\"secondtype\":1,\"name\":\"警车数\",\"StatisticsType\":[1,4,5],\"units\":[1],\"Mandated\":true,\"defaultValue\":\"8\",\"index\":0},{\"data\":\"8\",\"secondtype\":1,\"name\":\"现场执法数\",\"StatisticsType\":[1,4,5],\"units\":[1],\"Mandated\":true,\"defaultValue\":\"8\",\"index\":0}],\"hasSecondItems\":true,\"Name\":\"勤务动态\",\"Mandated\":false,\"Deleted\":false,\"Comment\":\"\",\"units\":[1],\"inputtype\":1,\"StatisticsType\":[1],\"defaultValue\":\"\",\"tabletype\":\"每日交管动态汇报\",\"index\":99},{\"Content\":\"蓬莱良好\",\"secondlist\":[],\"hasSecondItems\":false,\"Name\":\"市区路网交通运行评价\",\"Mandated\":false,\"Deleted\":false,\"Comment\":\"\",\"units\":[1],\"inputtype\":3,\"StatisticsType\":[4],\"defaultValue\":\"蓬莱良好\",\"tabletype\":\"每日交管动态汇报\",\"index\":96},{\"Content\":\"\",\"secondlist\":[{\"data\":\"8\",\"secondtype\":1,\"name\":\"交通事故数\",\"StatisticsType\":[1,4,5],\"units\":[1],\"Mandated\":true,\"defaultValue\":\"8\",\"index\":0},{\"data\":\"8\",\"secondtype\":1,\"name\":\"受伤事故数\",\"StatisticsType\":[1,4,5],\"units\":[1],\"Mandated\":true,\"defaultValue\":\"8\",\"index\":0},{\"data\":\"8\",\"secondtype\":1,\"name\":\"受伤人数\",\"StatisticsType\":[1,4,5],\"units\":[1],\"Mandated\":true,\"defaultValue\":\"8\",\"index\":0},{\"data\":\"8\",\"secondtype\":1,\"name\":\"死亡事故数\",\"StatisticsType\":[1,4,5],\"units\":[1],\"Mandated\":true,\"defaultValue\":\"8\",\"index\":0},{\"data\":\"8\",\"secondtype\":1,\"name\":\"死亡人数\",\"StatisticsType\":[1,4,5],\"units\":[1],\"Mandated\":true,\"defaultValue\":\"8\",\"index\":0}],\"hasSecondItems\":true,\"Name\":\"交通事故概况\",\"Mandated\":false,\"Deleted\":false,\"Comment\":\"\",\"units\":[1],\"inputtype\":1,\"StatisticsType\":[1],\"defaultValue\":\"\",\"tabletype\":\"每日交管动态汇报\",\"index\":98},{\"Content\":\"蓬莱\",\"secondlist\":[],\"hasSecondItems\":false,\"Name\":\"审核人\",\"Mandated\":true,\"Deleted\":false,\"Comment\":\"\",\"units\":[1],\"inputtype\":2,\"StatisticsType\":[3],\"defaultValue\":\"蓬莱\",\"tabletype\":\"每日交管动态汇报\",\"index\":93},{\"Content\":\"蓬莱\",\"secondlist\":[],\"hasSecondItems\":false,\"Name\":\"撰写人\",\"Mandated\":true,\"Deleted\":false,\"Comment\":\"\",\"units\":[1],\"inputtype\":2,\"StatisticsType\":[4],\"defaultValue\":\"蓬莱\",\"tabletype\":\"每日交管动态汇报\",\"index\":93},{\"Content\":\"\",\"secondlist\":[{\"data\":\"2\",\"secondtype\":2,\"name\":\"辖区天气\",\"StatisticsType\":[],\"units\":[1],\"Mandated\":false,\"defaultValue\":\"2\",\"index\":0},{\"data\":\"82\",\"secondtype\":1,\"name\":\"最高气温\",\"StatisticsType\":[],\"units\":[1],\"Mandated\":false,\"defaultValue\":\"82\",\"index\":0},{\"data\":\"8\",\"secondtype\":1,\"name\":\"最低气温\",\"StatisticsType\":[],\"units\":[1],\"Mandated\":false,\"defaultValue\":\"8\",\"index\":0},{\"data\":\"8\",\"secondtype\":2,\"name\":\"预警事件\",\"StatisticsType\":[],\"units\":[1],\"Mandated\":false,\"defaultValue\":\"8\",\"index\":0}],\"hasSecondItems\":true,\"Name\":\"交通事件统计\",\"Mandated\":false,\"Deleted\":false,\"Comment\":\"\",\"units\":[1],\"inputtype\":0,\"StatisticsType\":[],\"defaultValue\":\"\",\"tabletype\":\"每日交管动态汇报\",\"index\":95},{\"Content\":\"蓬莱\",\"secondlist\":[],\"hasSecondItems\":false,\"Name\":\"工作动态\",\"Mandated\":true,\"Deleted\":false,\"Comment\":\"\",\"units\":[1],\"inputtype\":3,\"StatisticsType\":[4],\"defaultValue\":\"蓬莱\",\"tabletype\":\"每日交管动态汇报\",\"index\":94},{\"Content\":\"蓬莱\",\"secondlist\":[],\"hasSecondItems\":false,\"Name\":\"指挥调度概况\",\"Mandated\":false,\"Deleted\":false,\"Comment\":\"\",\"units\":[1],\"inputtype\":3,\"StatisticsType\":[4],\"defaultValue\":\"蓬莱\",\"tabletype\":\"每日交管动态汇报\",\"index\":96}],\"draft\":0}',3,'2017-11-18 13:25:56',NULL,0,NULL,'2017-11-18 13:28:49','每日交管动态汇报'),('2017-11-18','penglai','{\"date\":\"2017-11-18\",\"reportname\":\"每日点名统计汇报\",\"datalist\":[{\"Content\":\"\",\"secondlist\":[],\"hasSecondItems\":false,\"Name\":\"汇报日期\",\"Mandated\":false,\"Deleted\":false,\"Comment\":\"\",\"units\":[1],\"inputtype\":4,\"StatisticsType\":[],\"defaultValue\":\"\",\"tabletype\":\"每日点名统计汇报\",\"index\":91},{\"Content\":\"\",\"secondlist\":[{\"data\":\"5\",\"secondtype\":1,\"name\":\"交通事故数\",\"StatisticsType\":[1,4,5],\"units\":[1],\"Mandated\":true,\"defaultValue\":\"5\",\"index\":0},{\"data\":\"4\",\"secondtype\":1,\"name\":\"受伤事故数\",\"StatisticsType\":[1,4,5],\"units\":[1],\"Mandated\":true,\"defaultValue\":\"4\",\"index\":0},{\"data\":\"3\",\"secondtype\":1,\"name\":\"受伤人数\",\"StatisticsType\":[1,4,5],\"units\":[1],\"Mandated\":true,\"defaultValue\":\"3\",\"index\":0},{\"data\":\"2\",\"secondtype\":1,\"name\":\"死亡事故数\",\"StatisticsType\":[1,4,5],\"units\":[1],\"Mandated\":true,\"defaultValue\":\"2\",\"index\":0},{\"data\":\"1\",\"secondtype\":1,\"name\":\"死亡人数\",\"StatisticsType\":[1,4,5],\"units\":[1],\"Mandated\":true,\"defaultValue\":\"1\",\"index\":0}],\"hasSecondItems\":true,\"Name\":\"交通事故概况\",\"Mandated\":false,\"Deleted\":false,\"Comment\":\"\",\"units\":[1],\"inputtype\":0,\"StatisticsType\":[],\"defaultValue\":\"\",\"tabletype\":\"每日点名统计汇报\",\"index\":98},{\"Content\":\"蓬莱良好\",\"secondlist\":[],\"hasSecondItems\":false,\"Name\":\"道路交通设施概况\",\"Mandated\":true,\"Deleted\":false,\"Comment\":\"\",\"units\":[1],\"inputtype\":3,\"StatisticsType\":[],\"defaultValue\":\"蓬莱良好\",\"tabletype\":\"每日点名统计汇报\",\"index\":97},{\"Content\":\"蓬莱\",\"secondlist\":[],\"hasSecondItems\":false,\"Name\":\"指挥调度概况\",\"Mandated\":false,\"Deleted\":false,\"Comment\":\"\",\"units\":[1],\"inputtype\":3,\"StatisticsType\":[],\"defaultValue\":\"蓬莱\",\"tabletype\":\"每日点名统计汇报\",\"index\":96},{\"Content\":\"无蓬莱无\",\"secondlist\":[],\"hasSecondItems\":false,\"Name\":\"市区路网交通运行评价\",\"Mandated\":false,\"Deleted\":false,\"Comment\":\"\",\"units\":[1],\"inputtype\":3,\"StatisticsType\":[],\"defaultValue\":\"无蓬莱无\",\"tabletype\":\"每日点名统计汇报\",\"index\":95},{\"Content\":\"无PL\",\"secondlist\":[],\"hasSecondItems\":false,\"Name\":\"审核人\",\"Mandated\":true,\"Deleted\":false,\"Comment\":\"\",\"units\":[1],\"inputtype\":3,\"StatisticsType\":[],\"defaultValue\":\"无PL\",\"tabletype\":\"每日点名统计汇报\",\"index\":92},{\"Content\":\"\",\"secondlist\":[{\"data\":\"12\",\"secondtype\":1,\"name\":\"辖区天气\",\"StatisticsType\":[],\"units\":[1],\"Mandated\":false,\"defaultValue\":\"12\",\"index\":0},{\"data\":\"3\",\"secondtype\":1,\"name\":\"最高气温\",\"StatisticsType\":[],\"units\":[1],\"Mandated\":false,\"defaultValue\":\"3\",\"index\":0},{\"data\":\"3\",\"secondtype\":1,\"name\":\"最低气温\",\"StatisticsType\":[],\"units\":[1],\"Mandated\":false,\"defaultValue\":\"3\",\"index\":0},{\"data\":\"4\",\"secondtype\":1,\"name\":\"预警事件\",\"StatisticsType\":[],\"units\":[1],\"Mandated\":false,\"defaultValue\":\"4\",\"index\":0}],\"hasSecondItems\":true,\"Name\":\"交通事件统计\",\"Mandated\":false,\"Deleted\":false,\"Comment\":\"\",\"units\":[1],\"inputtype\":0,\"StatisticsType\":[],\"defaultValue\":\"\",\"tabletype\":\"每日点名统计汇报\",\"index\":94},{\"Content\":\"pl\",\"secondlist\":[],\"hasSecondItems\":false,\"Name\":\"工作动态\",\"Mandated\":true,\"Deleted\":false,\"Comment\":\"\",\"units\":[1],\"inputtype\":3,\"StatisticsType\":[],\"defaultValue\":\"pl\",\"tabletype\":\"每日点名统计汇报\",\"index\":94},{\"Content\":\"\",\"secondlist\":[{\"data\":\"8\",\"secondtype\":1,\"name\":\"出警次数\",\"StatisticsType\":[1,4,5],\"units\":[1],\"Mandated\":true,\"defaultValue\":\"8\",\"index\":0},{\"data\":\"7\",\"secondtype\":1,\"name\":\"警车数\",\"StatisticsType\":[1,4,5],\"units\":[1],\"Mandated\":true,\"defaultValue\":\"7\",\"index\":0},{\"data\":\"6\",\"secondtype\":1,\"name\":\"现场执法\",\"StatisticsType\":[1,4,5],\"units\":[1],\"Mandated\":true,\"defaultValue\":\"6\",\"index\":0}],\"hasSecondItems\":true,\"Name\":\"勤务动态\",\"Mandated\":false,\"Deleted\":false,\"Comment\":\"此处填写警务动态\",\"units\":[1],\"inputtype\":0,\"StatisticsType\":[],\"defaultValue\":\"\",\"tabletype\":\"每日点名统计汇报\",\"index\":99},{\"Content\":\"无PL\",\"secondlist\":[],\"hasSecondItems\":false,\"Name\":\"撰写人\",\"Mandated\":true,\"Deleted\":false,\"Comment\":\"\",\"units\":[1],\"inputtype\":3,\"StatisticsType\":[],\"defaultValue\":\"无PL\",\"tabletype\":\"每日点名统计汇报\",\"index\":93}],\"draft\":0}',4,'2017-11-18 08:40:01','',6,NULL,'2017-11-18 08:40:01','每日点名统计汇报'),('2017-11-18','qixia','{\"date\":\"2017-11-18\",\"reportname\":\"每日交管动态汇报\",\"datalist\":[{\"Content\":\"\",\"secondlist\":[{\"data\":\"7\",\"secondtype\":1,\"name\":\"出警次数\",\"StatisticsType\":[1,4,5],\"units\":[1],\"Mandated\":true,\"defaultValue\":\"7\",\"index\":0},{\"data\":\"8\",\"secondtype\":1,\"name\":\"警车数\",\"StatisticsType\":[1,4,5],\"units\":[1],\"Mandated\":true,\"defaultValue\":\"8\",\"index\":0},{\"data\":\"8\",\"secondtype\":1,\"name\":\"现场执法数\",\"StatisticsType\":[1,4,5],\"units\":[1],\"Mandated\":true,\"defaultValue\":\"8\",\"index\":0}],\"hasSecondItems\":true,\"Name\":\"勤务动态\",\"Mandated\":false,\"Deleted\":false,\"Comment\":\"\",\"units\":[1],\"inputtype\":1,\"StatisticsType\":[1],\"defaultValue\":\"\",\"tabletype\":\"每日交管动态汇报\",\"index\":99},{\"Content\":\"栖霞；昂好\",\"secondlist\":[],\"hasSecondItems\":false,\"Name\":\"市区路网交通运行评价\",\"Mandated\":false,\"Deleted\":false,\"Comment\":\"\",\"units\":[1],\"inputtype\":3,\"StatisticsType\":[4],\"defaultValue\":\"栖霞；昂好\",\"tabletype\":\"每日交管动态汇报\",\"index\":96},{\"Content\":\"\",\"secondlist\":[{\"data\":\"8\",\"secondtype\":1,\"name\":\"交通事故数\",\"StatisticsType\":[1,4,5],\"units\":[1],\"Mandated\":true,\"defaultValue\":\"8\",\"index\":0},{\"data\":\"8\",\"secondtype\":1,\"name\":\"受伤事故数\",\"StatisticsType\":[1,4,5],\"units\":[1],\"Mandated\":true,\"defaultValue\":\"8\",\"index\":0},{\"data\":\"8\",\"secondtype\":1,\"name\":\"受伤人数\",\"StatisticsType\":[1,4,5],\"units\":[1],\"Mandated\":true,\"defaultValue\":\"8\",\"index\":0},{\"data\":\"8\",\"secondtype\":1,\"name\":\"死亡事故数\",\"StatisticsType\":[1,4,5],\"units\":[1],\"Mandated\":true,\"defaultValue\":\"8\",\"index\":0},{\"data\":\"8\",\"secondtype\":1,\"name\":\"死亡人数\",\"StatisticsType\":[1,4,5],\"units\":[1],\"Mandated\":true,\"defaultValue\":\"8\",\"index\":0}],\"hasSecondItems\":true,\"Name\":\"交通事故概况\",\"Mandated\":false,\"Deleted\":false,\"Comment\":\"\",\"units\":[1],\"inputtype\":1,\"StatisticsType\":[1],\"defaultValue\":\"\",\"tabletype\":\"每日交管动态汇报\",\"index\":98},{\"Content\":\"栖霞\",\"secondlist\":[],\"hasSecondItems\":false,\"Name\":\"审核人\",\"Mandated\":true,\"Deleted\":false,\"Comment\":\"\",\"units\":[1],\"inputtype\":2,\"StatisticsType\":[3],\"defaultValue\":\"栖霞\",\"tabletype\":\"每日交管动态汇报\",\"index\":93},{\"Content\":\"栖霞\",\"secondlist\":[],\"hasSecondItems\":false,\"Name\":\"撰写人\",\"Mandated\":true,\"Deleted\":false,\"Comment\":\"\",\"units\":[1],\"inputtype\":2,\"StatisticsType\":[4],\"defaultValue\":\"栖霞\",\"tabletype\":\"每日交管动态汇报\",\"index\":93},{\"Content\":\"\",\"secondlist\":[{\"data\":\"8\",\"secondtype\":2,\"name\":\"辖区天气\",\"StatisticsType\":[],\"units\":[1],\"Mandated\":false,\"defaultValue\":\"8\",\"index\":0},{\"data\":\"8\",\"secondtype\":1,\"name\":\"最高气温\",\"StatisticsType\":[],\"units\":[1],\"Mandated\":false,\"defaultValue\":\"8\",\"index\":0},{\"data\":\"8\",\"secondtype\":1,\"name\":\"最低气温\",\"StatisticsType\":[],\"units\":[1],\"Mandated\":false,\"defaultValue\":\"8\",\"index\":0},{\"data\":\"8\",\"secondtype\":2,\"name\":\"预警事件\",\"StatisticsType\":[],\"units\":[1],\"Mandated\":false,\"defaultValue\":\"8\",\"index\":0}],\"hasSecondItems\":true,\"Name\":\"交通事件统计\",\"Mandated\":false,\"Deleted\":false,\"Comment\":\"\",\"units\":[1],\"inputtype\":0,\"StatisticsType\":[],\"defaultValue\":\"\",\"tabletype\":\"每日交管动态汇报\",\"index\":95},{\"Content\":\"栖霞\",\"secondlist\":[],\"hasSecondItems\":false,\"Name\":\"工作动态\",\"Mandated\":true,\"Deleted\":false,\"Comment\":\"\",\"units\":[1],\"inputtype\":3,\"StatisticsType\":[4],\"defaultValue\":\"栖霞\",\"tabletype\":\"每日交管动态汇报\",\"index\":94},{\"Content\":\"无栖霞\",\"secondlist\":[],\"hasSecondItems\":false,\"Name\":\"指挥调度概况\",\"Mandated\":false,\"Deleted\":false,\"Comment\":\"\",\"units\":[1],\"inputtype\":3,\"StatisticsType\":[4],\"defaultValue\":\"无栖霞\",\"tabletype\":\"每日交管动态汇报\",\"index\":96}],\"draft\":0}',3,'2017-11-18 13:25:09',NULL,0,'11','2017-11-18 13:36:53','每日交管动态汇报'),('2017-11-18','qixia','{\"date\":\"2017-11-18\",\"reportname\":\"每日点名统计汇报\",\"datalist\":[{\"Content\":\"\",\"secondlist\":[],\"hasSecondItems\":false,\"Name\":\"汇报日期\",\"Mandated\":false,\"Deleted\":false,\"Comment\":\"\",\"units\":[1],\"inputtype\":4,\"StatisticsType\":[],\"defaultValue\":\"\",\"tabletype\":\"每日点名统计汇报\",\"index\":91},{\"Content\":\"\",\"secondlist\":[{\"data\":\"9\",\"secondtype\":1,\"name\":\"交通事故数\",\"StatisticsType\":[1,4,5],\"units\":[1],\"Mandated\":true,\"defaultValue\":\"9\",\"index\":0},{\"data\":\"0\",\"secondtype\":1,\"name\":\"受伤事故数\",\"StatisticsType\":[1,4,5],\"units\":[1],\"Mandated\":true,\"defaultValue\":\"0\",\"index\":0},{\"data\":\"0\",\"secondtype\":1,\"name\":\"受伤人数\",\"StatisticsType\":[1,4,5],\"units\":[1],\"Mandated\":true,\"defaultValue\":\"0\",\"index\":0},{\"data\":\"9\",\"secondtype\":1,\"name\":\"死亡事故数\",\"StatisticsType\":[1,4,5],\"units\":[1],\"Mandated\":true,\"defaultValue\":\"9\",\"index\":0},{\"data\":\"8\",\"secondtype\":1,\"name\":\"死亡人数\",\"StatisticsType\":[1,4,5],\"units\":[1],\"Mandated\":true,\"defaultValue\":\"8\",\"index\":0}],\"hasSecondItems\":true,\"Name\":\"交通事故概况\",\"Mandated\":false,\"Deleted\":false,\"Comment\":\"\",\"units\":[1],\"inputtype\":0,\"StatisticsType\":[],\"defaultValue\":\"\",\"tabletype\":\"每日点名统计汇报\",\"index\":98},{\"Content\":\"栖霞良好\",\"secondlist\":[],\"hasSecondItems\":false,\"Name\":\"道路交通设施概况\",\"Mandated\":true,\"Deleted\":false,\"Comment\":\"\",\"units\":[1],\"inputtype\":3,\"StatisticsType\":[],\"defaultValue\":\"栖霞良好\",\"tabletype\":\"每日点名统计汇报\",\"index\":97},{\"Content\":\"栖霞无\",\"secondlist\":[],\"hasSecondItems\":false,\"Name\":\"指挥调度概况\",\"Mandated\":false,\"Deleted\":false,\"Comment\":\"\",\"units\":[1],\"inputtype\":3,\"StatisticsType\":[],\"defaultValue\":\"栖霞无\",\"tabletype\":\"每日点名统计汇报\",\"index\":96},{\"Content\":\"栖霞\",\"secondlist\":[],\"hasSecondItems\":false,\"Name\":\"市区路网交通运行评价\",\"Mandated\":false,\"Deleted\":false,\"Comment\":\"\",\"units\":[1],\"inputtype\":3,\"StatisticsType\":[],\"defaultValue\":\"栖霞\",\"tabletype\":\"每日点名统计汇报\",\"index\":95},{\"Content\":\"无QX\",\"secondlist\":[],\"hasSecondItems\":false,\"Name\":\"审核人\",\"Mandated\":true,\"Deleted\":false,\"Comment\":\"\",\"units\":[1],\"inputtype\":3,\"StatisticsType\":[],\"defaultValue\":\"无QX\",\"tabletype\":\"每日点名统计汇报\",\"index\":92},{\"Content\":\"\",\"secondlist\":[{\"data\":\"12\",\"secondtype\":1,\"name\":\"辖区天气\",\"StatisticsType\":[],\"units\":[1],\"Mandated\":false,\"defaultValue\":\"12\",\"index\":0},{\"data\":\"3\",\"secondtype\":1,\"name\":\"最高气温\",\"StatisticsType\":[],\"units\":[1],\"Mandated\":false,\"defaultValue\":\"3\",\"index\":0},{\"data\":\"7\",\"secondtype\":1,\"name\":\"最低气温\",\"StatisticsType\":[],\"units\":[1],\"Mandated\":false,\"defaultValue\":\"7\",\"index\":0},{\"data\":\"8\",\"secondtype\":1,\"name\":\"预警事件\",\"StatisticsType\":[],\"units\":[1],\"Mandated\":false,\"defaultValue\":\"8\",\"index\":0}],\"hasSecondItems\":true,\"Name\":\"交通事件统计\",\"Mandated\":false,\"Deleted\":false,\"Comment\":\"\",\"units\":[1],\"inputtype\":0,\"StatisticsType\":[],\"defaultValue\":\"\",\"tabletype\":\"每日点名统计汇报\",\"index\":94},{\"Content\":\"栖霞\",\"secondlist\":[],\"hasSecondItems\":false,\"Name\":\"工作动态\",\"Mandated\":true,\"Deleted\":false,\"Comment\":\"\",\"units\":[1],\"inputtype\":3,\"StatisticsType\":[],\"defaultValue\":\"栖霞\",\"tabletype\":\"每日点名统计汇报\",\"index\":94},{\"Content\":\"\",\"secondlist\":[{\"data\":\"9\",\"secondtype\":1,\"name\":\"出警次数\",\"StatisticsType\":[1,4,5],\"units\":[1],\"Mandated\":true,\"defaultValue\":\"9\",\"index\":0},{\"data\":\"0\",\"secondtype\":1,\"name\":\"警车数\",\"StatisticsType\":[1,4,5],\"units\":[1],\"Mandated\":true,\"defaultValue\":\"0\",\"index\":0},{\"data\":\"0\",\"secondtype\":1,\"name\":\"现场执法\",\"StatisticsType\":[1,4,5],\"units\":[1],\"Mandated\":true,\"defaultValue\":\"0\",\"index\":0}],\"hasSecondItems\":true,\"Name\":\"勤务动态\",\"Mandated\":false,\"Deleted\":false,\"Comment\":\"此处填写警务动态\",\"units\":[1],\"inputtype\":0,\"StatisticsType\":[],\"defaultValue\":\"\",\"tabletype\":\"每日点名统计汇报\",\"index\":99},{\"Content\":\"无QX\",\"secondlist\":[],\"hasSecondItems\":false,\"Name\":\"撰写人\",\"Mandated\":true,\"Deleted\":false,\"Comment\":\"\",\"units\":[1],\"inputtype\":3,\"StatisticsType\":[],\"defaultValue\":\"无QX\",\"tabletype\":\"每日点名统计汇报\",\"index\":93}],\"draft\":0}',4,'2017-11-18 08:39:17','',3,NULL,'2017-11-18 08:39:17','每日点名统计汇报'),('2017-11-18','three','{\"date\":\"2017-11-18\",\"reportname\":\"每日交管动态汇报\",\"datalist\":[{\"Content\":\"\",\"secondlist\":[{\"data\":\"0\",\"secondtype\":1,\"name\":\"出警次数\",\"StatisticsType\":[1,4,5],\"units\":[1],\"Mandated\":true,\"defaultValue\":\"0\",\"index\":0},{\"data\":\"0\",\"secondtype\":1,\"name\":\"警车数\",\"StatisticsType\":[1,4,5],\"units\":[1],\"Mandated\":true,\"defaultValue\":\"0\",\"index\":0},{\"data\":\"0\",\"secondtype\":1,\"name\":\"现场执法数\",\"StatisticsType\":[1,4,5],\"units\":[1],\"Mandated\":true,\"defaultValue\":\"0\",\"index\":0}],\"hasSecondItems\":true,\"Name\":\"勤务动态\",\"Mandated\":false,\"Deleted\":false,\"Comment\":\"\",\"units\":[1],\"inputtype\":1,\"StatisticsType\":[1],\"defaultValue\":\"\",\"tabletype\":\"每日交管动态汇报\",\"index\":99},{\"Content\":\"无\",\"secondlist\":[],\"hasSecondItems\":false,\"Name\":\"道路交通设施概况\",\"Mandated\":false,\"Deleted\":false,\"Comment\":\"\",\"units\":[2,3,4,5],\"inputtype\":3,\"StatisticsType\":[4],\"defaultValue\":\"无\",\"tabletype\":\"每日交管动态汇报\",\"index\":97},{\"Content\":\"无\",\"secondlist\":[],\"hasSecondItems\":false,\"Name\":\"市区路网交通运行评价\",\"Mandated\":false,\"Deleted\":false,\"Comment\":\"\",\"units\":[1],\"inputtype\":3,\"StatisticsType\":[],\"defaultValue\":\"无\",\"tabletype\":\"每日交管动态汇报\",\"index\":96},{\"Content\":\"\",\"secondlist\":[{\"data\":\"0\",\"secondtype\":1,\"name\":\"交通事故数\",\"StatisticsType\":[1,4,5],\"units\":[1],\"Mandated\":true,\"defaultValue\":\"0\",\"index\":0},{\"data\":\"0\",\"secondtype\":1,\"name\":\"受伤事故数\",\"StatisticsType\":[1,4,5],\"units\":[1],\"Mandated\":true,\"defaultValue\":\"0\",\"index\":0},{\"data\":\"0\",\"secondtype\":1,\"name\":\"受伤人数\",\"StatisticsType\":[1,4,5],\"units\":[1],\"Mandated\":true,\"defaultValue\":\"0\",\"index\":0},{\"data\":\"0\",\"secondtype\":1,\"name\":\"死亡事故数\",\"StatisticsType\":[1,4,5],\"units\":[1],\"Mandated\":true,\"defaultValue\":\"0\",\"index\":0},{\"data\":\"0\",\"secondtype\":1,\"name\":\"死亡人数\",\"StatisticsType\":[1,4,5],\"units\":[1],\"Mandated\":true,\"defaultValue\":\"0\",\"index\":0}],\"hasSecondItems\":true,\"Name\":\"交通事故概况\",\"Mandated\":false,\"Deleted\":false,\"Comment\":\"\",\"units\":[1],\"inputtype\":1,\"StatisticsType\":[1],\"defaultValue\":\"\",\"tabletype\":\"每日交管动态汇报\",\"index\":98},{\"Content\":\"1\",\"secondlist\":[],\"hasSecondItems\":false,\"Name\":\"审核人\",\"Mandated\":true,\"Deleted\":false,\"Comment\":\"\",\"units\":[1],\"inputtype\":2,\"StatisticsType\":[],\"defaultValue\":\"1\",\"tabletype\":\"每日交管动态汇报\",\"index\":93},{\"Content\":\"2\",\"secondlist\":[],\"hasSecondItems\":false,\"Name\":\"撰写人\",\"Mandated\":true,\"Deleted\":false,\"Comment\":\"\",\"units\":[1],\"inputtype\":2,\"StatisticsType\":[],\"defaultValue\":\"2\",\"tabletype\":\"每日交管动态汇报\",\"index\":93},{\"Content\":\"\",\"secondlist\":[{\"data\":\"\",\"secondtype\":1,\"name\":\"辖区天气\",\"StatisticsType\":[],\"units\":[1],\"Mandated\":false,\"defaultValue\":\"\",\"index\":0},{\"data\":\"\",\"secondtype\":1,\"name\":\"最高气温\",\"StatisticsType\":[],\"units\":[1],\"Mandated\":false,\"defaultValue\":\"\",\"index\":0},{\"data\":\"\",\"secondtype\":1,\"name\":\"最低气温\",\"StatisticsType\":[],\"units\":[1],\"Mandated\":false,\"defaultValue\":\"\",\"index\":0},{\"data\":\"\",\"secondtype\":1,\"name\":\"预警事件\",\"StatisticsType\":[],\"units\":[1],\"Mandated\":false,\"defaultValue\":\"\",\"index\":0}],\"hasSecondItems\":true,\"Name\":\"交通事件统计\",\"Mandated\":false,\"Deleted\":false,\"Comment\":\"\",\"units\":[1],\"inputtype\":0,\"StatisticsType\":[],\"defaultValue\":\"\",\"tabletype\":\"每日交管动态汇报\",\"index\":95},{\"Content\":\"无\",\"secondlist\":[],\"hasSecondItems\":false,\"Name\":\"工作动态\",\"Mandated\":true,\"Deleted\":false,\"Comment\":\"\",\"units\":[1],\"inputtype\":3,\"StatisticsType\":[4],\"defaultValue\":\"无\",\"tabletype\":\"每日交管动态汇报\",\"index\":94},{\"Content\":\"无\",\"secondlist\":[],\"hasSecondItems\":false,\"Name\":\"指挥调度概况\",\"Mandated\":false,\"Deleted\":false,\"Comment\":\"\",\"units\":[1],\"inputtype\":3,\"StatisticsType\":[4],\"defaultValue\":\"无\",\"tabletype\":\"每日交管动态汇报\",\"index\":96}],\"draft\":0}',3,'2017-11-18 09:03:19',NULL,0,NULL,'2017-11-18 09:03:19','每日交管动态汇报'),('2017-11-18','three','{\"date\":\"2017-11-18\",\"reportname\":\"每日点名统计汇报\",\"datalist\":[{\"Content\":\"\",\"secondlist\":[],\"hasSecondItems\":false,\"Name\":\"汇报日期\",\"Mandated\":false,\"Deleted\":false,\"Comment\":\"\",\"units\":[1],\"inputtype\":4,\"StatisticsType\":[],\"defaultValue\":\"\",\"tabletype\":\"每日点名统计汇报\",\"index\":91},{\"Content\":\"\",\"secondlist\":[{\"data\":\"0\",\"secondtype\":1,\"name\":\"交通事故数\",\"StatisticsType\":[1,4,5],\"units\":[1],\"Mandated\":true,\"defaultValue\":\"0\",\"index\":0},{\"data\":\"0\",\"secondtype\":1,\"name\":\"受伤事故数\",\"StatisticsType\":[1,4,5],\"units\":[1],\"Mandated\":true,\"defaultValue\":\"0\",\"index\":0},{\"data\":\"0\",\"secondtype\":1,\"name\":\"受伤人数\",\"StatisticsType\":[1,4,5],\"units\":[1],\"Mandated\":true,\"defaultValue\":\"0\",\"index\":0},{\"data\":\"0\",\"secondtype\":1,\"name\":\"死亡事故数\",\"StatisticsType\":[1,4,5],\"units\":[1],\"Mandated\":true,\"defaultValue\":\"0\",\"index\":0},{\"data\":\"0\",\"secondtype\":1,\"name\":\"死亡人数\",\"StatisticsType\":[1,4,5],\"units\":[1],\"Mandated\":true,\"defaultValue\":\"0\",\"index\":0}],\"hasSecondItems\":true,\"Name\":\"交通事故概况\",\"Mandated\":false,\"Deleted\":false,\"Comment\":\"\",\"units\":[1],\"inputtype\":0,\"StatisticsType\":[],\"defaultValue\":\"\",\"tabletype\":\"每日点名统计汇报\",\"index\":98},{\"Content\":\"无\",\"secondlist\":[],\"hasSecondItems\":false,\"Name\":\"道路交通设施概况\",\"Mandated\":true,\"Deleted\":false,\"Comment\":\"\",\"units\":[1],\"inputtype\":3,\"StatisticsType\":[4,4,4,4,4,4,4,4,4,4],\"defaultValue\":\"无\",\"tabletype\":\"每日点名统计汇报\",\"index\":97},{\"Content\":\"无\",\"secondlist\":[],\"hasSecondItems\":false,\"Name\":\"指挥调度概况\",\"Mandated\":false,\"Deleted\":false,\"Comment\":\"\",\"units\":[1],\"inputtype\":3,\"StatisticsType\":[4,4],\"defaultValue\":\"无\",\"tabletype\":\"每日点名统计汇报\",\"index\":96},{\"Content\":\"无\",\"secondlist\":[],\"hasSecondItems\":false,\"Name\":\"市区路网交通运行评价\",\"Mandated\":false,\"Deleted\":false,\"Comment\":\"\",\"units\":[1],\"inputtype\":3,\"StatisticsType\":[4,4],\"defaultValue\":\"无\",\"tabletype\":\"每日点名统计汇报\",\"index\":95},{\"Content\":\"无\",\"secondlist\":[],\"hasSecondItems\":false,\"Name\":\"审核人\",\"Mandated\":true,\"Deleted\":false,\"Comment\":\"\",\"units\":[1],\"inputtype\":3,\"StatisticsType\":[4],\"defaultValue\":\"无\",\"tabletype\":\"每日点名统计汇报\",\"index\":92},{\"Content\":\"\",\"secondlist\":[{\"data\":\"\",\"secondtype\":2,\"name\":\"辖区天气\",\"StatisticsType\":[3],\"units\":[1],\"Mandated\":false,\"defaultValue\":\"\",\"index\":0},{\"data\":\"\",\"secondtype\":1,\"name\":\"最高气温\",\"StatisticsType\":[3],\"units\":[1],\"Mandated\":false,\"defaultValue\":\"\",\"index\":0},{\"data\":\"\",\"secondtype\":1,\"name\":\"最低气温\",\"StatisticsType\":[3],\"units\":[1],\"Mandated\":false,\"defaultValue\":\"\",\"index\":0},{\"data\":\"\",\"secondtype\":1,\"name\":\"预警事件\",\"StatisticsType\":[3],\"units\":[1],\"Mandated\":false,\"defaultValue\":\"\",\"index\":0}],\"hasSecondItems\":true,\"Name\":\"交通事件统计\",\"Mandated\":false,\"Deleted\":false,\"Comment\":\"\",\"units\":[1],\"inputtype\":0,\"StatisticsType\":[],\"defaultValue\":\"\",\"tabletype\":\"每日点名统计汇报\",\"index\":94},{\"Content\":\"无\",\"secondlist\":[],\"hasSecondItems\":false,\"Name\":\"工作动态\",\"Mandated\":true,\"Deleted\":false,\"Comment\":\"\",\"units\":[1],\"inputtype\":3,\"StatisticsType\":[4,4],\"defaultValue\":\"无\",\"tabletype\":\"每日点名统计汇报\",\"index\":94},{\"Content\":\"\",\"secondlist\":[{\"data\":\"0\",\"secondtype\":1,\"name\":\"出警次数\",\"StatisticsType\":[1,4,5],\"units\":[1],\"Mandated\":true,\"defaultValue\":\"0\",\"index\":0},{\"data\":\"0\",\"secondtype\":1,\"name\":\"警车数\",\"StatisticsType\":[1,4,5],\"units\":[1],\"Mandated\":true,\"defaultValue\":\"0\",\"index\":0},{\"data\":\"0\",\"secondtype\":1,\"name\":\"现场执法\",\"StatisticsType\":[1,4,5],\"units\":[1],\"Mandated\":true,\"defaultValue\":\"0\",\"index\":0}],\"hasSecondItems\":true,\"Name\":\"勤务动态\",\"Mandated\":false,\"Deleted\":false,\"Comment\":\"此处填写警务动态\",\"units\":[1],\"inputtype\":0,\"StatisticsType\":[],\"defaultValue\":\"\",\"tabletype\":\"每日点名统计汇报\",\"index\":99},{\"Content\":\"无\",\"secondlist\":[],\"hasSecondItems\":false,\"Name\":\"撰写人\",\"Mandated\":true,\"Deleted\":false,\"Comment\":\"\",\"units\":[1],\"inputtype\":3,\"StatisticsType\":[4,4],\"defaultValue\":\"无\",\"tabletype\":\"每日点名统计汇报\",\"index\":93}],\"draft\":0}',4,'2017-11-18 08:46:07','',2,'aaaaaa','2017-11-18 09:43:23','每日点名统计汇报'),('2017-11-18','two','{\"date\":\"2017-11-18\",\"reportname\":\"每日交管动态汇报\",\"datalist\":[{\"Content\":\"\",\"secondlist\":[{\"data\":\"9\",\"secondtype\":1,\"name\":\"出警次数\",\"StatisticsType\":[1,4,5],\"units\":[1],\"Mandated\":true,\"defaultValue\":\"9\",\"index\":0},{\"data\":\"9\",\"secondtype\":1,\"name\":\"警车数\",\"StatisticsType\":[1,4,5],\"units\":[1],\"Mandated\":true,\"defaultValue\":\"9\",\"index\":0},{\"data\":\"9\",\"secondtype\":1,\"name\":\"现场执法数\",\"StatisticsType\":[1,4,5],\"units\":[1],\"Mandated\":true,\"defaultValue\":\"9\",\"index\":0}],\"hasSecondItems\":true,\"Name\":\"勤务动态\",\"Mandated\":false,\"Deleted\":false,\"Comment\":\"\",\"units\":[1],\"inputtype\":1,\"StatisticsType\":[1],\"defaultValue\":\"\",\"tabletype\":\"每日交管动态汇报\",\"index\":99},{\"Content\":\"二大队\",\"secondlist\":[],\"hasSecondItems\":false,\"Name\":\"道路交通设施概况\",\"Mandated\":false,\"Deleted\":false,\"Comment\":\"\",\"units\":[2,3,4,5],\"inputtype\":3,\"StatisticsType\":[4],\"defaultValue\":\"二大队\",\"tabletype\":\"每日交管动态汇报\",\"index\":97},{\"Content\":\"无二大队\",\"secondlist\":[],\"hasSecondItems\":false,\"Name\":\"市区路网交通运行评价\",\"Mandated\":false,\"Deleted\":false,\"Comment\":\"\",\"units\":[1],\"inputtype\":3,\"StatisticsType\":[4],\"defaultValue\":\"无二大队\",\"tabletype\":\"每日交管动态汇报\",\"index\":96},{\"Content\":\"\",\"secondlist\":[{\"data\":\"9\",\"secondtype\":1,\"name\":\"交通事故数\",\"StatisticsType\":[1,4,5],\"units\":[1],\"Mandated\":true,\"defaultValue\":\"9\",\"index\":0},{\"data\":\"9\",\"secondtype\":1,\"name\":\"受伤事故数\",\"StatisticsType\":[1,4,5],\"units\":[1],\"Mandated\":true,\"defaultValue\":\"9\",\"index\":0},{\"data\":\"9\",\"secondtype\":1,\"name\":\"受伤人数\",\"StatisticsType\":[1,4,5],\"units\":[1],\"Mandated\":true,\"defaultValue\":\"9\",\"index\":0},{\"data\":\"9\",\"secondtype\":1,\"name\":\"死亡事故数\",\"StatisticsType\":[1,4,5],\"units\":[1],\"Mandated\":true,\"defaultValue\":\"9\",\"index\":0},{\"data\":\"9\",\"secondtype\":1,\"name\":\"死亡人数\",\"StatisticsType\":[1,4,5],\"units\":[1],\"Mandated\":true,\"defaultValue\":\"9\",\"index\":0}],\"hasSecondItems\":true,\"Name\":\"交通事故概况\",\"Mandated\":false,\"Deleted\":false,\"Comment\":\"\",\"units\":[1],\"inputtype\":1,\"StatisticsType\":[1],\"defaultValue\":\"\",\"tabletype\":\"每日交管动态汇报\",\"index\":98},{\"Content\":\"二大队\",\"secondlist\":[],\"hasSecondItems\":false,\"Name\":\"审核人\",\"Mandated\":true,\"Deleted\":false,\"Comment\":\"\",\"units\":[1],\"inputtype\":2,\"StatisticsType\":[3],\"defaultValue\":\"二大队\",\"tabletype\":\"每日交管动态汇报\",\"index\":93},{\"Content\":\"二大队\",\"secondlist\":[],\"hasSecondItems\":false,\"Name\":\"撰写人\",\"Mandated\":true,\"Deleted\":false,\"Comment\":\"\",\"units\":[1],\"inputtype\":2,\"StatisticsType\":[4],\"defaultValue\":\"二大队\",\"tabletype\":\"每日交管动态汇报\",\"index\":93},{\"Content\":\"\",\"secondlist\":[{\"data\":\"8\",\"secondtype\":2,\"name\":\"辖区天气\",\"StatisticsType\":[],\"units\":[1],\"Mandated\":false,\"defaultValue\":\"8\",\"index\":0},{\"data\":\"8\",\"secondtype\":1,\"name\":\"最高气温\",\"StatisticsType\":[],\"units\":[1],\"Mandated\":false,\"defaultValue\":\"8\",\"index\":0},{\"data\":\"8\",\"secondtype\":1,\"name\":\"最低气温\",\"StatisticsType\":[],\"units\":[1],\"Mandated\":false,\"defaultValue\":\"8\",\"index\":0},{\"data\":\"8\",\"secondtype\":2,\"name\":\"预警事件\",\"StatisticsType\":[],\"units\":[1],\"Mandated\":false,\"defaultValue\":\"8\",\"index\":0}],\"hasSecondItems\":true,\"Name\":\"交通事件统计\",\"Mandated\":false,\"Deleted\":false,\"Comment\":\"\",\"units\":[1],\"inputtype\":0,\"StatisticsType\":[],\"defaultValue\":\"\",\"tabletype\":\"每日交管动态汇报\",\"index\":95},{\"Content\":\"二大队\",\"secondlist\":[],\"hasSecondItems\":false,\"Name\":\"工作动态\",\"Mandated\":true,\"Deleted\":false,\"Comment\":\"\",\"units\":[1],\"inputtype\":3,\"StatisticsType\":[4],\"defaultValue\":\"二大队\",\"tabletype\":\"每日交管动态汇报\",\"index\":94},{\"Content\":\"二大队\",\"secondlist\":[],\"hasSecondItems\":false,\"Name\":\"指挥调度概况\",\"Mandated\":false,\"Deleted\":false,\"Comment\":\"\",\"units\":[1],\"inputtype\":3,\"StatisticsType\":[4],\"defaultValue\":\"二大队\",\"tabletype\":\"每日交管动态汇报\",\"index\":96}],\"draft\":0}',3,'2017-11-18 13:34:23',NULL,0,NULL,'2017-11-18 13:34:23','每日交管动态汇报'),('2017-11-18','two','{\"date\":\"2017-11-18\",\"reportname\":\"每日点名统计汇报\",\"datalist\":[{\"Content\":\"\",\"secondlist\":[],\"hasSecondItems\":false,\"Name\":\"汇报日期\",\"Mandated\":false,\"Deleted\":false,\"Comment\":\"\",\"units\":[1],\"inputtype\":4,\"StatisticsType\":[],\"defaultValue\":\"\",\"tabletype\":\"每日点名统计汇报\",\"index\":91},{\"Content\":\"\",\"secondlist\":[{\"data\":\"2\",\"secondtype\":1,\"name\":\"交通事故数\",\"StatisticsType\":[1,4,5],\"units\":[1],\"Mandated\":true,\"defaultValue\":\"2\",\"index\":0},{\"data\":\"2\",\"secondtype\":1,\"name\":\"受伤事故数\",\"StatisticsType\":[1,4,5],\"units\":[1],\"Mandated\":true,\"defaultValue\":\"2\",\"index\":0},{\"data\":\"2\",\"secondtype\":1,\"name\":\"受伤人数\",\"StatisticsType\":[1,4,5],\"units\":[1],\"Mandated\":true,\"defaultValue\":\"2\",\"index\":0},{\"data\":\"2\",\"secondtype\":1,\"name\":\"死亡事故数\",\"StatisticsType\":[1,4,5],\"units\":[1],\"Mandated\":true,\"defaultValue\":\"2\",\"index\":0},{\"data\":\"2\",\"secondtype\":1,\"name\":\"死亡人数\",\"StatisticsType\":[1,4,5],\"units\":[1],\"Mandated\":true,\"defaultValue\":\"2\",\"index\":0}],\"hasSecondItems\":true,\"Name\":\"交通事故概况\",\"Mandated\":false,\"Deleted\":false,\"Comment\":\"\",\"units\":[1],\"inputtype\":0,\"StatisticsType\":[],\"defaultValue\":\"\",\"tabletype\":\"每日点名统计汇报\",\"index\":98},{\"Content\":\"无2\",\"secondlist\":[],\"hasSecondItems\":false,\"Name\":\"道路交通设施概况\",\"Mandated\":true,\"Deleted\":false,\"Comment\":\"\",\"units\":[1],\"inputtype\":3,\"StatisticsType\":[],\"defaultValue\":\"无2\",\"tabletype\":\"每日点名统计汇报\",\"index\":97},{\"Content\":\"无2\",\"secondlist\":[],\"hasSecondItems\":false,\"Name\":\"指挥调度概况\",\"Mandated\":false,\"Deleted\":false,\"Comment\":\"\",\"units\":[1],\"inputtype\":3,\"StatisticsType\":[],\"defaultValue\":\"无2\",\"tabletype\":\"每日点名统计汇报\",\"index\":96},{\"Content\":\"无2\",\"secondlist\":[],\"hasSecondItems\":false,\"Name\":\"市区路网交通运行评价\",\"Mandated\":false,\"Deleted\":false,\"Comment\":\"\",\"units\":[1],\"inputtype\":3,\"StatisticsType\":[],\"defaultValue\":\"无2\",\"tabletype\":\"每日点名统计汇报\",\"index\":95},{\"Content\":\"无2\",\"secondlist\":[],\"hasSecondItems\":false,\"Name\":\"审核人\",\"Mandated\":true,\"Deleted\":false,\"Comment\":\"\",\"units\":[1],\"inputtype\":3,\"StatisticsType\":[],\"defaultValue\":\"无2\",\"tabletype\":\"每日点名统计汇报\",\"index\":92},{\"Content\":\"\",\"secondlist\":[{\"data\":\"2\",\"secondtype\":1,\"name\":\"辖区天气\",\"StatisticsType\":[],\"units\":[1],\"Mandated\":false,\"defaultValue\":\"2\",\"index\":0},{\"data\":\"2\",\"secondtype\":1,\"name\":\"最高气温\",\"StatisticsType\":[],\"units\":[1],\"Mandated\":false,\"defaultValue\":\"2\",\"index\":0},{\"data\":\"2\",\"secondtype\":1,\"name\":\"最低气温\",\"StatisticsType\":[],\"units\":[1],\"Mandated\":false,\"defaultValue\":\"2\",\"index\":0},{\"data\":\"2\",\"secondtype\":1,\"name\":\"预警事件\",\"StatisticsType\":[],\"units\":[1],\"Mandated\":false,\"defaultValue\":\"2\",\"index\":0}],\"hasSecondItems\":true,\"Name\":\"交通事件统计\",\"Mandated\":false,\"Deleted\":false,\"Comment\":\"\",\"units\":[1],\"inputtype\":0,\"StatisticsType\":[],\"defaultValue\":\"\",\"tabletype\":\"每日点名统计汇报\",\"index\":94},{\"Content\":\"无2\",\"secondlist\":[],\"hasSecondItems\":false,\"Name\":\"工作动态\",\"Mandated\":true,\"Deleted\":false,\"Comment\":\"\",\"units\":[1],\"inputtype\":3,\"StatisticsType\":[],\"defaultValue\":\"无2\",\"tabletype\":\"每日点名统计汇报\",\"index\":94},{\"Content\":\"\",\"secondlist\":[{\"data\":null,\"secondtype\":1,\"name\":\"出警次数\",\"StatisticsType\":[1,4,5],\"units\":[1],\"Mandated\":true,\"defaultValue\":null,\"index\":0},{\"data\":\"2\",\"secondtype\":1,\"name\":\"警车数\",\"StatisticsType\":[1,4,5],\"units\":[1],\"Mandated\":true,\"defaultValue\":\"2\",\"index\":0},{\"data\":\"2\",\"secondtype\":1,\"name\":\"现场执法\",\"StatisticsType\":[1,4,5],\"units\":[1],\"Mandated\":true,\"defaultValue\":\"2\",\"index\":0}],\"hasSecondItems\":true,\"Name\":\"勤务动态\",\"Mandated\":false,\"Deleted\":false,\"Comment\":\"此处填写警务动态\",\"units\":[1],\"inputtype\":0,\"StatisticsType\":[],\"defaultValue\":\"\",\"tabletype\":\"每日点名统计汇报\",\"index\":99},{\"Content\":\"无2\",\"secondlist\":[],\"hasSecondItems\":false,\"Name\":\"撰写人\",\"Mandated\":true,\"Deleted\":false,\"Comment\":\"\",\"units\":[1],\"inputtype\":3,\"StatisticsType\":[],\"defaultValue\":\"无2\",\"tabletype\":\"每日点名统计汇报\",\"index\":93}],\"draft\":0}',4,'2017-11-18 08:45:52','',3,NULL,'2017-11-18 08:45:52','每日点名统计汇报'),('2017-11-18','yantaigang','{\"date\":\"2017-11-18\",\"reportname\":\"每日交管动态汇报\",\"datalist\":[{\"Content\":\"\",\"secondlist\":[{\"data\":\"6\",\"secondtype\":1,\"name\":\"出警次数\",\"StatisticsType\":[1,4,5],\"units\":[1],\"Mandated\":true,\"defaultValue\":\"6\",\"index\":0},{\"data\":\"6\",\"secondtype\":1,\"name\":\"警车数\",\"StatisticsType\":[1,4,5],\"units\":[1],\"Mandated\":true,\"defaultValue\":\"6\",\"index\":0},{\"data\":\"6\",\"secondtype\":1,\"name\":\"现场执法数\",\"StatisticsType\":[1,4,5],\"units\":[1],\"Mandated\":true,\"defaultValue\":\"6\",\"index\":0}],\"hasSecondItems\":true,\"Name\":\"勤务动态\",\"Mandated\":false,\"Deleted\":false,\"Comment\":\"\",\"units\":[1],\"inputtype\":1,\"StatisticsType\":[1],\"defaultValue\":\"\",\"tabletype\":\"每日交管动态汇报\",\"index\":99},{\"Content\":\"烟台港堵\",\"secondlist\":[],\"hasSecondItems\":false,\"Name\":\"市区路网交通运行评价\",\"Mandated\":false,\"Deleted\":false,\"Comment\":\"\",\"units\":[1],\"inputtype\":3,\"StatisticsType\":[4],\"defaultValue\":\"烟台港堵\",\"tabletype\":\"每日交管动态汇报\",\"index\":96},{\"Content\":\"\",\"secondlist\":[{\"data\":\"6\",\"secondtype\":1,\"name\":\"交通事故数\",\"StatisticsType\":[1,4,5],\"units\":[1],\"Mandated\":true,\"defaultValue\":\"6\",\"index\":0},{\"data\":\"6\",\"secondtype\":1,\"name\":\"受伤事故数\",\"StatisticsType\":[1,4,5],\"units\":[1],\"Mandated\":true,\"defaultValue\":\"6\",\"index\":0},{\"data\":\"6\",\"secondtype\":1,\"name\":\"受伤人数\",\"StatisticsType\":[1,4,5],\"units\":[1],\"Mandated\":true,\"defaultValue\":\"6\",\"index\":0},{\"data\":\"6\",\"secondtype\":1,\"name\":\"死亡事故数\",\"StatisticsType\":[1,4,5],\"units\":[1],\"Mandated\":true,\"defaultValue\":\"6\",\"index\":0},{\"data\":\"6\",\"secondtype\":1,\"name\":\"死亡人数\",\"StatisticsType\":[1,4,5],\"units\":[1],\"Mandated\":true,\"defaultValue\":\"6\",\"index\":0}],\"hasSecondItems\":true,\"Name\":\"交通事故概况\",\"Mandated\":false,\"Deleted\":false,\"Comment\":\"\",\"units\":[1],\"inputtype\":1,\"StatisticsType\":[1],\"defaultValue\":\"\",\"tabletype\":\"每日交管动态汇报\",\"index\":98},{\"Content\":\"烟台港\",\"secondlist\":[],\"hasSecondItems\":false,\"Name\":\"审核人\",\"Mandated\":true,\"Deleted\":false,\"Comment\":\"\",\"units\":[1],\"inputtype\":2,\"StatisticsType\":[3],\"defaultValue\":\"烟台港\",\"tabletype\":\"每日交管动态汇报\",\"index\":93},{\"Content\":\"烟台港\",\"secondlist\":[],\"hasSecondItems\":false,\"Name\":\"撰写人\",\"Mandated\":true,\"Deleted\":false,\"Comment\":\"\",\"units\":[1],\"inputtype\":2,\"StatisticsType\":[4],\"defaultValue\":\"烟台港\",\"tabletype\":\"每日交管动态汇报\",\"index\":93},{\"Content\":\"\",\"secondlist\":[{\"data\":\"0\",\"secondtype\":2,\"name\":\"辖区天气\",\"StatisticsType\":[],\"units\":[1],\"Mandated\":false,\"defaultValue\":\"0\",\"index\":0},{\"data\":\"0\",\"secondtype\":1,\"name\":\"最高气温\",\"StatisticsType\":[],\"units\":[1],\"Mandated\":false,\"defaultValue\":\"0\",\"index\":0},{\"data\":\"0\",\"secondtype\":1,\"name\":\"最低气温\",\"StatisticsType\":[],\"units\":[1],\"Mandated\":false,\"defaultValue\":\"0\",\"index\":0},{\"data\":\"0\",\"secondtype\":2,\"name\":\"预警事件\",\"StatisticsType\":[],\"units\":[1],\"Mandated\":false,\"defaultValue\":\"0\",\"index\":0}],\"hasSecondItems\":true,\"Name\":\"交通事件统计\",\"Mandated\":false,\"Deleted\":false,\"Comment\":\"\",\"units\":[1],\"inputtype\":0,\"StatisticsType\":[],\"defaultValue\":\"\",\"tabletype\":\"每日交管动态汇报\",\"index\":95},{\"Content\":\"烟台港\",\"secondlist\":[],\"hasSecondItems\":false,\"Name\":\"工作动态\",\"Mandated\":true,\"Deleted\":false,\"Comment\":\"\",\"units\":[1],\"inputtype\":3,\"StatisticsType\":[4],\"defaultValue\":\"烟台港\",\"tabletype\":\"每日交管动态汇报\",\"index\":94},{\"Content\":\"烟台港\",\"secondlist\":[],\"hasSecondItems\":false,\"Name\":\"指挥调度概况\",\"Mandated\":false,\"Deleted\":false,\"Comment\":\"\",\"units\":[1],\"inputtype\":3,\"StatisticsType\":[4],\"defaultValue\":\"烟台港\",\"tabletype\":\"每日交管动态汇报\",\"index\":96}],\"draft\":0}',3,'2017-11-18 13:32:14',NULL,0,NULL,'2017-11-18 13:32:22','每日交管动态汇报'),('2017-11-18','yantaigang','{\"date\":\"2017-11-18\",\"reportname\":\"每日点名统计汇报\",\"datalist\":[{\"Content\":\"\",\"secondlist\":[],\"hasSecondItems\":false,\"Name\":\"汇报日期\",\"Mandated\":false,\"Deleted\":false,\"Comment\":\"\",\"units\":[1],\"inputtype\":4,\"StatisticsType\":[],\"defaultValue\":\"\",\"tabletype\":\"每日点名统计汇报\",\"index\":91},{\"Content\":\"\",\"secondlist\":[{\"data\":\"2\",\"secondtype\":1,\"name\":\"交通事故数\",\"StatisticsType\":[1,4,5],\"units\":[1],\"Mandated\":true,\"defaultValue\":\"2\",\"index\":0},{\"data\":\"1\",\"secondtype\":1,\"name\":\"受伤事故数\",\"StatisticsType\":[1,4,5],\"units\":[1],\"Mandated\":true,\"defaultValue\":\"1\",\"index\":0},{\"data\":\"1\",\"secondtype\":1,\"name\":\"受伤人数\",\"StatisticsType\":[1,4,5],\"units\":[1],\"Mandated\":true,\"defaultValue\":\"1\",\"index\":0},{\"data\":\"1\",\"secondtype\":1,\"name\":\"死亡事故数\",\"StatisticsType\":[1,4,5],\"units\":[1],\"Mandated\":true,\"defaultValue\":\"1\",\"index\":0},{\"data\":\"1\",\"secondtype\":1,\"name\":\"死亡人数\",\"StatisticsType\":[1,4,5],\"units\":[1],\"Mandated\":true,\"defaultValue\":\"1\",\"index\":0}],\"hasSecondItems\":true,\"Name\":\"交通事故概况\",\"Mandated\":false,\"Deleted\":false,\"Comment\":\"\",\"units\":[1],\"inputtype\":0,\"StatisticsType\":[],\"defaultValue\":\"\",\"tabletype\":\"每日点名统计汇报\",\"index\":98},{\"Content\":\"YTG\",\"secondlist\":[],\"hasSecondItems\":false,\"Name\":\"道路交通设施概况\",\"Mandated\":true,\"Deleted\":false,\"Comment\":\"\",\"units\":[1],\"inputtype\":3,\"StatisticsType\":[],\"defaultValue\":\"YTG\",\"tabletype\":\"每日点名统计汇报\",\"index\":97},{\"Content\":\"无YTG\",\"secondlist\":[],\"hasSecondItems\":false,\"Name\":\"指挥调度概况\",\"Mandated\":false,\"Deleted\":false,\"Comment\":\"\",\"units\":[1],\"inputtype\":3,\"StatisticsType\":[],\"defaultValue\":\"无YTG\",\"tabletype\":\"每日点名统计汇报\",\"index\":96},{\"Content\":\"无YTG\",\"secondlist\":[],\"hasSecondItems\":false,\"Name\":\"市区路网交通运行评价\",\"Mandated\":false,\"Deleted\":false,\"Comment\":\"\",\"units\":[1],\"inputtype\":3,\"StatisticsType\":[],\"defaultValue\":\"无YTG\",\"tabletype\":\"每日点名统计汇报\",\"index\":95},{\"Content\":\"无YTG\",\"secondlist\":[],\"hasSecondItems\":false,\"Name\":\"审核人\",\"Mandated\":true,\"Deleted\":false,\"Comment\":\"\",\"units\":[1],\"inputtype\":3,\"StatisticsType\":[],\"defaultValue\":\"无YTG\",\"tabletype\":\"每日点名统计汇报\",\"index\":92},{\"Content\":\"\",\"secondlist\":[{\"data\":\"12\",\"secondtype\":1,\"name\":\"辖区天气\",\"StatisticsType\":[],\"units\":[1],\"Mandated\":false,\"defaultValue\":\"12\",\"index\":0},{\"data\":\"1\",\"secondtype\":1,\"name\":\"最高气温\",\"StatisticsType\":[],\"units\":[1],\"Mandated\":false,\"defaultValue\":\"1\",\"index\":0},{\"data\":\"1\",\"secondtype\":1,\"name\":\"最低气温\",\"StatisticsType\":[],\"units\":[1],\"Mandated\":false,\"defaultValue\":\"1\",\"index\":0},{\"data\":\"1\",\"secondtype\":1,\"name\":\"预警事件\",\"StatisticsType\":[],\"units\":[1],\"Mandated\":false,\"defaultValue\":\"1\",\"index\":0}],\"hasSecondItems\":true,\"Name\":\"交通事件统计\",\"Mandated\":false,\"Deleted\":false,\"Comment\":\"\",\"units\":[1],\"inputtype\":0,\"StatisticsType\":[],\"defaultValue\":\"\",\"tabletype\":\"每日点名统计汇报\",\"index\":94},{\"Content\":\"无YTG\",\"secondlist\":[],\"hasSecondItems\":false,\"Name\":\"工作动态\",\"Mandated\":true,\"Deleted\":false,\"Comment\":\"\",\"units\":[1],\"inputtype\":3,\"StatisticsType\":[],\"defaultValue\":\"无YTG\",\"tabletype\":\"每日点名统计汇报\",\"index\":94},{\"Content\":\"\",\"secondlist\":[{\"data\":\"5\",\"secondtype\":1,\"name\":\"出警次数\",\"StatisticsType\":[1,4,5],\"units\":[1],\"Mandated\":true,\"defaultValue\":\"5\",\"index\":0},{\"data\":\"2\",\"secondtype\":1,\"name\":\"警车数\",\"StatisticsType\":[1,4,5],\"units\":[1],\"Mandated\":true,\"defaultValue\":\"2\",\"index\":0},{\"data\":\"2\",\"secondtype\":1,\"name\":\"现场执法\",\"StatisticsType\":[1,4,5],\"units\":[1],\"Mandated\":true,\"defaultValue\":\"2\",\"index\":0}],\"hasSecondItems\":true,\"Name\":\"勤务动态\",\"Mandated\":false,\"Deleted\":false,\"Comment\":\"此处填写警务动态\",\"units\":[1],\"inputtype\":0,\"StatisticsType\":[],\"defaultValue\":\"\",\"tabletype\":\"每日点名统计汇报\",\"index\":99},{\"Content\":\"无YTG\",\"secondlist\":[],\"hasSecondItems\":false,\"Name\":\"撰写人\",\"Mandated\":true,\"Deleted\":false,\"Comment\":\"\",\"units\":[1],\"inputtype\":3,\"StatisticsType\":[],\"defaultValue\":\"无YTG\",\"tabletype\":\"每日点名统计汇报\",\"index\":93}],\"draft\":0}',4,'2017-11-18 08:44:49','',3,NULL,'2017-11-18 08:44:49','每日点名统计汇报'),('2017-11-18','zhaoyuan','{\"date\":\"2017-11-18\",\"reportname\":\"每日交管动态汇报\",\"datalist\":[{\"Content\":\"\",\"secondlist\":[{\"data\":\"9\",\"secondtype\":1,\"name\":\"出警次数\",\"StatisticsType\":[1,4,5],\"units\":[1],\"Mandated\":true,\"defaultValue\":\"9\",\"index\":0},{\"data\":\"9\",\"secondtype\":1,\"name\":\"警车数\",\"StatisticsType\":[1,4,5],\"units\":[1],\"Mandated\":true,\"defaultValue\":\"9\",\"index\":0},{\"data\":\"9\",\"secondtype\":1,\"name\":\"现场执法数\",\"StatisticsType\":[1,4,5],\"units\":[1],\"Mandated\":true,\"defaultValue\":\"9\",\"index\":0}],\"hasSecondItems\":true,\"Name\":\"勤务动态\",\"Mandated\":false,\"Deleted\":false,\"Comment\":\"\",\"units\":[1],\"inputtype\":1,\"StatisticsType\":[1],\"defaultValue\":\"\",\"tabletype\":\"每日交管动态汇报\",\"index\":99},{\"Content\":\"招远良好\",\"secondlist\":[],\"hasSecondItems\":false,\"Name\":\"市区路网交通运行评价\",\"Mandated\":false,\"Deleted\":false,\"Comment\":\"\",\"units\":[1],\"inputtype\":3,\"StatisticsType\":[4],\"defaultValue\":\"招远良好\",\"tabletype\":\"每日交管动态汇报\",\"index\":96},{\"Content\":\"\",\"secondlist\":[{\"data\":\"9\",\"secondtype\":1,\"name\":\"交通事故数\",\"StatisticsType\":[1,4,5],\"units\":[1],\"Mandated\":true,\"defaultValue\":\"9\",\"index\":0},{\"data\":\"9\",\"secondtype\":1,\"name\":\"受伤事故数\",\"StatisticsType\":[1,4,5],\"units\":[1],\"Mandated\":true,\"defaultValue\":\"9\",\"index\":0},{\"data\":\"9\",\"secondtype\":1,\"name\":\"受伤人数\",\"StatisticsType\":[1,4,5],\"units\":[1],\"Mandated\":true,\"defaultValue\":\"9\",\"index\":0},{\"data\":\"9\",\"secondtype\":1,\"name\":\"死亡事故数\",\"StatisticsType\":[1,4,5],\"units\":[1],\"Mandated\":true,\"defaultValue\":\"9\",\"index\":0},{\"data\":\"9\",\"secondtype\":1,\"name\":\"死亡人数\",\"StatisticsType\":[1,4,5],\"units\":[1],\"Mandated\":true,\"defaultValue\":\"9\",\"index\":0}],\"hasSecondItems\":true,\"Name\":\"交通事故概况\",\"Mandated\":false,\"Deleted\":false,\"Comment\":\"\",\"units\":[1],\"inputtype\":1,\"StatisticsType\":[1],\"defaultValue\":\"\",\"tabletype\":\"每日交管动态汇报\",\"index\":98},{\"Content\":\"招远\",\"secondlist\":[],\"hasSecondItems\":false,\"Name\":\"审核人\",\"Mandated\":true,\"Deleted\":false,\"Comment\":\"\",\"units\":[1],\"inputtype\":2,\"StatisticsType\":[3],\"defaultValue\":\"招远\",\"tabletype\":\"每日交管动态汇报\",\"index\":93},{\"Content\":\"招远\",\"secondlist\":[],\"hasSecondItems\":false,\"Name\":\"撰写人\",\"Mandated\":true,\"Deleted\":false,\"Comment\":\"\",\"units\":[1],\"inputtype\":2,\"StatisticsType\":[4],\"defaultValue\":\"招远\",\"tabletype\":\"每日交管动态汇报\",\"index\":93},{\"Content\":\"\",\"secondlist\":[{\"data\":\"9\",\"secondtype\":2,\"name\":\"辖区天气\",\"StatisticsType\":[],\"units\":[1],\"Mandated\":false,\"defaultValue\":\"9\",\"index\":0},{\"data\":\"9\",\"secondtype\":1,\"name\":\"最高气温\",\"StatisticsType\":[],\"units\":[1],\"Mandated\":false,\"defaultValue\":\"9\",\"index\":0},{\"data\":\"9\",\"secondtype\":1,\"name\":\"最低气温\",\"StatisticsType\":[],\"units\":[1],\"Mandated\":false,\"defaultValue\":\"9\",\"index\":0},{\"data\":\"9\",\"secondtype\":2,\"name\":\"预警事件\",\"StatisticsType\":[],\"units\":[1],\"Mandated\":false,\"defaultValue\":\"9\",\"index\":0}],\"hasSecondItems\":true,\"Name\":\"交通事件统计\",\"Mandated\":false,\"Deleted\":false,\"Comment\":\"\",\"units\":[1],\"inputtype\":0,\"StatisticsType\":[],\"defaultValue\":\"\",\"tabletype\":\"每日交管动态汇报\",\"index\":95},{\"Content\":\"招远\",\"secondlist\":[],\"hasSecondItems\":false,\"Name\":\"工作动态\",\"Mandated\":true,\"Deleted\":false,\"Comment\":\"\",\"units\":[1],\"inputtype\":3,\"StatisticsType\":[4],\"defaultValue\":\"招远\",\"tabletype\":\"每日交管动态汇报\",\"index\":94},{\"Content\":\"招远良好\",\"secondlist\":[],\"hasSecondItems\":false,\"Name\":\"指挥调度概况\",\"Mandated\":false,\"Deleted\":false,\"Comment\":\"\",\"units\":[1],\"inputtype\":3,\"StatisticsType\":[4],\"defaultValue\":\"招远良好\",\"tabletype\":\"每日交管动态汇报\",\"index\":96}],\"draft\":0}',3,'2017-11-18 13:31:06',NULL,0,NULL,'2017-11-18 13:31:06','每日交管动态汇报'),('2017-11-18','zhaoyuan','{\"date\":\"2017-11-18\",\"reportname\":\"每日点名统计汇报\",\"datalist\":[{\"Content\":\"\",\"secondlist\":[],\"hasSecondItems\":false,\"Name\":\"汇报日期\",\"Mandated\":false,\"Deleted\":false,\"Comment\":\"\",\"units\":[1],\"inputtype\":4,\"StatisticsType\":[],\"defaultValue\":\"\",\"tabletype\":\"每日点名统计汇报\",\"index\":91},{\"Content\":\"\",\"secondlist\":[{\"data\":\"6\",\"secondtype\":1,\"name\":\"交通事故数\",\"StatisticsType\":[1,4,5],\"units\":[1],\"Mandated\":true,\"defaultValue\":\"6\",\"index\":0},{\"data\":\"6\",\"secondtype\":1,\"name\":\"受伤事故数\",\"StatisticsType\":[1,4,5],\"units\":[1],\"Mandated\":true,\"defaultValue\":\"6\",\"index\":0},{\"data\":\"6\",\"secondtype\":1,\"name\":\"受伤人数\",\"StatisticsType\":[1,4,5],\"units\":[1],\"Mandated\":true,\"defaultValue\":\"6\",\"index\":0},{\"data\":\"6\",\"secondtype\":1,\"name\":\"死亡事故数\",\"StatisticsType\":[1,4,5],\"units\":[1],\"Mandated\":true,\"defaultValue\":\"6\",\"index\":0},{\"data\":\"6\",\"secondtype\":1,\"name\":\"死亡人数\",\"StatisticsType\":[1,4,5],\"units\":[1],\"Mandated\":true,\"defaultValue\":\"6\",\"index\":0}],\"hasSecondItems\":true,\"Name\":\"交通事故概况\",\"Mandated\":false,\"Deleted\":false,\"Comment\":\"\",\"units\":[1],\"inputtype\":0,\"StatisticsType\":[],\"defaultValue\":\"\",\"tabletype\":\"每日点名统计汇报\",\"index\":98},{\"Content\":\"招远堵\",\"secondlist\":[],\"hasSecondItems\":false,\"Name\":\"道路交通设施概况\",\"Mandated\":true,\"Deleted\":false,\"Comment\":\"\",\"units\":[1],\"inputtype\":3,\"StatisticsType\":[],\"defaultValue\":\"招远堵\",\"tabletype\":\"每日点名统计汇报\",\"index\":97},{\"Content\":\"招远无\",\"secondlist\":[],\"hasSecondItems\":false,\"Name\":\"指挥调度概况\",\"Mandated\":false,\"Deleted\":false,\"Comment\":\"\",\"units\":[1],\"inputtype\":3,\"StatisticsType\":[],\"defaultValue\":\"招远无\",\"tabletype\":\"每日点名统计汇报\",\"index\":96},{\"Content\":\"招远\",\"secondlist\":[],\"hasSecondItems\":false,\"Name\":\"市区路网交通运行评价\",\"Mandated\":false,\"Deleted\":false,\"Comment\":\"\",\"units\":[1],\"inputtype\":3,\"StatisticsType\":[],\"defaultValue\":\"招远\",\"tabletype\":\"每日点名统计汇报\",\"index\":95},{\"Content\":\"无ZY\",\"secondlist\":[],\"hasSecondItems\":false,\"Name\":\"审核人\",\"Mandated\":true,\"Deleted\":false,\"Comment\":\"\",\"units\":[1],\"inputtype\":3,\"StatisticsType\":[],\"defaultValue\":\"无ZY\",\"tabletype\":\"每日点名统计汇报\",\"index\":92},{\"Content\":\"\",\"secondlist\":[{\"data\":\"5444\",\"secondtype\":1,\"name\":\"辖区天气\",\"StatisticsType\":[],\"units\":[1],\"Mandated\":false,\"defaultValue\":\"5444\",\"index\":0},{\"data\":\"4\",\"secondtype\":1,\"name\":\"最高气温\",\"StatisticsType\":[],\"units\":[1],\"Mandated\":false,\"defaultValue\":\"4\",\"index\":0},{\"data\":\"4\",\"secondtype\":1,\"name\":\"最低气温\",\"StatisticsType\":[],\"units\":[1],\"Mandated\":false,\"defaultValue\":\"4\",\"index\":0},{\"data\":\"4\",\"secondtype\":1,\"name\":\"预警事件\",\"StatisticsType\":[],\"units\":[1],\"Mandated\":false,\"defaultValue\":\"4\",\"index\":0}],\"hasSecondItems\":true,\"Name\":\"交通事件统计\",\"Mandated\":false,\"Deleted\":false,\"Comment\":\"\",\"units\":[1],\"inputtype\":0,\"StatisticsType\":[],\"defaultValue\":\"\",\"tabletype\":\"每日点名统计汇报\",\"index\":94},{\"Content\":\"ZY\",\"secondlist\":[],\"hasSecondItems\":false,\"Name\":\"工作动态\",\"Mandated\":true,\"Deleted\":false,\"Comment\":\"\",\"units\":[1],\"inputtype\":3,\"StatisticsType\":[],\"defaultValue\":\"ZY\",\"tabletype\":\"每日点名统计汇报\",\"index\":94},{\"Content\":\"\",\"secondlist\":[{\"data\":\"9\",\"secondtype\":1,\"name\":\"出警次数\",\"StatisticsType\":[1,4,5],\"units\":[1],\"Mandated\":true,\"defaultValue\":\"9\",\"index\":0},{\"data\":\"5\",\"secondtype\":1,\"name\":\"警车数\",\"StatisticsType\":[1,4,5],\"units\":[1],\"Mandated\":true,\"defaultValue\":\"5\",\"index\":0},{\"data\":\"4\",\"secondtype\":1,\"name\":\"现场执法\",\"StatisticsType\":[1,4,5],\"units\":[1],\"Mandated\":true,\"defaultValue\":\"4\",\"index\":0}],\"hasSecondItems\":true,\"Name\":\"勤务动态\",\"Mandated\":false,\"Deleted\":false,\"Comment\":\"此处填写警务动态\",\"units\":[1],\"inputtype\":0,\"StatisticsType\":[],\"defaultValue\":\"\",\"tabletype\":\"每日点名统计汇报\",\"index\":99},{\"Content\":\"无ZY\",\"secondlist\":[],\"hasSecondItems\":false,\"Name\":\"撰写人\",\"Mandated\":true,\"Deleted\":false,\"Comment\":\"\",\"units\":[1],\"inputtype\":3,\"StatisticsType\":[],\"defaultValue\":\"无ZY\",\"tabletype\":\"每日点名统计汇报\",\"index\":93}],\"draft\":0}',4,'2017-11-18 08:43:23','',3,NULL,'2017-11-18 08:43:23','每日点名统计汇报'),('2017-11-19','three','{\"date\":\"2017-11-19\",\"reportname\":\"每日点名统计汇报\",\"datalist\":[{\"Content\":\"\",\"secondlist\":[],\"hasSecondItems\":false,\"Name\":\"汇报日期\",\"Mandated\":false,\"Deleted\":false,\"Comment\":\"\",\"units\":[1],\"inputtype\":4,\"StatisticsType\":[],\"defaultValue\":\"\",\"tabletype\":\"每日点名统计汇报\",\"index\":91},{\"Content\":\"\",\"secondlist\":[{\"data\":\"2\",\"secondtype\":1,\"name\":\"交通事故数\",\"StatisticsType\":[1,4,5],\"units\":[1],\"Mandated\":true,\"defaultValue\":\"2\",\"index\":0},{\"data\":\"3\",\"secondtype\":1,\"name\":\"受伤事故数\",\"StatisticsType\":[1,4,5],\"units\":[1],\"Mandated\":true,\"defaultValue\":\"3\",\"index\":0},{\"data\":\"3\",\"secondtype\":1,\"name\":\"受伤人数\",\"StatisticsType\":[1,4,5],\"units\":[1],\"Mandated\":true,\"defaultValue\":\"3\",\"index\":0},{\"data\":\"3\",\"secondtype\":1,\"name\":\"死亡事故数\",\"StatisticsType\":[1,4,5],\"units\":[1],\"Mandated\":true,\"defaultValue\":\"3\",\"index\":0},{\"data\":\"3\",\"secondtype\":1,\"name\":\"死亡人数\",\"StatisticsType\":[1,4,5],\"units\":[1],\"Mandated\":true,\"defaultValue\":\"3\",\"index\":0}],\"hasSecondItems\":true,\"Name\":\"交通事故概况\",\"Mandated\":false,\"Deleted\":false,\"Comment\":\"\",\"units\":[1],\"inputtype\":0,\"StatisticsType\":[],\"defaultValue\":\"\",\"tabletype\":\"每日点名统计汇报\",\"index\":98},{\"Content\":\"无\",\"secondlist\":[],\"hasSecondItems\":false,\"Name\":\"道路交通设施概况\",\"Mandated\":true,\"Deleted\":false,\"Comment\":\"\",\"units\":[1],\"inputtype\":3,\"StatisticsType\":[],\"defaultValue\":\"无\",\"tabletype\":\"每日点名统计汇报\",\"index\":97},{\"Content\":\"无\",\"secondlist\":[],\"hasSecondItems\":false,\"Name\":\"指挥调度概况\",\"Mandated\":false,\"Deleted\":false,\"Comment\":\"\",\"units\":[1],\"inputtype\":3,\"StatisticsType\":[],\"defaultValue\":\"无\",\"tabletype\":\"每日点名统计汇报\",\"index\":96},{\"Content\":\"无\",\"secondlist\":[],\"hasSecondItems\":false,\"Name\":\"市区路网交通运行评价\",\"Mandated\":false,\"Deleted\":false,\"Comment\":\"\",\"units\":[1],\"inputtype\":3,\"StatisticsType\":[],\"defaultValue\":\"无\",\"tabletype\":\"每日点名统计汇报\",\"index\":95},{\"Content\":\"无\",\"secondlist\":[],\"hasSecondItems\":false,\"Name\":\"审核人\",\"Mandated\":true,\"Deleted\":false,\"Comment\":\"\",\"units\":[1],\"inputtype\":3,\"StatisticsType\":[],\"defaultValue\":\"无\",\"tabletype\":\"每日点名统计汇报\",\"index\":92},{\"Content\":\"\",\"secondlist\":[{\"data\":\"\",\"secondtype\":1,\"name\":\"辖区天气\",\"StatisticsType\":[],\"units\":[1],\"Mandated\":false,\"defaultValue\":\"\",\"index\":0},{\"data\":\"\",\"secondtype\":1,\"name\":\"最高气温\",\"StatisticsType\":[],\"units\":[1],\"Mandated\":false,\"defaultValue\":\"\",\"index\":0},{\"data\":\"\",\"secondtype\":1,\"name\":\"最低气温\",\"StatisticsType\":[],\"units\":[1],\"Mandated\":false,\"defaultValue\":\"\",\"index\":0},{\"data\":\"\",\"secondtype\":1,\"name\":\"预警事件\",\"StatisticsType\":[],\"units\":[1],\"Mandated\":false,\"defaultValue\":\"\",\"index\":0}],\"hasSecondItems\":true,\"Name\":\"交通事件统计\",\"Mandated\":false,\"Deleted\":false,\"Comment\":\"\",\"units\":[1],\"inputtype\":0,\"StatisticsType\":[],\"defaultValue\":\"\",\"tabletype\":\"每日点名统计汇报\",\"index\":94},{\"Content\":\"无\",\"secondlist\":[],\"hasSecondItems\":false,\"Name\":\"工作动态\",\"Mandated\":true,\"Deleted\":false,\"Comment\":\"\",\"units\":[1],\"inputtype\":3,\"StatisticsType\":[],\"defaultValue\":\"无\",\"tabletype\":\"每日点名统计汇报\",\"index\":94},{\"Content\":\"\",\"secondlist\":[{\"data\":null,\"secondtype\":1,\"name\":\"出警次数\",\"StatisticsType\":[1,4,5],\"units\":[1],\"Mandated\":true,\"defaultValue\":null,\"index\":0},{\"data\":\"1\",\"secondtype\":1,\"name\":\"警车数\",\"StatisticsType\":[1,4,5],\"units\":[1],\"Mandated\":true,\"defaultValue\":\"1\",\"index\":0},{\"data\":\"1\",\"secondtype\":1,\"name\":\"现场执法\",\"StatisticsType\":[1,4,5],\"units\":[1],\"Mandated\":true,\"defaultValue\":\"1\",\"index\":0}],\"hasSecondItems\":true,\"Name\":\"勤务动态\",\"Mandated\":false,\"Deleted\":false,\"Comment\":\"此处填写警务动态\",\"units\":[1],\"inputtype\":0,\"StatisticsType\":[],\"defaultValue\":\"\",\"tabletype\":\"每日点名统计汇报\",\"index\":99},{\"Content\":\"无\",\"secondlist\":[],\"hasSecondItems\":false,\"Name\":\"撰写人\",\"Mandated\":true,\"Deleted\":false,\"Comment\":\"\",\"units\":[1],\"inputtype\":3,\"StatisticsType\":[],\"defaultValue\":\"无\",\"tabletype\":\"每日点名统计汇报\",\"index\":93}],\"draft\":0}',0,'2017-11-18 09:08:35',NULL,0,NULL,'2017-11-18 09:08:35','每日点名统计汇报'),('2017-11-20','three','{\"date\":\"2017-11-20\",\"reportname\":\"每日点名统计汇报\",\"datalist\":[{\"Content\":\"\",\"secondlist\":[],\"hasSecondItems\":false,\"Name\":\"汇报日期\",\"Mandated\":false,\"Deleted\":false,\"Comment\":\"\",\"units\":[1],\"inputtype\":4,\"StatisticsType\":[],\"defaultValue\":\"\",\"tabletype\":\"每日点名统计汇报\",\"index\":91},{\"Content\":\"\",\"secondlist\":[{\"data\":\"1\",\"secondtype\":1,\"name\":\"交通事故数\",\"StatisticsType\":[1,4,5],\"units\":[1],\"Mandated\":true,\"defaultValue\":\"1\",\"index\":0},{\"data\":\"1\",\"secondtype\":1,\"name\":\"受伤事故数\",\"StatisticsType\":[1,4,5],\"units\":[1],\"Mandated\":true,\"defaultValue\":\"1\",\"index\":0},{\"data\":\"1\",\"secondtype\":1,\"name\":\"受伤人数\",\"StatisticsType\":[1,4,5],\"units\":[1],\"Mandated\":true,\"defaultValue\":\"1\",\"index\":0},{\"data\":\"1\",\"secondtype\":1,\"name\":\"死亡事故数\",\"StatisticsType\":[1,4,5],\"units\":[1],\"Mandated\":true,\"defaultValue\":\"1\",\"index\":0},{\"data\":\"1\",\"secondtype\":1,\"name\":\"死亡人数\",\"StatisticsType\":[1,4,5],\"units\":[1],\"Mandated\":true,\"defaultValue\":\"1\",\"index\":0}],\"hasSecondItems\":true,\"Name\":\"交通事故概况\",\"Mandated\":false,\"Deleted\":false,\"Comment\":\"\",\"units\":[1],\"inputtype\":0,\"StatisticsType\":[],\"defaultValue\":\"\",\"tabletype\":\"每日点名统计汇报\",\"index\":98},{\"Content\":\"无\",\"secondlist\":[],\"hasSecondItems\":false,\"Name\":\"道路交通设施概况\",\"Mandated\":true,\"Deleted\":false,\"Comment\":\"\",\"units\":[1],\"inputtype\":3,\"StatisticsType\":[],\"defaultValue\":\"无\",\"tabletype\":\"每日点名统计汇报\",\"index\":97},{\"Content\":\"无\",\"secondlist\":[],\"hasSecondItems\":false,\"Name\":\"指挥调度概况\",\"Mandated\":false,\"Deleted\":false,\"Comment\":\"\",\"units\":[1],\"inputtype\":3,\"StatisticsType\":[],\"defaultValue\":\"无\",\"tabletype\":\"每日点名统计汇报\",\"index\":96},{\"Content\":\"无\",\"secondlist\":[],\"hasSecondItems\":false,\"Name\":\"市区路网交通运行评价\",\"Mandated\":false,\"Deleted\":false,\"Comment\":\"\",\"units\":[1],\"inputtype\":3,\"StatisticsType\":[],\"defaultValue\":\"无\",\"tabletype\":\"每日点名统计汇报\",\"index\":95},{\"Content\":\"无\",\"secondlist\":[],\"hasSecondItems\":false,\"Name\":\"审核人\",\"Mandated\":true,\"Deleted\":false,\"Comment\":\"\",\"units\":[1],\"inputtype\":3,\"StatisticsType\":[],\"defaultValue\":\"无\",\"tabletype\":\"每日点名统计汇报\",\"index\":92},{\"Content\":\"\",\"secondlist\":[{\"data\":\"\",\"secondtype\":1,\"name\":\"辖区天气\",\"StatisticsType\":[],\"units\":[1],\"Mandated\":false,\"defaultValue\":\"\",\"index\":0},{\"data\":\"\",\"secondtype\":1,\"name\":\"最高气温\",\"StatisticsType\":[],\"units\":[1],\"Mandated\":false,\"defaultValue\":\"\",\"index\":0},{\"data\":\"\",\"secondtype\":1,\"name\":\"最低气温\",\"StatisticsType\":[],\"units\":[1],\"Mandated\":false,\"defaultValue\":\"\",\"index\":0},{\"data\":\"\",\"secondtype\":1,\"name\":\"预警事件\",\"StatisticsType\":[],\"units\":[1],\"Mandated\":false,\"defaultValue\":\"\",\"index\":0}],\"hasSecondItems\":true,\"Name\":\"交通事件统计\",\"Mandated\":false,\"Deleted\":false,\"Comment\":\"\",\"units\":[1],\"inputtype\":0,\"StatisticsType\":[],\"defaultValue\":\"\",\"tabletype\":\"每日点名统计汇报\",\"index\":94},{\"Content\":\"无\",\"secondlist\":[],\"hasSecondItems\":false,\"Name\":\"工作动态\",\"Mandated\":true,\"Deleted\":false,\"Comment\":\"\",\"units\":[1],\"inputtype\":3,\"StatisticsType\":[],\"defaultValue\":\"无\",\"tabletype\":\"每日点名统计汇报\",\"index\":94},{\"Content\":\"\",\"secondlist\":[{\"data\":null,\"secondtype\":1,\"name\":\"出警次数\",\"StatisticsType\":[1,4,5],\"units\":[1],\"Mandated\":true,\"defaultValue\":null,\"index\":0},{\"data\":\"1\",\"secondtype\":1,\"name\":\"警车数\",\"StatisticsType\":[1,4,5],\"units\":[1],\"Mandated\":true,\"defaultValue\":\"1\",\"index\":0},{\"data\":\"1\",\"secondtype\":1,\"name\":\"现场执法\",\"StatisticsType\":[1,4,5],\"units\":[1],\"Mandated\":true,\"defaultValue\":\"1\",\"index\":0}],\"hasSecondItems\":true,\"Name\":\"勤务动态\",\"Mandated\":false,\"Deleted\":false,\"Comment\":\"此处填写警务动态\",\"units\":[1],\"inputtype\":0,\"StatisticsType\":[],\"defaultValue\":\"\",\"tabletype\":\"每日点名统计汇报\",\"index\":99},{\"Content\":\"无\",\"secondlist\":[],\"hasSecondItems\":false,\"Name\":\"撰写人\",\"Mandated\":true,\"Deleted\":false,\"Comment\":\"\",\"units\":[1],\"inputtype\":3,\"StatisticsType\":[],\"defaultValue\":\"无\",\"tabletype\":\"每日点名统计汇报\",\"index\":93}],\"draft\":0}',0,'2017-11-18 09:09:23',NULL,0,NULL,'2017-11-18 09:09:23','每日点名统计汇报'),('2017-11-21','three','{\"date\":\"2017-11-21\",\"reportname\":\"每日点名统计汇报\",\"datalist\":[{\"Content\":\"\",\"secondlist\":[],\"hasSecondItems\":false,\"Name\":\"汇报日期\",\"Mandated\":false,\"Deleted\":false,\"Comment\":\"\",\"units\":[1],\"inputtype\":4,\"StatisticsType\":[],\"defaultValue\":\"\",\"tabletype\":\"每日点名统计汇报\",\"index\":91},{\"Content\":\"\",\"secondlist\":[{\"data\":\"1\",\"secondtype\":1,\"name\":\"交通事故数\",\"StatisticsType\":[1,4,5],\"units\":[1],\"Mandated\":true,\"defaultValue\":\"1\",\"index\":0},{\"data\":\"1\",\"secondtype\":1,\"name\":\"受伤事故数\",\"StatisticsType\":[1,4,5],\"units\":[1],\"Mandated\":true,\"defaultValue\":\"1\",\"index\":0},{\"data\":\"1\",\"secondtype\":1,\"name\":\"受伤人数\",\"StatisticsType\":[1,4,5],\"units\":[1],\"Mandated\":true,\"defaultValue\":\"1\",\"index\":0},{\"data\":\"1\",\"secondtype\":1,\"name\":\"死亡事故数\",\"StatisticsType\":[1,4,5],\"units\":[1],\"Mandated\":true,\"defaultValue\":\"1\",\"index\":0},{\"data\":\"1\",\"secondtype\":1,\"name\":\"死亡人数\",\"StatisticsType\":[1,4,5],\"units\":[1],\"Mandated\":true,\"defaultValue\":\"1\",\"index\":0}],\"hasSecondItems\":true,\"Name\":\"交通事故概况\",\"Mandated\":false,\"Deleted\":false,\"Comment\":\"\",\"units\":[1],\"inputtype\":0,\"StatisticsType\":[],\"defaultValue\":\"\",\"tabletype\":\"每日点名统计汇报\",\"index\":98},{\"Content\":\"无\",\"secondlist\":[],\"hasSecondItems\":false,\"Name\":\"道路交通设施概况\",\"Mandated\":true,\"Deleted\":false,\"Comment\":\"\",\"units\":[1],\"inputtype\":3,\"StatisticsType\":[],\"defaultValue\":\"无\",\"tabletype\":\"每日点名统计汇报\",\"index\":97},{\"Content\":\"无\",\"secondlist\":[],\"hasSecondItems\":false,\"Name\":\"指挥调度概况\",\"Mandated\":false,\"Deleted\":false,\"Comment\":\"\",\"units\":[1],\"inputtype\":3,\"StatisticsType\":[],\"defaultValue\":\"无\",\"tabletype\":\"每日点名统计汇报\",\"index\":96},{\"Content\":\"无\",\"secondlist\":[],\"hasSecondItems\":false,\"Name\":\"市区路网交通运行评价\",\"Mandated\":false,\"Deleted\":false,\"Comment\":\"\",\"units\":[1],\"inputtype\":3,\"StatisticsType\":[],\"defaultValue\":\"无\",\"tabletype\":\"每日点名统计汇报\",\"index\":95},{\"Content\":\"无\",\"secondlist\":[],\"hasSecondItems\":false,\"Name\":\"审核人\",\"Mandated\":true,\"Deleted\":false,\"Comment\":\"\",\"units\":[1],\"inputtype\":3,\"StatisticsType\":[],\"defaultValue\":\"无\",\"tabletype\":\"每日点名统计汇报\",\"index\":92},{\"Content\":\"\",\"secondlist\":[{\"data\":\"\",\"secondtype\":1,\"name\":\"辖区天气\",\"StatisticsType\":[],\"units\":[1],\"Mandated\":false,\"defaultValue\":\"\",\"index\":0},{\"data\":\"\",\"secondtype\":1,\"name\":\"最高气温\",\"StatisticsType\":[],\"units\":[1],\"Mandated\":false,\"defaultValue\":\"\",\"index\":0},{\"data\":\"\",\"secondtype\":1,\"name\":\"最低气温\",\"StatisticsType\":[],\"units\":[1],\"Mandated\":false,\"defaultValue\":\"\",\"index\":0},{\"data\":\"\",\"secondtype\":1,\"name\":\"预警事件\",\"StatisticsType\":[],\"units\":[1],\"Mandated\":false,\"defaultValue\":\"\",\"index\":0}],\"hasSecondItems\":true,\"Name\":\"交通事件统计\",\"Mandated\":false,\"Deleted\":false,\"Comment\":\"\",\"units\":[1],\"inputtype\":0,\"StatisticsType\":[],\"defaultValue\":\"\",\"tabletype\":\"每日点名统计汇报\",\"index\":94},{\"Content\":\"无\",\"secondlist\":[],\"hasSecondItems\":false,\"Name\":\"工作动态\",\"Mandated\":true,\"Deleted\":false,\"Comment\":\"\",\"units\":[1],\"inputtype\":3,\"StatisticsType\":[],\"defaultValue\":\"无\",\"tabletype\":\"每日点名统计汇报\",\"index\":94},{\"Content\":\"\",\"secondlist\":[{\"data\":null,\"secondtype\":1,\"name\":\"出警次数\",\"StatisticsType\":[1,4,5],\"units\":[1],\"Mandated\":true,\"defaultValue\":null,\"index\":0},{\"data\":\"1\",\"secondtype\":1,\"name\":\"警车数\",\"StatisticsType\":[1,4,5],\"units\":[1],\"Mandated\":true,\"defaultValue\":\"1\",\"index\":0},{\"data\":\"2\",\"secondtype\":1,\"name\":\"现场执法\",\"StatisticsType\":[1,4,5],\"units\":[1],\"Mandated\":true,\"defaultValue\":\"2\",\"index\":0}],\"hasSecondItems\":true,\"Name\":\"勤务动态\",\"Mandated\":false,\"Deleted\":false,\"Comment\":\"此处填写警务动态\",\"units\":[1],\"inputtype\":0,\"StatisticsType\":[],\"defaultValue\":\"\",\"tabletype\":\"每日点名统计汇报\",\"index\":99},{\"Content\":\"无\",\"secondlist\":[],\"hasSecondItems\":false,\"Name\":\"撰写人\",\"Mandated\":true,\"Deleted\":false,\"Comment\":\"\",\"units\":[1],\"inputtype\":3,\"StatisticsType\":[],\"defaultValue\":\"无\",\"tabletype\":\"每日点名统计汇报\",\"index\":93}],\"draft\":0}',0,'2017-11-18 09:10:09',NULL,0,NULL,'2017-11-18 09:10:09','每日点名统计汇报'),('2017-11-22','fushan','{\"date\":\"2017-11-22\",\"reportname\":\"每日点名统计汇报\",\"datalist\":[{\"Content\":\"\",\"secondlist\":[],\"hasSecondItems\":false,\"Name\":\"汇报日期\",\"Mandated\":false,\"Deleted\":false,\"Comment\":\"\",\"units\":[1],\"inputtype\":4,\"StatisticsType\":[],\"defaultValue\":\"\",\"tabletype\":\"每日点名统计汇报\",\"index\":91},{\"Content\":\"\",\"secondlist\":[{\"data\":\"3\",\"secondtype\":1,\"name\":\"交通事故数\",\"StatisticsType\":[1,4,5],\"units\":[1],\"Mandated\":true,\"defaultValue\":\"3\",\"index\":0},{\"data\":\"3\",\"secondtype\":1,\"name\":\"受伤事故数\",\"StatisticsType\":[1,4,5],\"units\":[1],\"Mandated\":true,\"defaultValue\":\"3\",\"index\":0},{\"data\":\"1\",\"secondtype\":1,\"name\":\"受伤人数\",\"StatisticsType\":[1,4,5],\"units\":[1],\"Mandated\":true,\"defaultValue\":\"1\",\"index\":0},{\"data\":\"1\",\"secondtype\":1,\"name\":\"死亡事故数\",\"StatisticsType\":[1,4,5],\"units\":[1],\"Mandated\":true,\"defaultValue\":\"1\",\"index\":0},{\"data\":\"1\",\"secondtype\":1,\"name\":\"死亡人数\",\"StatisticsType\":[1,4,5],\"units\":[1],\"Mandated\":true,\"defaultValue\":\"1\",\"index\":0}],\"hasSecondItems\":true,\"Name\":\"交通事故概况\",\"Mandated\":false,\"Deleted\":false,\"Comment\":\"\",\"units\":[1],\"inputtype\":0,\"StatisticsType\":[],\"defaultValue\":\"\",\"tabletype\":\"每日点名统计汇报\",\"index\":98},{\"Content\":\"无1\",\"secondlist\":[],\"hasSecondItems\":false,\"Name\":\"道路交通设施概况\",\"Mandated\":true,\"Deleted\":false,\"Comment\":\"\",\"units\":[1],\"inputtype\":3,\"StatisticsType\":[4,4,4,4,4,4,4,4,4,4],\"defaultValue\":\"无1\",\"tabletype\":\"每日点名统计汇报\",\"index\":97},{\"Content\":\"无1\",\"secondlist\":[],\"hasSecondItems\":false,\"Name\":\"指挥调度概况\",\"Mandated\":false,\"Deleted\":false,\"Comment\":\"\",\"units\":[1],\"inputtype\":3,\"StatisticsType\":[4,4,4],\"defaultValue\":\"无1\",\"tabletype\":\"每日点名统计汇报\",\"index\":96},{\"Content\":\"无1\",\"secondlist\":[],\"hasSecondItems\":false,\"Name\":\"市区路网交通运行评价\",\"Mandated\":false,\"Deleted\":false,\"Comment\":\"\",\"units\":[1],\"inputtype\":3,\"StatisticsType\":[4,4],\"defaultValue\":\"无1\",\"tabletype\":\"每日点名统计汇报\",\"index\":95},{\"Content\":\"无\",\"secondlist\":[],\"hasSecondItems\":false,\"Name\":\"审核人\",\"Mandated\":true,\"Deleted\":false,\"Comment\":\"\",\"units\":[1],\"inputtype\":3,\"StatisticsType\":[4],\"defaultValue\":\"无\",\"tabletype\":\"每日点名统计汇报\",\"index\":92},{\"Content\":\"\",\"secondlist\":[{\"data\":\"1\",\"secondtype\":2,\"name\":\"辖区天气\",\"StatisticsType\":[3],\"units\":[1],\"Mandated\":false,\"defaultValue\":\"1\",\"index\":0},{\"data\":\"1\",\"secondtype\":1,\"name\":\"最高气温\",\"StatisticsType\":[3],\"units\":[1],\"Mandated\":false,\"defaultValue\":\"1\",\"index\":0},{\"data\":\"1\",\"secondtype\":1,\"name\":\"最低气温\",\"StatisticsType\":[3],\"units\":[1],\"Mandated\":false,\"defaultValue\":\"1\",\"index\":0},{\"data\":\"1\",\"secondtype\":1,\"name\":\"预警事件\",\"StatisticsType\":[3],\"units\":[1],\"Mandated\":false,\"defaultValue\":\"1\",\"index\":0}],\"hasSecondItems\":true,\"Name\":\"交通事件统计\",\"Mandated\":false,\"Deleted\":false,\"Comment\":\"\",\"units\":[1],\"inputtype\":0,\"StatisticsType\":[],\"defaultValue\":\"\",\"tabletype\":\"每日点名统计汇报\",\"index\":94},{\"Content\":\"无\",\"secondlist\":[],\"hasSecondItems\":false,\"Name\":\"工作动态\",\"Mandated\":true,\"Deleted\":false,\"Comment\":\"\",\"units\":[1],\"inputtype\":3,\"StatisticsType\":[4,4],\"defaultValue\":\"无\",\"tabletype\":\"每日点名统计汇报\",\"index\":94},{\"Content\":\"\",\"secondlist\":[{\"data\":\"1\",\"secondtype\":1,\"name\":\"出警次数\",\"StatisticsType\":[1,4,5],\"units\":[1],\"Mandated\":true,\"defaultValue\":\"1\",\"index\":0},{\"data\":\"4\",\"secondtype\":1,\"name\":\"警车数\",\"StatisticsType\":[1,4,5],\"units\":[1],\"Mandated\":true,\"defaultValue\":\"4\",\"index\":0},{\"data\":\"2\",\"secondtype\":1,\"name\":\"现场执法\",\"StatisticsType\":[1,4,5],\"units\":[1],\"Mandated\":true,\"defaultValue\":\"2\",\"index\":0}],\"hasSecondItems\":true,\"Name\":\"勤务动态\",\"Mandated\":false,\"Deleted\":false,\"Comment\":\"此处填写警务动态\",\"units\":[1],\"inputtype\":0,\"StatisticsType\":[],\"defaultValue\":\"\",\"tabletype\":\"每日点名统计汇报\",\"index\":99},{\"Content\":\"无\",\"secondlist\":[],\"hasSecondItems\":false,\"Name\":\"撰写人\",\"Mandated\":true,\"Deleted\":false,\"Comment\":\"\",\"units\":[1],\"inputtype\":3,\"StatisticsType\":[4,4],\"defaultValue\":\"无\",\"tabletype\":\"每日点名统计汇报\",\"index\":93}],\"draft\":0}',0,'2017-11-18 09:50:46',NULL,0,NULL,'2017-11-18 09:50:46','每日点名统计汇报'),('2017-11-29','haiyang','{\"date\":\"2017-11-29\",\"reportname\":\"每日交管动态汇报\",\"datalist\":[{\"Content\":\"\",\"secondlist\":[{\"data\":\"0\",\"secondtype\":1,\"name\":\"出警次数\",\"StatisticsType\":[1,4,5],\"units\":[1],\"Mandated\":true,\"defaultValue\":\"0\",\"index\":0},{\"data\":\"0\",\"secondtype\":1,\"name\":\"警车数\",\"StatisticsType\":[1,4,5],\"units\":[1],\"Mandated\":true,\"defaultValue\":\"0\",\"index\":0},{\"data\":\"0\",\"secondtype\":1,\"name\":\"现场执法数\",\"StatisticsType\":[1,4,5],\"units\":[1],\"Mandated\":true,\"defaultValue\":\"0\",\"index\":0}],\"hasSecondItems\":true,\"Name\":\"勤务动态\",\"Mandated\":false,\"Deleted\":false,\"Comment\":\"\",\"units\":[1],\"inputtype\":1,\"StatisticsType\":[1],\"defaultValue\":\"\",\"tabletype\":\"每日交管动态汇报\",\"index\":99},{\"Content\":\"无\",\"secondlist\":[],\"hasSecondItems\":false,\"Name\":\"市区路网交通运行评价\",\"Mandated\":false,\"Deleted\":false,\"Comment\":\"\",\"units\":[1],\"inputtype\":3,\"StatisticsType\":[4],\"defaultValue\":\"无\",\"tabletype\":\"每日交管动态汇报\",\"index\":96},{\"Content\":\"\",\"secondlist\":[{\"data\":\"0\",\"secondtype\":1,\"name\":\"交通事故数\",\"StatisticsType\":[1,4,5],\"units\":[1],\"Mandated\":true,\"defaultValue\":\"0\",\"index\":0},{\"data\":\"0\",\"secondtype\":1,\"name\":\"受伤事故数\",\"StatisticsType\":[1,4,5],\"units\":[1],\"Mandated\":true,\"defaultValue\":\"0\",\"index\":0},{\"data\":\"0\",\"secondtype\":1,\"name\":\"受伤人数\",\"StatisticsType\":[1,4,5],\"units\":[1],\"Mandated\":true,\"defaultValue\":\"0\",\"index\":0},{\"data\":\"0\",\"secondtype\":1,\"name\":\"死亡事故数\",\"StatisticsType\":[1,4,5],\"units\":[1],\"Mandated\":true,\"defaultValue\":\"0\",\"index\":0},{\"data\":\"0\",\"secondtype\":1,\"name\":\"死亡人数\",\"StatisticsType\":[1,4,5],\"units\":[1],\"Mandated\":true,\"defaultValue\":\"0\",\"index\":0}],\"hasSecondItems\":true,\"Name\":\"交通事故概况\",\"Mandated\":false,\"Deleted\":false,\"Comment\":\"\",\"units\":[1],\"inputtype\":1,\"StatisticsType\":[1],\"defaultValue\":\"\",\"tabletype\":\"每日交管动态汇报\",\"index\":98},{\"Content\":\"1\",\"secondlist\":[],\"hasSecondItems\":false,\"Name\":\"审核人\",\"Mandated\":true,\"Deleted\":false,\"Comment\":\"\",\"units\":[1],\"inputtype\":2,\"StatisticsType\":[3],\"defaultValue\":\"1\",\"tabletype\":\"每日交管动态汇报\",\"index\":93},{\"Content\":\"1\",\"secondlist\":[],\"hasSecondItems\":false,\"Name\":\"撰写人\",\"Mandated\":true,\"Deleted\":false,\"Comment\":\"\",\"units\":[1],\"inputtype\":2,\"StatisticsType\":[4],\"defaultValue\":\"1\",\"tabletype\":\"每日交管动态汇报\",\"index\":93},{\"Content\":\"\",\"secondlist\":[{\"data\":\"\",\"secondtype\":2,\"name\":\"辖区天气\",\"StatisticsType\":[],\"units\":[1],\"Mandated\":false,\"defaultValue\":\"\",\"index\":0},{\"data\":\"\",\"secondtype\":1,\"name\":\"最高气温\",\"StatisticsType\":[],\"units\":[1],\"Mandated\":false,\"defaultValue\":\"\",\"index\":0},{\"data\":\"\",\"secondtype\":1,\"name\":\"最低气温\",\"StatisticsType\":[],\"units\":[1],\"Mandated\":false,\"defaultValue\":\"\",\"index\":0},{\"data\":null,\"secondtype\":2,\"name\":\"预警事件\",\"StatisticsType\":[],\"units\":[1],\"Mandated\":false,\"defaultValue\":null,\"index\":0}],\"hasSecondItems\":true,\"Name\":\"交通事件统计\",\"Mandated\":false,\"Deleted\":false,\"Comment\":\"\",\"units\":[1],\"inputtype\":0,\"StatisticsType\":[],\"defaultValue\":\"\",\"tabletype\":\"每日交管动态汇报\",\"index\":95},{\"Content\":\"无\",\"secondlist\":[],\"hasSecondItems\":false,\"Name\":\"工作动态\",\"Mandated\":true,\"Deleted\":false,\"Comment\":\"\",\"units\":[1],\"inputtype\":3,\"StatisticsType\":[4],\"defaultValue\":\"无\",\"tabletype\":\"每日交管动态汇报\",\"index\":94},{\"Content\":\"无\",\"secondlist\":[],\"hasSecondItems\":false,\"Name\":\"指挥调度概况\",\"Mandated\":false,\"Deleted\":false,\"Comment\":\"\",\"units\":[1],\"inputtype\":3,\"StatisticsType\":[4],\"defaultValue\":\"无\",\"tabletype\":\"每日交管动态汇报\",\"index\":96}],\"draft\":1}',1,'2017-11-18 13:52:33',NULL,0,NULL,'2017-11-18 13:52:33','每日交管动态汇报');
/*!40000 ALTER TABLE `reportsdata` ENABLE KEYS */;
UNLOCK TABLES;

--
-- Table structure for table `summarized`
--

DROP TABLE IF EXISTS `summarized`;
/*!40101 SET @saved_cs_client     = @@character_set_client */;
/*!40101 SET character_set_client = utf8 */;
CREATE TABLE `summarized` (
  `date` varchar(10) NOT NULL,
  `content` varchar(21000) NOT NULL,
  `draft` smallint(2) NOT NULL COMMENT '  public enum datastatus\n    {\n        submit,//0-提交到网站\n        draft,//1-草稿，\n        localword,//，2-保存word文档到本地，\n        undeterminied//3-待定\n    }',
  `time` datetime NOT NULL,
  `comment` varchar(450) DEFAULT NULL,
  `reportname` varchar(100) NOT NULL COMMENT '报表种类',
  PRIMARY KEY (`date`,`reportname`)
) ENGINE=InnoDB DEFAULT CHARSET=utf8 COMMENT='//日汇总数据';
/*!40101 SET character_set_client = @saved_cs_client */;

--
-- Dumping data for table `summarized`
--

LOCK TABLES `summarized` WRITE;
/*!40000 ALTER TABLE `summarized` DISABLE KEYS */;
INSERT INTO `summarized` VALUES ('2017-11-15','{\"datastatus\":2,\"date\":\"2017-11-15\",\"reportname\":\"每日交管动态汇报\",\"datalist\":[{\"Content\":\"\",\"secondlist\":[{\"data\":\"0\",\"secondtype\":1,\"name\":\"出警次数\",\"StatisticsType\":[1,4,5],\"units\":null,\"Mandated\":false,\"defaultValue\":\"0\",\"index\":0},{\"data\":\"0\",\"secondtype\":1,\"name\":\"警车数\",\"StatisticsType\":[1,4,5],\"units\":null,\"Mandated\":false,\"defaultValue\":\"0\",\"index\":0},{\"data\":\"0\",\"secondtype\":1,\"name\":\"现场执法数\",\"StatisticsType\":[1,4,5],\"units\":null,\"Mandated\":false,\"defaultValue\":\"0\",\"index\":0}],\"hasSecondItems\":true,\"Name\":\"勤务动态\",\"Mandated\":false,\"Deleted\":false,\"Comment\":\"\",\"units\":[1],\"inputtype\":1,\"StatisticsType\":[1],\"defaultValue\":\"\",\"tabletype\":null,\"index\":0},{\"Content\":\"\",\"secondlist\":[],\"hasSecondItems\":false,\"Name\":\"道路交通设施概况\",\"Mandated\":false,\"Deleted\":false,\"Comment\":\"\",\"units\":[2,3,4,5],\"inputtype\":3,\"StatisticsType\":[4],\"defaultValue\":\"\",\"tabletype\":null,\"index\":0},{\"Content\":\"招远大队：\\n1、无的沙发斯蒂芬三份\\n2、啊但是发沙发上f\\n3、阿什顿发顺丰的a。\",\"secondlist\":[],\"hasSecondItems\":false,\"Name\":\"市区路网交通运行评价\",\"Mandated\":false,\"Deleted\":false,\"Comment\":\"\",\"units\":[1],\"inputtype\":3,\"StatisticsType\":[4],\"defaultValue\":\"招远大队：\\n1、无的沙发斯蒂芬三份\\n2、啊但是发沙发上f\\n3、阿什顿发顺丰的a。\",\"tabletype\":null,\"index\":0},{\"Content\":\"\",\"secondlist\":[{\"data\":\"0\",\"secondtype\":1,\"name\":\"交通事故数\",\"StatisticsType\":[1,4,5],\"units\":null,\"Mandated\":false,\"defaultValue\":\"0\",\"index\":0},{\"data\":\"0\",\"secondtype\":1,\"name\":\"受伤事故数\",\"StatisticsType\":[1,4,5],\"units\":null,\"Mandated\":false,\"defaultValue\":\"0\",\"index\":0},{\"data\":\"0\",\"secondtype\":1,\"name\":\"受伤人数\",\"StatisticsType\":[1,4,5],\"units\":null,\"Mandated\":false,\"defaultValue\":\"0\",\"index\":0},{\"data\":\"0\",\"secondtype\":1,\"name\":\"死亡事故数\",\"StatisticsType\":[1,4,5],\"units\":null,\"Mandated\":false,\"defaultValue\":\"0\",\"index\":0},{\"data\":\"0\",\"secondtype\":1,\"name\":\"死亡人数\",\"StatisticsType\":[1,4,5],\"units\":null,\"Mandated\":false,\"defaultValue\":\"0\",\"index\":0}],\"hasSecondItems\":true,\"Name\":\"交通事故概况\",\"Mandated\":false,\"Deleted\":false,\"Comment\":\"\",\"units\":[1],\"inputtype\":1,\"StatisticsType\":[1],\"defaultValue\":\"\",\"tabletype\":null,\"index\":0},{\"Content\":\"\",\"secondlist\":[],\"hasSecondItems\":false,\"Name\":\"审核日期\",\"Mandated\":false,\"Deleted\":false,\"Comment\":\"\",\"units\":[],\"inputtype\":4,\"StatisticsType\":[],\"defaultValue\":\"\",\"tabletype\":null,\"index\":0},{\"Content\":\"招远大队：张三。\",\"secondlist\":[],\"hasSecondItems\":false,\"Name\":\"审核人\",\"Mandated\":true,\"Deleted\":false,\"Comment\":\"\",\"units\":[1],\"inputtype\":2,\"StatisticsType\":[3],\"defaultValue\":\"招远大队：张三。\",\"tabletype\":null,\"index\":0},{\"Content\":\"招远大队：张三。\",\"secondlist\":[],\"hasSecondItems\":false,\"Name\":\"撰写人\",\"Mandated\":true,\"Deleted\":false,\"Comment\":\"\",\"units\":[1],\"inputtype\":2,\"StatisticsType\":[4],\"defaultValue\":\"招远大队：张三。\",\"tabletype\":null,\"index\":0},{\"Content\":\"\",\"secondlist\":[{\"data\":\"\",\"secondtype\":2,\"name\":\"辖区天气\",\"StatisticsType\":[],\"units\":null,\"Mandated\":false,\"defaultValue\":\"\",\"index\":0},{\"data\":\"\",\"secondtype\":1,\"name\":\"最高气温\",\"StatisticsType\":[],\"units\":null,\"Mandated\":false,\"defaultValue\":\"\",\"index\":0},{\"data\":\"\",\"secondtype\":1,\"name\":\"最低气温\",\"StatisticsType\":[],\"units\":null,\"Mandated\":false,\"defaultValue\":\"\",\"index\":0},{\"data\":\"\",\"secondtype\":2,\"name\":\"预警事件\",\"StatisticsType\":[],\"units\":null,\"Mandated\":false,\"defaultValue\":\"\",\"index\":0}],\"hasSecondItems\":true,\"Name\":\"交通事件统计\",\"Mandated\":false,\"Deleted\":false,\"Comment\":\"\",\"units\":[1],\"inputtype\":0,\"StatisticsType\":[],\"defaultValue\":\"\",\"tabletype\":null,\"index\":0},{\"Content\":\"招远大队：无。\",\"secondlist\":[],\"hasSecondItems\":false,\"Name\":\"工作动态\",\"Mandated\":true,\"Deleted\":false,\"Comment\":\"\",\"units\":[1],\"inputtype\":3,\"StatisticsType\":[4],\"defaultValue\":\"招远大队：无。\",\"tabletype\":null,\"index\":0},{\"Content\":\"\",\"secondlist\":[],\"hasSecondItems\":false,\"Name\":\"汇报日期\",\"Mandated\":false,\"Deleted\":false,\"Comment\":\"\",\"units\":[],\"inputtype\":4,\"StatisticsType\":[],\"defaultValue\":\"\",\"tabletype\":null,\"index\":0},{\"Content\":\"招远大队：\\n1、无\\n2、阿什顿发达算法 。\",\"secondlist\":[],\"hasSecondItems\":false,\"Name\":\"指挥调度概况\",\"Mandated\":false,\"Deleted\":false,\"Comment\":\"\",\"units\":[1],\"inputtype\":3,\"StatisticsType\":[4],\"defaultValue\":\"招远大队：\\n1、无\\n2、阿什顿发达算法 。\",\"tabletype\":null,\"index\":0}],\"draft\":0}',2,'2017-11-18 14:14:20',NULL,'每日交管动态汇报'),('2017-11-16','{\"datastatus\":2,\"date\":\"2017-11-16\",\"reportname\":\"每日点名统计汇报\",\"datalist\":[{\"Content\":\"2017-11-16\",\"secondlist\":[],\"hasSecondItems\":false,\"Name\":\"汇报日期\",\"Mandated\":false,\"Deleted\":false,\"Comment\":\"\",\"units\":[1],\"inputtype\":4,\"StatisticsType\":[3,4],\"defaultValue\":\"2017-11-16\",\"tabletype\":null,\"index\":91},{\"Content\":\"\",\"secondlist\":[{\"data\":\"4\",\"secondtype\":1,\"name\":\"交通事故数\",\"StatisticsType\":[1,4,5],\"units\":null,\"Mandated\":false,\"defaultValue\":\"4\",\"index\":0},{\"data\":\"5\",\"secondtype\":1,\"name\":\"受伤事故数\",\"StatisticsType\":[1,4,5],\"units\":null,\"Mandated\":false,\"defaultValue\":\"5\",\"index\":0},{\"data\":\"6\",\"secondtype\":1,\"name\":\"受伤人数\",\"StatisticsType\":[1,4,5],\"units\":null,\"Mandated\":false,\"defaultValue\":\"6\",\"index\":0},{\"data\":\"7\",\"secondtype\":1,\"name\":\"死亡事故数\",\"StatisticsType\":[1,4,5],\"units\":null,\"Mandated\":false,\"defaultValue\":\"7\",\"index\":0},{\"data\":\"8\",\"secondtype\":1,\"name\":\"死亡人数\",\"StatisticsType\":[1,4,5],\"units\":null,\"Mandated\":false,\"defaultValue\":\"8\",\"index\":0}],\"hasSecondItems\":true,\"Name\":\"交通事故概况\",\"Mandated\":false,\"Deleted\":false,\"Comment\":\"\",\"units\":[1],\"inputtype\":0,\"StatisticsType\":[],\"defaultValue\":\"\",\"tabletype\":null,\"index\":98},{\"Content\":\"9\\n9\\n9\",\"secondlist\":[],\"hasSecondItems\":false,\"Name\":\"道路交通设施概况\",\"Mandated\":true,\"Deleted\":false,\"Comment\":\"\",\"units\":[1],\"inputtype\":3,\"StatisticsType\":[4],\"defaultValue\":\"9\\n9\\n9\",\"tabletype\":null,\"index\":97},{\"Content\":\"10\",\"secondlist\":[],\"hasSecondItems\":false,\"Name\":\"指挥调度概况\",\"Mandated\":false,\"Deleted\":false,\"Comment\":\"\",\"units\":[1],\"inputtype\":3,\"StatisticsType\":[4],\"defaultValue\":\"10\",\"tabletype\":null,\"index\":96},{\"Content\":\"11\",\"secondlist\":[],\"hasSecondItems\":false,\"Name\":\"市区路网交通运行评价\",\"Mandated\":false,\"Deleted\":false,\"Comment\":\"\",\"units\":[1],\"inputtype\":3,\"StatisticsType\":[4],\"defaultValue\":\"11\",\"tabletype\":null,\"index\":95},{\"Content\":\"18\",\"secondlist\":[],\"hasSecondItems\":false,\"Name\":\"审核人\",\"Mandated\":true,\"Deleted\":false,\"Comment\":\"\",\"units\":[1],\"inputtype\":3,\"StatisticsType\":[4],\"defaultValue\":\"18\",\"tabletype\":null,\"index\":92},{\"Content\":\"\",\"secondlist\":[{\"data\":\"12\",\"secondtype\":2,\"name\":\"辖区天气\",\"StatisticsType\":[],\"units\":null,\"Mandated\":false,\"defaultValue\":\"12\",\"index\":0},{\"data\":\"13\",\"secondtype\":1,\"name\":\"最高气温\",\"StatisticsType\":[],\"units\":null,\"Mandated\":false,\"defaultValue\":\"13\",\"index\":0},{\"data\":\"14\",\"secondtype\":1,\"name\":\"最低气温\",\"StatisticsType\":[],\"units\":null,\"Mandated\":false,\"defaultValue\":\"14\",\"index\":0},{\"data\":\"15\",\"secondtype\":2,\"name\":\"预警事件\",\"StatisticsType\":[],\"units\":null,\"Mandated\":false,\"defaultValue\":\"15\",\"index\":0}],\"hasSecondItems\":true,\"Name\":\"交通事件统计\",\"Mandated\":false,\"Deleted\":false,\"Comment\":\"\",\"units\":[1],\"inputtype\":0,\"StatisticsType\":[],\"defaultValue\":\"\",\"tabletype\":null,\"index\":94},{\"Content\":\"16\",\"secondlist\":[],\"hasSecondItems\":false,\"Name\":\"工作动态\",\"Mandated\":true,\"Deleted\":false,\"Comment\":\"\",\"units\":[1],\"inputtype\":3,\"StatisticsType\":[4],\"defaultValue\":\"16\",\"tabletype\":null,\"index\":94},{\"Content\":\"\",\"secondlist\":[{\"data\":\"1\",\"secondtype\":1,\"name\":\"出警次数\",\"StatisticsType\":[1,4,5],\"units\":null,\"Mandated\":false,\"defaultValue\":\"1\",\"index\":0},{\"data\":\"2\",\"secondtype\":1,\"name\":\"警车数\",\"StatisticsType\":[1,4,5],\"units\":null,\"Mandated\":false,\"defaultValue\":\"2\",\"index\":0},{\"data\":\"3\",\"secondtype\":1,\"name\":\"现场执法\",\"StatisticsType\":[1,4,5],\"units\":null,\"Mandated\":false,\"defaultValue\":\"3\",\"index\":0}],\"hasSecondItems\":true,\"Name\":\"勤务动态\",\"Mandated\":false,\"Deleted\":false,\"Comment\":\"此处填写警务动态\",\"units\":[1],\"inputtype\":0,\"StatisticsType\":[],\"defaultValue\":\"\",\"tabletype\":null,\"index\":99},{\"Content\":\"17\",\"secondlist\":[],\"hasSecondItems\":false,\"Name\":\"撰写人\",\"Mandated\":true,\"Deleted\":false,\"Comment\":\"\",\"units\":[1],\"inputtype\":3,\"StatisticsType\":[4],\"defaultValue\":\"17\",\"tabletype\":null,\"index\":93}],\"draft\":0}',2,'2017-11-18 17:32:40',NULL,'每日点名统计汇报'),('2017-11-17','{\"datastatus\":2,\"date\":\"2017-11-17\",\"reportname\":\"每日交管动态汇报\",\"datalist\":[{\"Content\":\"\",\"secondlist\":[{\"data\":\"48\",\"secondtype\":1,\"name\":\"出警次数\",\"StatisticsType\":[1,4,5],\"units\":null,\"Mandated\":false,\"defaultValue\":\"48\",\"index\":0},{\"data\":\"48\",\"secondtype\":1,\"name\":\"警车数\",\"StatisticsType\":[1,4,5],\"units\":null,\"Mandated\":false,\"defaultValue\":\"48\",\"index\":0},{\"data\":\"48\",\"secondtype\":1,\"name\":\"现场执法数\",\"StatisticsType\":[1,4,5],\"units\":null,\"Mandated\":false,\"defaultValue\":\"48\",\"index\":0}],\"hasSecondItems\":true,\"Name\":\"勤务动态\",\"Mandated\":false,\"Deleted\":false,\"Comment\":\"\",\"units\":[1],\"inputtype\":1,\"StatisticsType\":[1],\"defaultValue\":\"\",\"tabletype\":null,\"index\":99},{\"Content\":\"42345\",\"secondlist\":[],\"hasSecondItems\":false,\"Name\":\"道路交通设施概况\",\"Mandated\":false,\"Deleted\":false,\"Comment\":\"\",\"units\":[2,3,4,5],\"inputtype\":3,\"StatisticsType\":[4],\"defaultValue\":\"42345\",\"tabletype\":null,\"index\":97},{\"Content\":\"龙口大队：\\r\\n无。\\r\\n栖霞大队：\\r\\n市区路网交通运行\\n是的法定\\n啊是打发打发发打发打发打发。\\r\\n招远大队：\\r\\n招远路网。\\r\\n\",\"secondlist\":[],\"hasSecondItems\":false,\"Name\":\"市区路网交通运行评价\",\"Mandated\":false,\"Deleted\":false,\"Comment\":\"\",\"units\":[1],\"inputtype\":3,\"StatisticsType\":[4],\"defaultValue\":\"龙口大队：\\r\\n无。\\r\\n栖霞大队：\\r\\n市区路网交通运行\\n是的法定\\n啊是打发打发发打发打发打发。\\r\\n招远大队：\\r\\n招远路网。\\r\\n\",\"tabletype\":null,\"index\":96},{\"Content\":\"\",\"secondlist\":[{\"data\":\"48\",\"secondtype\":1,\"name\":\"交通事故数\",\"StatisticsType\":[1,4,5],\"units\":null,\"Mandated\":false,\"defaultValue\":\"48\",\"index\":0},{\"data\":\"48\",\"secondtype\":1,\"name\":\"受伤事故数\",\"StatisticsType\":[1,4,5],\"units\":null,\"Mandated\":false,\"defaultValue\":\"48\",\"index\":0},{\"data\":\"43\",\"secondtype\":1,\"name\":\"受伤人数\",\"StatisticsType\":[1,4,5],\"units\":null,\"Mandated\":false,\"defaultValue\":\"43\",\"index\":0},{\"data\":\"48\",\"secondtype\":1,\"name\":\"死亡事故数\",\"StatisticsType\":[1,4,5],\"units\":null,\"Mandated\":false,\"defaultValue\":\"48\",\"index\":0},{\"data\":\"43\",\"secondtype\":1,\"name\":\"死亡人数\",\"StatisticsType\":[1,4,5],\"units\":null,\"Mandated\":false,\"defaultValue\":\"43\",\"index\":0}],\"hasSecondItems\":true,\"Name\":\"交通事故概况\",\"Mandated\":false,\"Deleted\":false,\"Comment\":\"\",\"units\":[1],\"inputtype\":1,\"StatisticsType\":[1],\"defaultValue\":\"\",\"tabletype\":null,\"index\":98},{\"Content\":\"\",\"secondlist\":[],\"hasSecondItems\":false,\"Name\":\"审核日期\",\"Mandated\":false,\"Deleted\":false,\"Comment\":\"\",\"units\":[],\"inputtype\":4,\"StatisticsType\":[],\"defaultValue\":\"\",\"tabletype\":null,\"index\":90},{\"Content\":\"234\",\"secondlist\":[],\"hasSecondItems\":false,\"Name\":\"审核人\",\"Mandated\":true,\"Deleted\":false,\"Comment\":\"\",\"units\":[1],\"inputtype\":2,\"StatisticsType\":[],\"defaultValue\":\"234\",\"tabletype\":null,\"index\":93},{\"Content\":\"234\",\"secondlist\":[],\"hasSecondItems\":false,\"Name\":\"撰写人\",\"Mandated\":true,\"Deleted\":false,\"Comment\":\"\",\"units\":[1],\"inputtype\":2,\"StatisticsType\":[],\"defaultValue\":\"234\",\"tabletype\":null,\"index\":93},{\"Content\":\"\",\"secondlist\":[{\"data\":\"3\",\"secondtype\":2,\"name\":\"辖区天气\",\"StatisticsType\":[],\"units\":null,\"Mandated\":false,\"defaultValue\":\"3\",\"index\":0},{\"data\":\"234\",\"secondtype\":1,\"name\":\"最高气温\",\"StatisticsType\":[],\"units\":null,\"Mandated\":false,\"defaultValue\":\"234\",\"index\":0},{\"data\":\"243\",\"secondtype\":1,\"name\":\"最低气温\",\"StatisticsType\":[],\"units\":null,\"Mandated\":false,\"defaultValue\":\"243\",\"index\":0},{\"data\":\"234\",\"secondtype\":2,\"name\":\"预警事件\",\"StatisticsType\":[],\"units\":null,\"Mandated\":false,\"defaultValue\":\"234\",\"index\":0}],\"hasSecondItems\":true,\"Name\":\"交通事件统计\",\"Mandated\":false,\"Deleted\":false,\"Comment\":\"\",\"units\":[1],\"inputtype\":0,\"StatisticsType\":[],\"defaultValue\":\"\",\"tabletype\":null,\"index\":95},{\"Content\":\"龙口大队：\\r\\n无。\\r\\n栖霞大队：\\r\\n工作动态\\n阿什顿发发\\n\\n暗示法稍等发发啊。\\r\\n招远大队：\\r\\n招远工作动态。\\r\\n\",\"secondlist\":[],\"hasSecondItems\":false,\"Name\":\"工作动态\",\"Mandated\":true,\"Deleted\":false,\"Comment\":\"\",\"units\":[1],\"inputtype\":3,\"StatisticsType\":[4],\"defaultValue\":\"龙口大队：\\r\\n无。\\r\\n栖霞大队：\\r\\n工作动态\\n阿什顿发发\\n\\n暗示法稍等发发啊。\\r\\n招远大队：\\r\\n招远工作动态。\\r\\n\",\"tabletype\":null,\"index\":94},{\"Content\":\"\",\"secondlist\":[],\"hasSecondItems\":false,\"Name\":\"汇报日期\",\"Mandated\":false,\"Deleted\":false,\"Comment\":\"\",\"units\":[],\"inputtype\":4,\"StatisticsType\":[],\"defaultValue\":\"\",\"tabletype\":null,\"index\":92},{\"Content\":\"龙口大队：\\r\\n无。\\r\\n栖霞大队：\\r\\n指挥调度\\n阿萨德发发的撒发放大幅\\n啊但是发。\\r\\n招远大队：\\r\\n招远指挥调度。\\r\\n\",\"secondlist\":[],\"hasSecondItems\":false,\"Name\":\"指挥调度概况\",\"Mandated\":false,\"Deleted\":false,\"Comment\":\"\",\"units\":[1],\"inputtype\":3,\"StatisticsType\":[4],\"defaultValue\":\"龙口大队：\\r\\n无。\\r\\n栖霞大队：\\r\\n指挥调度\\n阿萨德发发的撒发放大幅\\n啊但是发。\\r\\n招远大队：\\r\\n招远指挥调度。\\r\\n\",\"tabletype\":null,\"index\":96}],\"draft\":0}',2,'2017-11-18 15:52:28',NULL,'每日交管动态汇报'),('2017-11-18','{\"datastatus\":2,\"date\":\"2017-11-18\",\"reportname\":\"每日交管动态汇报\",\"datalist\":[{\"Content\":\"\",\"secondlist\":[{\"data\":\"87\",\"secondtype\":1,\"name\":\"出警次数\",\"StatisticsType\":[1,4,5],\"units\":null,\"Mandated\":false,\"defaultValue\":\"87\",\"index\":0},{\"data\":\"86\",\"secondtype\":1,\"name\":\"警车数\",\"StatisticsType\":[1,4,5],\"units\":null,\"Mandated\":false,\"defaultValue\":\"86\",\"index\":0},{\"data\":\"73\",\"secondtype\":1,\"name\":\"现场执法数\",\"StatisticsType\":[1,4,5],\"units\":null,\"Mandated\":false,\"defaultValue\":\"73\",\"index\":0}],\"hasSecondItems\":true,\"Name\":\"勤务动态\",\"Mandated\":false,\"Deleted\":false,\"Comment\":\"\",\"units\":[1],\"inputtype\":1,\"StatisticsType\":[1],\"defaultValue\":\"\",\"tabletype\":null,\"index\":99},{\"Content\":\"四大队：\\r\\n无。\\r\\n一大队：\\r\\n一大队。\\r\\n三大队：\\r\\n无。\\r\\n二大队：\\r\\n二大队。\\r\\n\",\"secondlist\":[],\"hasSecondItems\":false,\"Name\":\"道路交通设施概况\",\"Mandated\":false,\"Deleted\":false,\"Comment\":\"\",\"units\":[2,3,4,5],\"inputtype\":3,\"StatisticsType\":[4],\"defaultValue\":\"四大队：\\r\\n无。\\r\\n一大队：\\r\\n一大队。\\r\\n三大队：\\r\\n无。\\r\\n二大队：\\r\\n二大队。\\r\\n\",\"tabletype\":null,\"index\":97},{\"Content\":\"长岛大队：\\r\\n长岛良好。\\r\\n四大队：\\r\\n无。\\r\\n福山大队：\\r\\n福山良好。\\r\\n海阳：\\r\\n海阳良好。\\r\\n机场大队：\\r\\n机场大队良好。\\r\\n开发区大队：\\r\\n无。\\r\\n莱阳大队：\\r\\n莱阳良好。\\r\\n龙口大队：\\r\\n龙口堵。\\r\\n牟平：\\r\\n牟平良哈。\\r\\n一大队：\\r\\n一大队。\\r\\n蓬莱大队：\\r\\n蓬莱良好。\\r\\n栖霞大队：\\r\\n栖霞；昂好。\\r\\n三大队：\\r\\n无。\\r\\n二大队：\\r\\n无二大队。\\r\\n烟台港大队：\\r\\n烟台港堵。\\r\\n招远大队：\\r\\n招远良好。\\r\\n\",\"secondlist\":[],\"hasSecondItems\":false,\"Name\":\"市区路网交通运行评价\",\"Mandated\":false,\"Deleted\":false,\"Comment\":\"\",\"units\":[1],\"inputtype\":3,\"StatisticsType\":[4],\"defaultValue\":\"长岛大队：\\r\\n长岛良好。\\r\\n四大队：\\r\\n无。\\r\\n福山大队：\\r\\n福山良好。\\r\\n海阳：\\r\\n海阳良好。\\r\\n机场大队：\\r\\n机场大队良好。\\r\\n开发区大队：\\r\\n无。\\r\\n莱阳大队：\\r\\n莱阳良好。\\r\\n龙口大队：\\r\\n龙口堵。\\r\\n牟平：\\r\\n牟平良哈。\\r\\n一大队：\\r\\n一大队。\\r\\n蓬莱大队：\\r\\n蓬莱良好。\\r\\n栖霞大队：\\r\\n栖霞；昂好。\\r\\n三大队：\\r\\n无。\\r\\n二大队：\\r\\n无二大队。\\r\\n烟台港大队：\\r\\n烟台港堵。\\r\\n招远大队：\\r\\n招远良好。\\r\\n\",\"tabletype\":null,\"index\":96},{\"Content\":\"\",\"secondlist\":[{\"data\":\"74\",\"secondtype\":1,\"name\":\"交通事故数\",\"StatisticsType\":[1,4,5],\"units\":null,\"Mandated\":false,\"defaultValue\":\"74\",\"index\":0},{\"data\":\"68\",\"secondtype\":1,\"name\":\"受伤事故数\",\"StatisticsType\":[1,4,5],\"units\":null,\"Mandated\":false,\"defaultValue\":\"68\",\"index\":0},{\"data\":\"67\",\"secondtype\":1,\"name\":\"受伤人数\",\"StatisticsType\":[1,4,5],\"units\":null,\"Mandated\":false,\"defaultValue\":\"67\",\"index\":0},{\"data\":\"66\",\"secondtype\":1,\"name\":\"死亡事故数\",\"StatisticsType\":[1,4,5],\"units\":null,\"Mandated\":false,\"defaultValue\":\"66\",\"index\":0},{\"data\":\"65\",\"secondtype\":1,\"name\":\"死亡人数\",\"StatisticsType\":[1,4,5],\"units\":null,\"Mandated\":false,\"defaultValue\":\"65\",\"index\":0}],\"hasSecondItems\":true,\"Name\":\"交通事故概况\",\"Mandated\":false,\"Deleted\":false,\"Comment\":\"\",\"units\":[1],\"inputtype\":1,\"StatisticsType\":[1],\"defaultValue\":\"\",\"tabletype\":null,\"index\":98},{\"Content\":\"\",\"secondlist\":[],\"hasSecondItems\":false,\"Name\":\"审核日期\",\"Mandated\":false,\"Deleted\":false,\"Comment\":\"\",\"units\":[],\"inputtype\":4,\"StatisticsType\":[],\"defaultValue\":\"\",\"tabletype\":null,\"index\":90},{\"Content\":\"11\",\"secondlist\":[],\"hasSecondItems\":false,\"Name\":\"审核人\",\"Mandated\":true,\"Deleted\":false,\"Comment\":\"\",\"units\":[1],\"inputtype\":2,\"StatisticsType\":[],\"defaultValue\":\"11\",\"tabletype\":null,\"index\":93},{\"Content\":\"1\",\"secondlist\":[],\"hasSecondItems\":false,\"Name\":\"撰写人\",\"Mandated\":true,\"Deleted\":false,\"Comment\":\"\",\"units\":[1],\"inputtype\":2,\"StatisticsType\":[],\"defaultValue\":\"1\",\"tabletype\":null,\"index\":93},{\"Content\":\"\",\"secondlist\":[{\"data\":\"\",\"secondtype\":2,\"name\":\"辖区天气\",\"StatisticsType\":[],\"units\":null,\"Mandated\":false,\"defaultValue\":\"\",\"index\":0},{\"data\":\"\",\"secondtype\":1,\"name\":\"最高气温\",\"StatisticsType\":[],\"units\":null,\"Mandated\":false,\"defaultValue\":\"\",\"index\":0},{\"data\":\"\",\"secondtype\":1,\"name\":\"最低气温\",\"StatisticsType\":[],\"units\":null,\"Mandated\":false,\"defaultValue\":\"\",\"index\":0},{\"data\":\"\",\"secondtype\":2,\"name\":\"预警事件\",\"StatisticsType\":[],\"units\":null,\"Mandated\":false,\"defaultValue\":\"\",\"index\":0}],\"hasSecondItems\":true,\"Name\":\"交通事件统计\",\"Mandated\":false,\"Deleted\":false,\"Comment\":\"\",\"units\":[1],\"inputtype\":0,\"StatisticsType\":[],\"defaultValue\":\"\",\"tabletype\":null,\"index\":95},{\"Content\":\"长岛大队：\\r\\n长岛。\\r\\n四大队：\\r\\n四大队。\\r\\n福山大队：\\r\\n福山工作。\\r\\n海阳：\\r\\n海阳。\\r\\n机场大队：\\r\\n机场。\\r\\n开发区大队：\\r\\n无。\\r\\n莱阳大队：\\r\\n莱阳。\\r\\n龙口大队：\\r\\nLK。\\r\\n牟平：\\r\\n牟平工作。\\r\\n一大队：\\r\\n一大队。\\r\\n蓬莱大队：\\r\\n蓬莱。\\r\\n栖霞大队：\\r\\n栖霞。\\r\\n三大队：\\r\\n无。\\r\\n二大队：\\r\\n二大队。\\r\\n烟台港大队：\\r\\n烟台港。\\r\\n招远大队：\\r\\n招远。\\r\\n\",\"secondlist\":[],\"hasSecondItems\":false,\"Name\":\"工作动态\",\"Mandated\":true,\"Deleted\":false,\"Comment\":\"\",\"units\":[1],\"inputtype\":3,\"StatisticsType\":[4],\"defaultValue\":\"长岛大队：\\r\\n长岛。\\r\\n四大队：\\r\\n四大队。\\r\\n福山大队：\\r\\n福山工作。\\r\\n海阳：\\r\\n海阳。\\r\\n机场大队：\\r\\n机场。\\r\\n开发区大队：\\r\\n无。\\r\\n莱阳大队：\\r\\n莱阳。\\r\\n龙口大队：\\r\\nLK。\\r\\n牟平：\\r\\n牟平工作。\\r\\n一大队：\\r\\n一大队。\\r\\n蓬莱大队：\\r\\n蓬莱。\\r\\n栖霞大队：\\r\\n栖霞。\\r\\n三大队：\\r\\n无。\\r\\n二大队：\\r\\n二大队。\\r\\n烟台港大队：\\r\\n烟台港。\\r\\n招远大队：\\r\\n招远。\\r\\n\",\"tabletype\":null,\"index\":94},{\"Content\":\"\",\"secondlist\":[],\"hasSecondItems\":false,\"Name\":\"汇报日期\",\"Mandated\":false,\"Deleted\":false,\"Comment\":\"\",\"units\":[],\"inputtype\":4,\"StatisticsType\":[],\"defaultValue\":\"\",\"tabletype\":null,\"index\":92},{\"Content\":\"长岛大队：\\r\\n无长岛良好。\\r\\n四大队：\\r\\n无。\\r\\n福山大队：\\r\\n福山无。\\r\\n海阳：\\r\\n海阳无。\\r\\n机场大队：\\r\\n机场。\\r\\n开发区大队：\\r\\n无。\\r\\n莱阳大队：\\r\\n无莱阳。\\r\\n龙口大队：\\r\\n龙无。\\r\\n牟平：\\r\\n牟平无。\\r\\n一大队：\\r\\n一大队。\\r\\n蓬莱大队：\\r\\n蓬莱。\\r\\n栖霞大队：\\r\\n无栖霞。\\r\\n三大队：\\r\\n无。\\r\\n二大队：\\r\\n二大队。\\r\\n烟台港大队：\\r\\n烟台港。\\r\\n招远大队：\\r\\n招远良好。\\r\\n\",\"secondlist\":[],\"hasSecondItems\":false,\"Name\":\"指挥调度概况\",\"Mandated\":false,\"Deleted\":false,\"Comment\":\"\",\"units\":[1],\"inputtype\":3,\"StatisticsType\":[4],\"defaultValue\":\"长岛大队：\\r\\n无长岛良好。\\r\\n四大队：\\r\\n无。\\r\\n福山大队：\\r\\n福山无。\\r\\n海阳：\\r\\n海阳无。\\r\\n机场大队：\\r\\n机场。\\r\\n开发区大队：\\r\\n无。\\r\\n莱阳大队：\\r\\n无莱阳。\\r\\n龙口大队：\\r\\n龙无。\\r\\n牟平：\\r\\n牟平无。\\r\\n一大队：\\r\\n一大队。\\r\\n蓬莱大队：\\r\\n蓬莱。\\r\\n栖霞大队：\\r\\n无栖霞。\\r\\n三大队：\\r\\n无。\\r\\n二大队：\\r\\n二大队。\\r\\n烟台港大队：\\r\\n烟台港。\\r\\n招远大队：\\r\\n招远良好。\\r\\n\",\"tabletype\":null,\"index\":96}],\"draft\":0}',2,'2017-11-18 16:42:33',NULL,'每日交管动态汇报'),('2017-11-18','{\"datastatus\":2,\"date\":\"2017-11-18\",\"reportname\":\"每日点名统计汇报\",\"datalist\":[{\"Content\":\"\",\"secondlist\":[],\"hasSecondItems\":false,\"Name\":\"汇报日期\",\"Mandated\":false,\"Deleted\":false,\"Comment\":\"\",\"units\":[1],\"inputtype\":4,\"StatisticsType\":[3,4],\"defaultValue\":\"\",\"tabletype\":null,\"index\":0},{\"Content\":\"\",\"secondlist\":[{\"data\":\"62\",\"secondtype\":1,\"name\":\"交通事故数\",\"StatisticsType\":[1,4,5],\"units\":null,\"Mandated\":false,\"defaultValue\":\"62\",\"index\":0},{\"data\":\"42\",\"secondtype\":1,\"name\":\"受伤事故数\",\"StatisticsType\":[1,4,5],\"units\":null,\"Mandated\":false,\"defaultValue\":\"42\",\"index\":0},{\"data\":\"78\",\"secondtype\":1,\"name\":\"受伤人数\",\"StatisticsType\":[1,4,5],\"units\":null,\"Mandated\":false,\"defaultValue\":\"78\",\"index\":0},{\"data\":\"42\",\"secondtype\":1,\"name\":\"死亡事故数\",\"StatisticsType\":[1,4,5],\"units\":null,\"Mandated\":false,\"defaultValue\":\"42\",\"index\":0},{\"data\":\"41\",\"secondtype\":1,\"name\":\"死亡人数\",\"StatisticsType\":[1,4,5],\"units\":null,\"Mandated\":false,\"defaultValue\":\"41\",\"index\":0}],\"hasSecondItems\":true,\"Name\":\"交通事故概况\",\"Mandated\":false,\"Deleted\":false,\"Comment\":\"\",\"units\":[1],\"inputtype\":0,\"StatisticsType\":[],\"defaultValue\":\"\",\"tabletype\":null,\"index\":0},{\"Content\":\"长岛大队：\\r\\n长岛堵。\\r\\n四大队：\\r\\n四大队。\\r\\n福山大队：\\r\\n福山良好。\\r\\n海阳：\\r\\n无。\\r\\n机场大队：\\r\\n机场良好。\\r\\n开发区大队：\\r\\n开发区良好。\\r\\n莱阳大队：\\r\\n无1。\\r\\n龙口大队：\\r\\n无。\\r\\n牟平：\\r\\n牟平良好。\\r\\n一大队：\\r\\n无1。\\r\\n蓬莱大队：\\r\\n蓬莱良好。\\r\\n栖霞大队：\\r\\n栖霞良好。\\r\\n三大队：\\r\\n无。\\r\\n二大队：\\r\\n无2。\\r\\n烟台港大队：\\r\\nYTG。\\r\\n招远大队：\\r\\n招远堵。\\r\\n\",\"secondlist\":[],\"hasSecondItems\":false,\"Name\":\"道路交通设施概况\",\"Mandated\":true,\"Deleted\":false,\"Comment\":\"\",\"units\":[1],\"inputtype\":3,\"StatisticsType\":[4],\"defaultValue\":\"长岛大队：\\r\\n长岛堵。\\r\\n四大队：\\r\\n四大队。\\r\\n福山大队：\\r\\n福山良好。\\r\\n海阳：\\r\\n无。\\r\\n机场大队：\\r\\n机场良好。\\r\\n开发区大队：\\r\\n开发区良好。\\r\\n莱阳大队：\\r\\n无1。\\r\\n龙口大队：\\r\\n无。\\r\\n牟平：\\r\\n牟平良好。\\r\\n一大队：\\r\\n无1。\\r\\n蓬莱大队：\\r\\n蓬莱良好。\\r\\n栖霞大队：\\r\\n栖霞良好。\\r\\n三大队：\\r\\n无。\\r\\n二大队：\\r\\n无2。\\r\\n烟台港大队：\\r\\nYTG。\\r\\n招远大队：\\r\\n招远堵。\\r\\n\",\"tabletype\":null,\"index\":0},{\"Content\":\"长岛大队：\\r\\n长岛无。\\r\\n四大队：\\r\\n四大队。\\r\\n福山大队：\\r\\n福山暂无。\\r\\n海阳：\\r\\n无。\\r\\n机场大队：\\r\\n机场。\\r\\n开发区大队：\\r\\n开发区。\\r\\n莱阳大队：\\r\\n无1。\\r\\n龙口大队：\\r\\n无。\\r\\n牟平：\\r\\n牟平。\\r\\n一大队：\\r\\n无1。\\r\\n蓬莱大队：\\r\\n蓬莱。\\r\\n栖霞大队：\\r\\n栖霞无。\\r\\n三大队：\\r\\n无。\\r\\n二大队：\\r\\n无2。\\r\\n烟台港大队：\\r\\n无YTG。\\r\\n招远大队：\\r\\n招远无。\\r\\n\",\"secondlist\":[],\"hasSecondItems\":false,\"Name\":\"指挥调度概况\",\"Mandated\":false,\"Deleted\":false,\"Comment\":\"\",\"units\":[1],\"inputtype\":3,\"StatisticsType\":[4],\"defaultValue\":\"长岛大队：\\r\\n长岛无。\\r\\n四大队：\\r\\n四大队。\\r\\n福山大队：\\r\\n福山暂无。\\r\\n海阳：\\r\\n无。\\r\\n机场大队：\\r\\n机场。\\r\\n开发区大队：\\r\\n开发区。\\r\\n莱阳大队：\\r\\n无1。\\r\\n龙口大队：\\r\\n无。\\r\\n牟平：\\r\\n牟平。\\r\\n一大队：\\r\\n无1。\\r\\n蓬莱大队：\\r\\n蓬莱。\\r\\n栖霞大队：\\r\\n栖霞无。\\r\\n三大队：\\r\\n无。\\r\\n二大队：\\r\\n无2。\\r\\n烟台港大队：\\r\\n无YTG。\\r\\n招远大队：\\r\\n招远无。\\r\\n\",\"tabletype\":null,\"index\":0},{\"Content\":\"长岛大队：\\r\\n长岛无。\\r\\n四大队：\\r\\n四大队。\\r\\n福山大队：\\r\\n福山良好。\\r\\n海阳：\\r\\n无。\\r\\n机场大队：\\r\\n机场。\\r\\n开发区大队：\\r\\n无开发区无。\\r\\n莱阳大队：\\r\\n无1。\\r\\n龙口大队：\\r\\n无。\\r\\n牟平：\\r\\n牟平。\\r\\n一大队：\\r\\n无1。\\r\\n蓬莱大队：\\r\\n无蓬莱无。\\r\\n栖霞大队：\\r\\n栖霞。\\r\\n三大队：\\r\\n无。\\r\\n二大队：\\r\\n无2。\\r\\n烟台港大队：\\r\\n无YTG。\\r\\n招远大队：\\r\\n招远。\\r\\n\",\"secondlist\":[],\"hasSecondItems\":false,\"Name\":\"市区路网交通运行评价\",\"Mandated\":false,\"Deleted\":false,\"Comment\":\"\",\"units\":[1],\"inputtype\":3,\"StatisticsType\":[4],\"defaultValue\":\"长岛大队：\\r\\n长岛无。\\r\\n四大队：\\r\\n四大队。\\r\\n福山大队：\\r\\n福山良好。\\r\\n海阳：\\r\\n无。\\r\\n机场大队：\\r\\n机场。\\r\\n开发区大队：\\r\\n无开发区无。\\r\\n莱阳大队：\\r\\n无1。\\r\\n龙口大队：\\r\\n无。\\r\\n牟平：\\r\\n牟平。\\r\\n一大队：\\r\\n无1。\\r\\n蓬莱大队：\\r\\n无蓬莱无。\\r\\n栖霞大队：\\r\\n栖霞。\\r\\n三大队：\\r\\n无。\\r\\n二大队：\\r\\n无2。\\r\\n烟台港大队：\\r\\n无YTG。\\r\\n招远大队：\\r\\n招远。\\r\\n\",\"tabletype\":null,\"index\":0},{\"Content\":\"长岛大队：\\r\\nCD。\\r\\n四大队：\\r\\n四大队。\\r\\n福山大队：\\r\\nFS。\\r\\n海阳：\\r\\n无。\\r\\n机场大队：\\r\\n无JC。\\r\\n开发区大队：\\r\\n无KFQ。\\r\\n莱阳大队：\\r\\n无。\\r\\n龙口大队：\\r\\n无。\\r\\n牟平：\\r\\nMP。\\r\\n一大队：\\r\\n无1。\\r\\n蓬莱大队：\\r\\n无PL。\\r\\n栖霞大队：\\r\\n无QX。\\r\\n三大队：\\r\\n无。\\r\\n二大队：\\r\\n无2。\\r\\n烟台港大队：\\r\\n无YTG。\\r\\n招远大队：\\r\\n无ZY。\\r\\n\",\"secondlist\":[],\"hasSecondItems\":false,\"Name\":\"审核人\",\"Mandated\":true,\"Deleted\":false,\"Comment\":\"\",\"units\":[1],\"inputtype\":3,\"StatisticsType\":[4],\"defaultValue\":\"长岛大队：\\r\\nCD。\\r\\n四大队：\\r\\n四大队。\\r\\n福山大队：\\r\\nFS。\\r\\n海阳：\\r\\n无。\\r\\n机场大队：\\r\\n无JC。\\r\\n开发区大队：\\r\\n无KFQ。\\r\\n莱阳大队：\\r\\n无。\\r\\n龙口大队：\\r\\n无。\\r\\n牟平：\\r\\nMP。\\r\\n一大队：\\r\\n无1。\\r\\n蓬莱大队：\\r\\n无PL。\\r\\n栖霞大队：\\r\\n无QX。\\r\\n三大队：\\r\\n无。\\r\\n二大队：\\r\\n无2。\\r\\n烟台港大队：\\r\\n无YTG。\\r\\n招远大队：\\r\\n无ZY。\\r\\n\",\"tabletype\":null,\"index\":0},{\"Content\":\"\",\"secondlist\":[{\"data\":\"2342\",\"secondtype\":2,\"name\":\"辖区天气\",\"StatisticsType\":[],\"units\":null,\"Mandated\":false,\"defaultValue\":\"2342\",\"index\":0},{\"data\":\"4324\",\"secondtype\":1,\"name\":\"最高气温\",\"StatisticsType\":[],\"units\":null,\"Mandated\":false,\"defaultValue\":\"4324\",\"index\":0},{\"data\":\"234\",\"secondtype\":1,\"name\":\"最低气温\",\"StatisticsType\":[],\"units\":null,\"Mandated\":false,\"defaultValue\":\"234\",\"index\":0},{\"data\":\"234\",\"secondtype\":2,\"name\":\"预警事件\",\"StatisticsType\":[],\"units\":null,\"Mandated\":false,\"defaultValue\":\"234\",\"index\":0}],\"hasSecondItems\":true,\"Name\":\"交通事件统计\",\"Mandated\":false,\"Deleted\":false,\"Comment\":\"\",\"units\":[1],\"inputtype\":0,\"StatisticsType\":[],\"defaultValue\":\"\",\"tabletype\":null,\"index\":0},{\"Content\":\"长岛大队：\\r\\n长岛无。\\r\\n四大队：\\r\\n四大队。\\r\\n福山大队：\\r\\n福山。\\r\\n海阳：\\r\\n无。\\r\\n机场大队：\\r\\nJC。\\r\\n开发区大队：\\r\\nKFQ。\\r\\n莱阳大队：\\r\\n无1。\\r\\n龙口大队：\\r\\n无。\\r\\n牟平：\\r\\n牟平无。\\r\\n一大队：\\r\\n无1。\\r\\n蓬莱大队：\\r\\npl。\\r\\n栖霞大队：\\r\\n栖霞。\\r\\n三大队：\\r\\n无。\\r\\n二大队：\\r\\n无2。\\r\\n烟台港大队：\\r\\n无YTG。\\r\\n招远大队：\\r\\nZY。\\r\\n\",\"secondlist\":[],\"hasSecondItems\":false,\"Name\":\"工作动态\",\"Mandated\":true,\"Deleted\":false,\"Comment\":\"\",\"units\":[1],\"inputtype\":3,\"StatisticsType\":[4],\"defaultValue\":\"长岛大队：\\r\\n长岛无。\\r\\n四大队：\\r\\n四大队。\\r\\n福山大队：\\r\\n福山。\\r\\n海阳：\\r\\n无。\\r\\n机场大队：\\r\\nJC。\\r\\n开发区大队：\\r\\nKFQ。\\r\\n莱阳大队：\\r\\n无1。\\r\\n龙口大队：\\r\\n无。\\r\\n牟平：\\r\\n牟平无。\\r\\n一大队：\\r\\n无1。\\r\\n蓬莱大队：\\r\\npl。\\r\\n栖霞大队：\\r\\n栖霞。\\r\\n三大队：\\r\\n无。\\r\\n二大队：\\r\\n无2。\\r\\n烟台港大队：\\r\\n无YTG。\\r\\n招远大队：\\r\\nZY。\\r\\n\",\"tabletype\":null,\"index\":0},{\"Content\":\"\",\"secondlist\":[{\"data\":\"78\",\"secondtype\":1,\"name\":\"出警次数\",\"StatisticsType\":[1,4,5],\"units\":null,\"Mandated\":false,\"defaultValue\":\"78\",\"index\":0},{\"data\":\"49\",\"secondtype\":1,\"name\":\"警车数\",\"StatisticsType\":[1,4,5],\"units\":null,\"Mandated\":false,\"defaultValue\":\"49\",\"index\":0},{\"data\":\"91\",\"secondtype\":1,\"name\":\"现场执法\",\"StatisticsType\":[1,4,5],\"units\":null,\"Mandated\":false,\"defaultValue\":\"91\",\"index\":0}],\"hasSecondItems\":true,\"Name\":\"勤务动态\",\"Mandated\":false,\"Deleted\":false,\"Comment\":\"此处填写警务动态\",\"units\":[1],\"inputtype\":0,\"StatisticsType\":[],\"defaultValue\":\"\",\"tabletype\":null,\"index\":0},{\"Content\":\"长岛大队：\\r\\nCD。\\r\\n四大队：\\r\\n四大队。\\r\\n福山大队：\\r\\nFS。\\r\\n海阳：\\r\\n无。\\r\\n机场大队：\\r\\n无JC。\\r\\n开发区大队：\\r\\n无KFQ。\\r\\n莱阳大队：\\r\\n无。\\r\\n龙口大队：\\r\\n无。\\r\\n牟平：\\r\\nMP。\\r\\n一大队：\\r\\n无1。\\r\\n蓬莱大队：\\r\\n无PL。\\r\\n栖霞大队：\\r\\n无QX。\\r\\n三大队：\\r\\n无。\\r\\n二大队：\\r\\n无2。\\r\\n烟台港大队：\\r\\n无YTG。\\r\\n招远大队：\\r\\n无ZY。\\r\\n\",\"secondlist\":[],\"hasSecondItems\":false,\"Name\":\"撰写人\",\"Mandated\":true,\"Deleted\":false,\"Comment\":\"\",\"units\":[1],\"inputtype\":3,\"StatisticsType\":[4],\"defaultValue\":\"长岛大队：\\r\\nCD。\\r\\n四大队：\\r\\n四大队。\\r\\n福山大队：\\r\\nFS。\\r\\n海阳：\\r\\n无。\\r\\n机场大队：\\r\\n无JC。\\r\\n开发区大队：\\r\\n无KFQ。\\r\\n莱阳大队：\\r\\n无。\\r\\n龙口大队：\\r\\n无。\\r\\n牟平：\\r\\nMP。\\r\\n一大队：\\r\\n无1。\\r\\n蓬莱大队：\\r\\n无PL。\\r\\n栖霞大队：\\r\\n无QX。\\r\\n三大队：\\r\\n无。\\r\\n二大队：\\r\\n无2。\\r\\n烟台港大队：\\r\\n无YTG。\\r\\n招远大队：\\r\\n无ZY。\\r\\n\",\"tabletype\":null,\"index\":0}],\"draft\":0}',2,'2017-11-18 17:34:57',NULL,'每日点名统计汇报');
/*!40000 ALTER TABLE `summarized` ENABLE KEYS */;
UNLOCK TABLES;

--
-- Table structure for table `unit`
--

DROP TABLE IF EXISTS `unit`;
/*!40101 SET @saved_cs_client     = @@character_set_client */;
/*!40101 SET character_set_client = utf8 */;
CREATE TABLE `unit` (
  `id` varchar(50) NOT NULL COMMENT '    public enum unittype\n    {\n        unknown,//未知\n all,//所有\n        one,//一大队\n        two,//二大队\n        three,//三大队\n        four,//四大队\n        fushan,//福山大队\n        muping,//牟平大队	10.231.53.176\n        haiyang,//海阳大队	10.50.191.8\nlaiyang,//莱阳大队	10.231.52.211\nqixia,//栖霞大队	10.231.52.99\npenglai,//蓬莱大队	10.231.61.70\nchangdao,//长岛大队	10.231.53.209\nlongkou,//龙口大队	10.231.50.222\nzhaoyuan,//招远大队	10.231.200.87\nlaizhou,//莱州大队	10.231.59.103\nkaifaqu,//开发区大队	10.231.54.14\nyantaigang,//烟台港大队	10.231.55.189\njichang,//机场大队	10.50.219.241\n    }',
  `ip` varchar(45) NOT NULL,
  `name` varchar(145) NOT NULL,
  `level` smallint(1) NOT NULL,
  PRIMARY KEY (`id`),
  UNIQUE KEY `id_UNIQUE` (`id`)
) ENGINE=InnoDB DEFAULT CHARSET=utf8 COMMENT='大队设置';
/*!40101 SET character_set_client = @saved_cs_client */;

--
-- Dumping data for table `unit`
--

LOCK TABLES `unit` WRITE;
/*!40000 ALTER TABLE `unit` DISABLE KEYS */;
INSERT INTO `unit` VALUES ('center','10.50.230.253','中心',0),('changdao','10.231.53.209','长岛大队',1),('four','10.50.233.77','四大队',1),('fushan','10.231.52.53','福山大队',1),('haiyang','10.50.191.8','海阳',1),('jichang','10.50.219.241','机场大队',1),('kaifaqu','10.231.54.14','开发区大队',1),('laiyang','10.231.52.211','莱阳大队',1),('laizhou','10.231.59.103','莱州大队',1),('longkou','10.231.50.222','龙口大队',1),('muping','10.231.53.176','牟平',1),('one','10.50.230.253','一大队',1),('penglai','10.231.61.70','蓬莱大队',1),('qixia','10.231.52.99','栖霞大队',1),('three','10.50.231.183','三大队',1),('two','10.50.231.67','二大队',1),('yantaigang','10.231.55.189','烟台港大队',1),('zhaoyuan','10.231.200.87','招远大队',1);
/*!40000 ALTER TABLE `unit` ENABLE KEYS */;
UNLOCK TABLES;

--
-- Table structure for table `user`
--

DROP TABLE IF EXISTS `user`;
/*!40101 SET @saved_cs_client     = @@character_set_client */;
/*!40101 SET character_set_client = utf8 */;
CREATE TABLE `user` (
  `id` varchar(50) NOT NULL,
  `name` varchar(45) DEFAULT NULL,
  `pass` varchar(45) NOT NULL,
  `unitid` varchar(50) NOT NULL,
  `token` varchar(45) DEFAULT NULL,
  `disabled` smallint(2) NOT NULL DEFAULT '0' COMMENT '0-enabled 1-disabled',
  `level` smallint(2) NOT NULL DEFAULT '1' COMMENT '1-one level 2-two level',
  `unitclass` smallint(2) NOT NULL COMMENT '0-直属大队，1-县市区大队',
  PRIMARY KEY (`id`),
  UNIQUE KEY `id_UNIQUE` (`id`),
  KEY `unitid_idx` (`unitid`),
  CONSTRAINT `unitid` FOREIGN KEY (`unitid`) REFERENCES `unit` (`id`) ON DELETE NO ACTION ON UPDATE NO ACTION
) ENGINE=InnoDB DEFAULT CHARSET=utf8 COMMENT='用户表';
/*!40101 SET character_set_client = @saved_cs_client */;

--
-- Dumping data for table `user`
--

LOCK TABLES `user` WRITE;
/*!40000 ALTER TABLE `user` DISABLE KEYS */;
INSERT INTO `user` VALUES ('a','','a','center','27dce9c9a93c44b49f27bad7d7a17935',0,1,0),('admin','admin','admin','center','432c1b467e444af990dcff4770c34653',0,1,0),('c','c','c','center','3fc9b7f4ae9c455683da22a416bada40',0,1,0),('cddd','','123456','changdao','048360e1dc7d4a4397d4e2bd12d130fe',0,2,1),('fsdd','福山大队','123456','fushan','63e944c5e01e4bfdb5cd2047e97babd5',0,2,1),('gwdd','','123456','yantaigang','340e5608ba3843a09cc4d7d6b415faf0',0,2,1),('hydd','','123456','haiyang','9a4161bc5804446a86f7e3a5d521ddce',0,2,1),('jcdd','','123456','jichang','d9d282fc86e9498ab06eedc660e1b118',0,2,1),('jj1dd','','123456','one','829c25efbdfd4909bae7286a41a8f217',0,2,0),('jj2dd','','123456','two','a7c95487a46141ffa6c79628c5315d82',0,2,0),('jj3dd','','123456','three','edf50be4535c4bf8b3ef8d9c9bb4ce73',0,2,0),('jj4dd','','123456','four','516ce6b142ba49f9a057ea2e137d8b87',0,2,0),('jjs4dd','','123456','four',NULL,1,2,0),('kfqdd','','123456','kaifaqu','d3b214cda3ca478dbca021cde0f177d9',0,2,1),('lkdd','','123456','longkou','10b08558895b465892bc0a73831d5fe6',0,2,1),('lydd','','123456','laiyang','fd6f1fc9edac469d8a9ccb12635659a0',0,2,1),('lzdd','','123456','laizhou',NULL,0,2,1),('mpdd','','123456','muping','b99d3ffd6b57406bbfebb0a0e44c2392',0,2,1),('n','','n','center','b7e4c3661ae14073a3f39ef5bcec6343',0,1,0),('pldd','','123456','penglai','d216058fc45e4659b28ebb2a3be55308',0,2,1),('qxdd','','123456','qixia','8c95c81bdcdd475daf2c840a1c0f6489',0,2,1),('test1','test1','test1','one','14e67e5b2b614ee899311e34795be51e',1,2,0),('test100','','123456','haiyang',NULL,0,2,1),('test101','','123456','laiyang','fd2353f1a02e4bb9bb4509c505a8b8be',0,2,1),('test102','','123456','two',NULL,0,2,0),('test2','test2','123456','fushan','26ac7dba907f48e7ac0e59e11942e8a4',0,2,1),('zydd','','123456','zhaoyuan','b9092b8ea5324ae0a9a55b1ed387658f',0,2,1),('牟平大队','mpdd','123456','muping','319fb84ca7494cd5af90d18d1db52a62',1,2,0);
/*!40000 ALTER TABLE `user` ENABLE KEYS */;
UNLOCK TABLES;

--
-- Table structure for table `userlog`
--

DROP TABLE IF EXISTS `userlog`;
/*!40101 SET @saved_cs_client     = @@character_set_client */;
/*!40101 SET character_set_client = utf8 */;
CREATE TABLE `userlog` (
  `ordinal` int(11) NOT NULL AUTO_INCREMENT,
  `time` datetime NOT NULL,
  `userid` varchar(50) NOT NULL,
  `content` varchar(450) DEFAULT NULL,
  `ip` varchar(45) DEFAULT NULL,
  PRIMARY KEY (`ordinal`),
  UNIQUE KEY `ordinal_UNIQUE` (`ordinal`),
  KEY `userid_idx` (`userid`),
  CONSTRAINT `userid` FOREIGN KEY (`userid`) REFERENCES `user` (`id`) ON DELETE NO ACTION ON UPDATE NO ACTION
) ENGINE=InnoDB AUTO_INCREMENT=505 DEFAULT CHARSET=utf8 COMMENT='使用日志';
/*!40101 SET character_set_client = @saved_cs_client */;

--
-- Dumping data for table `userlog`
--

LOCK TABLES `userlog` WRITE;
/*!40000 ALTER TABLE `userlog` DISABLE KEYS */;
INSERT INTO `userlog` VALUES (402,'2017-11-17 13:34:48','c','login','192.168.8.5'),(403,'2017-11-17 13:37:32','admin','login','192.168.8.14'),(404,'2017-11-17 13:45:52','admin','login','192.168.8.8'),(405,'2017-11-17 13:46:33','fsdd','login','192.168.8.14'),(406,'2017-11-17 13:51:28','牟平大队','login','192.168.8.14'),(407,'2017-11-17 13:54:46','admin','login','192.168.8.5'),(408,'2017-11-17 14:00:35','admin','login','192.168.8.8'),(409,'2017-11-17 14:16:38','admin','login','192.168.8.5'),(410,'2017-11-17 14:17:44','admin','login','192.168.8.8'),(411,'2017-11-17 14:39:19','admin','login','192.168.8.8'),(412,'2017-11-17 14:39:34','test1','login','192.168.8.8'),(413,'2017-11-17 14:42:10','admin','login','192.168.8.8'),(414,'2017-11-17 14:46:44','admin','login','192.168.8.5'),(415,'2017-11-17 14:47:11','c','login','192.168.8.14'),(416,'2017-11-17 14:56:58','admin','login','192.168.8.5'),(417,'2017-11-17 15:00:54','c','login','192.168.8.14'),(418,'2017-11-17 15:01:35','c','login','192.168.8.14'),(419,'2017-11-17 15:05:06','c','login','192.168.8.8'),(420,'2017-11-17 15:06:49','a','login','192.168.8.5'),(421,'2017-11-17 15:12:16','n','login','192.168.8.14'),(422,'2017-11-17 15:33:59','fsdd','login','192.168.8.14'),(423,'2017-11-17 15:34:12','mpdd','login','192.168.8.14'),(424,'2017-11-17 15:34:24','hydd','login','192.168.8.14'),(425,'2017-11-17 15:34:59','qxdd','login','192.168.8.14'),(426,'2017-11-17 15:35:09','lydd','login','192.168.8.14'),(427,'2017-11-17 15:35:42','cddd','login','192.168.8.14'),(428,'2017-11-17 15:35:52','pldd','login','192.168.8.14'),(429,'2017-11-17 15:36:01','lkdd','login','192.168.8.14'),(430,'2017-11-17 15:36:18','zydd','login','192.168.8.14'),(431,'2017-11-17 15:36:58','kfqdd','login','192.168.8.14'),(432,'2017-11-17 15:37:07','gwdd','login','192.168.8.14'),(433,'2017-11-17 15:37:17','jcdd','login','192.168.8.14'),(434,'2017-11-17 15:38:22','jcdd','login','192.168.8.14'),(435,'2017-11-17 15:39:31','jj1dd','login','192.168.8.14'),(436,'2017-11-17 15:39:42','jj2dd','login','192.168.8.14'),(437,'2017-11-17 15:39:52','jj3dd','login','192.168.8.14'),(438,'2017-11-17 15:40:47','jj4dd','login','192.168.8.14'),(439,'2017-11-17 15:45:45','c','login','192.168.8.8'),(440,'2017-11-17 15:46:18','hydd','login','192.168.8.14'),(441,'2017-11-17 15:46:27','hydd','login','192.168.8.14'),(442,'2017-11-17 17:05:30','c','login','192.168.8.14'),(443,'2017-11-17 17:05:54','c','login','192.168.8.14'),(444,'2017-11-17 17:11:16','a','login','192.168.8.5'),(445,'2017-11-17 17:20:15','admin','login','192.168.8.5'),(446,'2017-11-17 17:21:54','c','login','192.168.8.8'),(447,'2017-11-17 17:22:33','c','login','192.168.8.8'),(448,'2017-11-17 17:22:53','n','login','192.168.8.14'),(449,'2017-11-17 17:23:35','test101','login','192.168.8.8'),(450,'2017-11-17 17:30:32','zydd','login','192.168.8.5'),(451,'2017-11-17 17:47:02','c','login','192.168.8.8'),(452,'2017-11-18 08:17:48','n','login','192.168.8.14'),(453,'2017-11-18 08:29:00','fsdd','login','192.168.8.14'),(454,'2017-11-18 08:29:29','mpdd','login','192.168.8.14'),(455,'2017-11-18 08:29:47','hydd','login','192.168.8.14'),(456,'2017-11-18 08:30:04','lydd','login','192.168.8.14'),(457,'2017-11-18 08:30:14','qxdd','login','192.168.8.14'),(458,'2017-11-18 08:30:29','pldd','login','192.168.8.14'),(459,'2017-11-18 08:30:42','cddd','login','192.168.8.14'),(460,'2017-11-18 08:30:51','lkdd','login','192.168.8.14'),(461,'2017-11-18 08:31:01','zydd','login','192.168.8.14'),(462,'2017-11-18 08:31:22','kfqdd','login','192.168.8.14'),(463,'2017-11-18 08:31:32','gwdd','login','192.168.8.14'),(464,'2017-11-18 08:31:40','jcdd','login','192.168.8.14'),(465,'2017-11-18 08:31:56','jj1dd','login','192.168.8.14'),(466,'2017-11-18 08:32:04','jj2dd','login','192.168.8.14'),(467,'2017-11-18 08:32:13','jj3dd','login','192.168.8.14'),(468,'2017-11-18 08:32:25','jj4dd','login','192.168.8.14'),(469,'2017-11-18 08:32:46','n','login','192.168.8.14'),(470,'2017-11-18 08:57:03','jj3dd','login','192.168.8.5'),(471,'2017-11-18 08:57:24','c','login','192.168.8.5'),(472,'2017-11-18 08:57:56','jj3dd','login','192.168.8.5'),(473,'2017-11-18 09:07:26','test2','login','192.168.8.14'),(474,'2017-11-18 09:08:07','jj3dd','login','192.168.8.14'),(475,'2017-11-18 09:12:50','jj3dd','login','192.168.8.5'),(476,'2017-11-18 09:32:54','admin','login','192.168.8.5'),(477,'2017-11-18 09:59:40','c','login','192.168.8.5'),(478,'2017-11-18 10:25:21','n','login','192.168.8.14'),(479,'2017-11-18 10:28:17','n','login','192.168.8.14'),(480,'2017-11-18 10:33:10','fsdd','login','192.168.8.14'),(481,'2017-11-18 10:36:06','n','login','192.168.8.14'),(482,'2017-11-18 10:50:10','a','login','192.168.8.5'),(483,'2017-11-18 10:54:05','qxdd','login','192.168.8.5'),(484,'2017-11-18 10:54:16','n','login','192.168.8.14'),(485,'2017-11-18 11:00:41','zydd','login','192.168.8.5'),(486,'2017-11-18 12:15:18','c','login','192.168.8.5'),(487,'2017-11-18 13:23:11','admin','login','192.168.8.5'),(488,'2017-11-18 13:24:40','qxdd','login','192.168.8.14'),(489,'2017-11-18 13:30:35','zydd','login','192.168.8.14'),(490,'2017-11-18 13:34:39','jj3dd','login','192.168.8.14'),(491,'2017-11-18 13:45:03','c','login','192.168.8.14'),(492,'2017-11-18 13:45:37','n','login','192.168.8.14'),(493,'2017-11-18 14:00:07','zydd','login','192.168.8.5'),(494,'2017-11-18 14:45:43','a','login','192.168.8.5'),(495,'2017-11-18 14:45:59','n','login','192.168.8.14'),(496,'2017-11-18 14:48:56','c','login','192.168.8.5'),(497,'2017-11-18 14:51:40','admin','login','192.168.8.5'),(498,'2017-11-18 14:56:59','admin','login','192.168.8.5'),(499,'2017-11-18 15:22:33','admin','login','192.168.8.5'),(500,'2017-11-18 15:22:51','n','login','192.168.8.14'),(501,'2017-11-18 15:24:23','c','login','192.168.8.14'),(502,'2017-11-18 15:25:02','c','login','192.168.8.5'),(503,'2017-11-18 15:25:18','n','login','192.168.8.14'),(504,'2017-11-18 16:08:23','admin','login','192.168.8.5');
/*!40000 ALTER TABLE `userlog` ENABLE KEYS */;
UNLOCK TABLES;

--
-- Table structure for table `weeksummarized`
--

DROP TABLE IF EXISTS `weeksummarized`;
/*!40101 SET @saved_cs_client     = @@character_set_client */;
/*!40101 SET character_set_client = utf8 */;
CREATE TABLE `weeksummarized` (
  `startdate` varchar(10) NOT NULL,
  `content` varchar(21000) NOT NULL,
  `draft` smallint(2) NOT NULL COMMENT '1-草稿，0-提交，2-拒绝，3-同意',
  `time` datetime NOT NULL,
  `comment` varchar(450) DEFAULT NULL,
  `enddate` varchar(10) NOT NULL,
  `reportname` varchar(100) NOT NULL,
  PRIMARY KEY (`startdate`,`enddate`,`reportname`)
) ENGINE=InnoDB DEFAULT CHARSET=utf8 COMMENT='时间段汇总数据';
/*!40101 SET character_set_client = @saved_cs_client */;

--
-- Dumping data for table `weeksummarized`
--

LOCK TABLES `weeksummarized` WRITE;
/*!40000 ALTER TABLE `weeksummarized` DISABLE KEYS */;
/*!40000 ALTER TABLE `weeksummarized` ENABLE KEYS */;
UNLOCK TABLES;

--
-- Dumping events for database 'tp'
--

--
-- Dumping routines for database 'tp'
--
/*!40103 SET TIME_ZONE=@OLD_TIME_ZONE */;

/*!40101 SET SQL_MODE=@OLD_SQL_MODE */;
/*!40014 SET FOREIGN_KEY_CHECKS=@OLD_FOREIGN_KEY_CHECKS */;
/*!40014 SET UNIQUE_CHECKS=@OLD_UNIQUE_CHECKS */;
/*!40101 SET CHARACTER_SET_CLIENT=@OLD_CHARACTER_SET_CLIENT */;
/*!40101 SET CHARACTER_SET_RESULTS=@OLD_CHARACTER_SET_RESULTS */;
/*!40101 SET COLLATION_CONNECTION=@OLD_COLLATION_CONNECTION */;
/*!40111 SET SQL_NOTES=@OLD_SQL_NOTES */;

-- Dump completed on 2017-11-20  8:07:34
